-- phpMyAdmin SQL Dump
-- version 5.0.4
-- https://www.phpmyadmin.net/
--
-- Host: 127.0.0.1
-- Generation Time: Feb 10, 2022 at 08:45 AM
-- Server version: 10.4.17-MariaDB
-- PHP Version: 8.0.0

SET SQL_MODE = "NO_AUTO_VALUE_ON_ZERO";
START TRANSACTION;
SET time_zone = "+00:00";


/*!40101 SET @OLD_CHARACTER_SET_CLIENT=@@CHARACTER_SET_CLIENT */;
/*!40101 SET @OLD_CHARACTER_SET_RESULTS=@@CHARACTER_SET_RESULTS */;
/*!40101 SET @OLD_COLLATION_CONNECTION=@@COLLATION_CONNECTION */;
/*!40101 SET NAMES utf8mb4 */;

--
-- Database: `beiskolazas`
--
CREATE DATABASE IF NOT EXISTS `beiskolazas` DEFAULT CHARACTER SET utf8mb4 COLLATE utf8mb4_hungarian_ci;
USE `beiskolazas`;

-- --------------------------------------------------------

--
-- Table structure for table `diakok`
--

CREATE TABLE `diakok` (
  `oktazon` char(7) COLLATE utf8mb4_hungarian_ci NOT NULL,
  `nev` varchar(18) COLLATE utf8mb4_hungarian_ci NOT NULL,
  `hozott` int(11) NOT NULL,
  `kpmagy` int(11) NOT NULL,
  `kpmat` int(11) NOT NULL
) ENGINE=InnoDB DEFAULT CHARSET=utf8mb4 COLLATE=utf8mb4_hungarian_ci;

--
-- Dumping data for table `diakok`
--

INSERT INTO `diakok` (`oktazon`, `nev`, `hozott`, `kpmagy`, `kpmat`) VALUES
('0011203', 'László Martin', 43, 46, 23),
('0011326', 'Hegedűs Máté', 47, 36, 36),
('0012327', 'Szilágyi Lóránt', 28, 28, 41),
('0015599', 'Vincze Milán', 32, 37, 49),
('0016485', 'Barna Roland', 21, 26, 27),
('0019015', 'Major Marcell', 29, 30, 21),
('0019219', 'Máté Olga', 48, 35, 39),
('0021170', 'Végh Zsombor', 21, 21, 23),
('0023860', 'Balogh Marcell', 46, 50, 43),
('0023886', 'Kocsis Marcell', 41, 30, 28),
('0024536', 'Dudás Renáta', 30, 24, 42),
('0025096', 'Szilágyi Zsuzsanna', 50, 48, 41),
('0025542', 'Hegedüs Mária', 45, 50, 50),
('0026828', 'Bodnár Petra', 21, 26, 25),
('0028601', 'Fodor Richárd', 33, 38, 46),
('0028751', 'Hegedűs Zita', 44, 32, 26),
('0030866', 'Halász Martin', 42, 20, 39),
('0031508', 'Molnár Szilvia', 24, 45, 49),
('0033774', 'Pásztor Szilvia', 48, 45, 23),
('0035612', 'Szekeres Milán', 43, 50, 47),
('0036865', 'Bodnár Réka', 38, 43, 49),
('0040909', 'Gulyás Piroska', 23, 47, 40),
('0045977', 'Veres Rozália', 22, 49, 38),
('0046851', 'Tamás Renáta', 31, 50, 47),
('0047316', 'Lakatos Tibor', 43, 26, 36),
('0047550', 'Varga Nikoletta', 22, 21, 33),
('0049448', 'Farkas Szilvia', 40, 46, 25),
('0049905', 'Gulyás Richárd', 33, 30, 39),
('0056772', 'Fehér Viktória', 40, 37, 28),
('0057469', 'Péter Melinda', 36, 39, 49),
('0059332', 'Mészáros Renáta', 48, 23, 39),
('0059675', 'Dobos Zita', 43, 37, 48),
('0060500', 'Magyar Klaudia', 30, 45, 42),
('0063381', 'Péter Marcell', 42, 25, 20),
('0063489', 'Végh Lajos', 37, 29, 25),
('0066907', 'Novák Martin', 44, 20, 34),
('0067045', 'Antal Vilmos', 35, 33, 20),
('0067079', 'Szekeres Petra', 30, 33, 44),
('0070979', 'Bogdán Tímea', 40, 39, 31),
('0071490', 'Kiss Szilvia', 34, 46, 45),
('0071503', 'Kelemen Viktória', 50, 37, 40),
('0073428', 'Király Réka', 31, 21, 41),
('0074157', 'Budai Lóránt', 24, 49, 42),
('0076504', 'Oláh Olga', 41, 44, 46),
('0079427', 'Faragó Patrik', 44, 50, 41),
('0079894', 'Kelemen Zsófia', 29, 43, 42),
('0080650', 'Simon Martin', 30, 31, 22),
('0084186', 'Simon Tünde', 36, 41, 36),
('0086216', 'Varga Marcell', 42, 36, 46),
('0087537', 'Balogh Rita', 23, 38, 36),
('0088055', 'Major Szabolcs', 41, 31, 22),
('0088667', 'Mészáros Olga', 48, 33, 47),
('0089459', 'Magyar Lóránt', 46, 35, 45),
('0090581', 'Major Veronika', 36, 47, 40),
('0091022', 'Veres Zsolt', 26, 37, 31),
('0091358', 'Pál Márta', 44, 31, 36),
('0092927', 'Szőke Kornél', 38, 23, 23),
('0096784', 'Antal Olga', 25, 30, 26),
('0098949', 'Németh Roland', 29, 21, 27),
('0099717', 'Takács Márk', 41, 36, 22),
('0113258', 'Nemes Martin', 36, 49, 42),
('0113846', 'Vincze Márta', 33, 47, 27),
('0114244', 'Pál Mariann', 24, 36, 36),
('0114669', 'Balog Klaudia', 35, 31, 33),
('0115165', 'Borbély Marcell', 36, 22, 27),
('0116670', 'Király Szabolcs', 48, 45, 28),
('0116737', 'Orsós Szabolcs', 47, 38, 46),
('0119389', 'Bognár Richárd', 37, 25, 23),
('0119881', 'Pataki Renáta', 29, 20, 47),
('0120331', 'Varga Mariann', 32, 46, 41),
('0120507', 'Szücs Tibor', 45, 34, 22),
('0124383', 'Vass Róza', 20, 28, 43),
('0126259', 'Katona Virág', 23, 34, 41),
('0127285', 'Puskás Róbert', 37, 27, 47),
('0129533', 'Tóth Mátyás', 29, 27, 37),
('0129812', 'Pap Szilvia', 42, 35, 47),
('0130591', 'Varga Klaudia', 40, 43, 42),
('0131780', 'Bodnár Krisztián', 50, 50, 50),
('0131902', 'Soós Szabolcs', 23, 25, 49),
('0132632', 'Máté Zoltán', 44, 42, 50),
('0135441', 'Gulyás Szilvia', 50, 36, 47),
('0135727', 'Orbán Terézia', 35, 30, 21),
('0138019', 'Nemes Martin', 34, 25, 44),
('0138366', 'Váradi Rudolf', 46, 46, 37),
('0140561', 'Somogyi Lilla', 23, 36, 45),
('0143269', 'Fehér Renátó', 30, 25, 40),
('0143302', 'Nagy Vince', 26, 43, 41),
('0144056', 'Gál Virág', 33, 44, 36),
('0145414', 'Pataki Mariann', 41, 47, 31),
('0145648', 'Fodor Roland', 25, 25, 47),
('0147998', 'Király Lili', 38, 49, 38),
('0148546', 'Kerekes Richárd', 50, 36, 41),
('0149833', 'Török Réka', 30, 24, 43),
('0152534', 'Bakos Tivadar', 26, 25, 30),
('0153454', 'Puskás Lili', 33, 33, 44),
('0153669', 'Faragó Renátó', 44, 35, 21),
('0156357', 'Magyar Szabolcs', 43, 50, 39),
('0157270', 'Horváth Renáta', 20, 30, 45),
('0161683', 'Fodor Nándor', 36, 45, 24),
('0164480', 'Szabó Zoltán', 30, 35, 29),
('0165697', 'Soós Mihály', 37, 39, 35),
('0168802', 'Illés Marcell', 21, 37, 27),
('0169255', 'Oláh Lilla', 42, 34, 33),
('0170641', 'Major Richárd', 35, 41, 42),
('0174035', 'Varga Péter', 50, 26, 23),
('0175697', 'Csonka Róza', 32, 26, 31),
('0178087', 'Sándor Mónika', 32, 27, 25),
('0178734', 'Somogyi Terézia', 43, 24, 30),
('0179661', 'Orosz Zalán', 24, 46, 32),
('0180586', 'Jónás Sándor', 21, 49, 35),
('0189147', 'Orosz Szabolcs', 44, 28, 27),
('0190428', 'Horváth Richárd', 32, 36, 48),
('0190464', 'Sipos Pál', 28, 34, 41),
('0191394', 'Faragó Zsigmond', 41, 49, 33),
('0191551', 'Fazekas Olga', 50, 32, 27),
('0192754', 'Nagy Renáta', 20, 42, 29),
('0193738', 'Horváth Pál', 48, 28, 49),
('0194861', 'Balázs Zsigmond', 27, 43, 42),
('0197229', 'Szilágyi Richárd', 40, 50, 50),
('0197789', 'Antal Olivér', 41, 43, 20);

-- --------------------------------------------------------

--
-- Table structure for table `jelentkezesek`
--

CREATE TABLE `jelentkezesek` (
  `diak` char(7) COLLATE utf8mb4_hungarian_ci NOT NULL,
  `tag` int(11) NOT NULL,
  `hely` int(11) NOT NULL
) ENGINE=InnoDB DEFAULT CHARSET=utf8mb4 COLLATE=utf8mb4_hungarian_ci;

--
-- Dumping data for table `jelentkezesek`
--

INSERT INTO `jelentkezesek` (`diak`, `tag`, `hely`) VALUES
('0011203', 2, 2),
('0011326', 3, 3),
('0012327', 1, 2),
('0015599', 3, 2),
('0016485', 4, 2),
('0019015', 4, 2),
('0019219', 4, 2),
('0021170', 2, 2),
('0023860', 1, 2),
('0023886', 2, 1),
('0024536', 2, 3),
('0025096', 1, 1),
('0025542', 4, 1),
('0026828', 4, 3),
('0028601', 1, 1),
('0028751', 2, 2),
('0030866', 3, 1),
('0031508', 2, 2),
('0033774', 2, 2),
('0035612', 2, 2),
('0036865', 3, 1),
('0040909', 2, 3),
('0045977', 4, 1),
('0046851', 4, 2),
('0047316', 1, 2),
('0047550', 3, 3),
('0049448', 3, 3),
('0049905', 4, 2),
('0056772', 4, 3),
('0057469', 1, 2),
('0059332', 1, 1),
('0059675', 1, 1),
('0060500', 3, 2),
('0063381', 3, 1),
('0063489', 3, 2),
('0066907', 1, 2),
('0067045', 2, 1),
('0067079', 3, 3),
('0070979', 4, 3),
('0071490', 4, 1),
('0071503', 3, 2),
('0073428', 4, 1),
('0074157', 4, 3),
('0076504', 1, 3),
('0079427', 2, 2),
('0079894', 4, 1),
('0080650', 1, 2),
('0084186', 2, 1),
('0086216', 3, 2),
('0087537', 3, 3),
('0088055', 4, 1),
('0088667', 2, 1),
('0089459', 2, 1),
('0090581', 1, 1),
('0091022', 3, 1),
('0091358', 2, 3),
('0092927', 1, 2),
('0096784', 3, 3),
('0098949', 3, 1),
('0099717', 4, 2),
('0113258', 4, 2),
('0113846', 3, 1),
('0114244', 3, 1),
('0114669', 2, 1),
('0115165', 2, 1),
('0116670', 1, 1),
('0116737', 1, 2),
('0119389', 1, 1),
('0119881', 3, 2),
('0120331', 2, 2),
('0120507', 2, 2),
('0124383', 2, 3),
('0126259', 1, 1),
('0127285', 2, 2),
('0129533', 2, 1),
('0129812', 3, 1),
('0130591', 4, 3),
('0131780', 4, 1),
('0131902', 4, 3),
('0132632', 3, 1),
('0135441', 1, 3),
('0135727', 4, 1),
('0138019', 4, 1),
('0138366', 3, 1),
('0140561', 4, 2),
('0143269', 3, 2),
('0143302', 3, 1),
('0144056', 4, 2),
('0145414', 1, 3),
('0145648', 1, 2),
('0147998', 1, 2),
('0148546', 4, 3),
('0149833', 1, 1),
('0152534', 3, 1),
('0153454', 2, 1),
('0153669', 4, 1),
('0156357', 3, 3),
('0157270', 1, 3),
('0161683', 4, 1),
('0164480', 4, 2),
('0165697', 4, 3),
('0168802', 1, 2),
('0169255', 3, 2),
('0170641', 2, 2),
('0174035', 1, 3),
('0175697', 1, 3),
('0178087', 1, 1),
('0178734', 1, 2),
('0179661', 3, 1),
('0180586', 2, 2),
('0189147', 2, 3),
('0190428', 2, 1),
('0190464', 3, 1),
('0191394', 1, 1),
('0191551', 2, 2),
('0192754', 2, 1),
('0193738', 4, 3),
('0194861', 2, 3),
('0197229', 3, 1),
('0197789', 1, 1);

-- --------------------------------------------------------

--
-- Table structure for table `tagozatok`
--

CREATE TABLE `tagozatok` (
  `akod` int(11) NOT NULL,
  `agazat` varchar(11) COLLATE utf8mb4_hungarian_ci NOT NULL,
  `nyek` bit(1) NOT NULL
) ENGINE=InnoDB DEFAULT CHARSET=utf8mb4 COLLATE=utf8mb4_hungarian_ci;

--
-- Dumping data for table `tagozatok`
--

INSERT INTO `tagozatok` (`akod`, `agazat`, `nyek`) VALUES
(1, 'elektronika', b'1'),
(2, 'elektronika', b'0'),
(3, 'informatika', b'1'),
(4, 'informatika', b'0');

--
-- Indexes for dumped tables
--

--
-- Indexes for table `diakok`
--
ALTER TABLE `diakok`
  ADD PRIMARY KEY (`oktazon`);

--
-- Indexes for table `jelentkezesek`
--
ALTER TABLE `jelentkezesek`
  ADD PRIMARY KEY (`diak`,`tag`),
  ADD KEY `tag` (`tag`);

--
-- Indexes for table `tagozatok`
--
ALTER TABLE `tagozatok`
  ADD PRIMARY KEY (`akod`);

--
-- Constraints for dumped tables
--

--
-- Constraints for table `jelentkezesek`
--
ALTER TABLE `jelentkezesek`
  ADD CONSTRAINT `jelentkezesek_ibfk_1` FOREIGN KEY (`tag`) REFERENCES `tagozatok` (`akod`) ON DELETE CASCADE ON UPDATE CASCADE,
  ADD CONSTRAINT `jelentkezesek_ibfk_2` FOREIGN KEY (`diak`) REFERENCES `diakok` (`oktazon`) ON DELETE CASCADE ON UPDATE CASCADE;
--
-- Database: `blogdb`
--
CREATE DATABASE IF NOT EXISTS `blogdb` DEFAULT CHARACTER SET utf8mb4 COLLATE utf8mb4_general_ci;
USE `blogdb`;

-- --------------------------------------------------------

--
-- Table structure for table `blog`
--

CREATE TABLE `blog` (
  `id` int(11) NOT NULL,
  `title` varchar(50) NOT NULL,
  `content` varchar(255) DEFAULT NULL
) ENGINE=InnoDB DEFAULT CHARSET=utf8mb4;

--
-- Dumping data for table `blog`
--

INSERT INTO `blog` (`id`, `title`, `content`) VALUES
(1, '1. nap', 'Ez az első napi bejegyzés szövegge.');

--
-- Indexes for dumped tables
--

--
-- Indexes for table `blog`
--
ALTER TABLE `blog`
  ADD PRIMARY KEY (`id`);

--
-- AUTO_INCREMENT for dumped tables
--

--
-- AUTO_INCREMENT for table `blog`
--
ALTER TABLE `blog`
  MODIFY `id` int(11) NOT NULL AUTO_INCREMENT, AUTO_INCREMENT=24;
--
-- Database: `dolgozok`
--
CREATE DATABASE IF NOT EXISTS `dolgozok` DEFAULT CHARACTER SET utf8mb4 COLLATE utf8mb4_hungarian_ci;
USE `dolgozok`;

-- --------------------------------------------------------

--
-- Table structure for table `adatok`
--

CREATE TABLE `adatok` (
  `id` int(4) NOT NULL,
  `nev` varchar(50) COLLATE utf8mb4_hungarian_ci DEFAULT NULL,
  `szulido` date DEFAULT NULL,
  `fizetes` int(7) DEFAULT NULL
) ENGINE=InnoDB DEFAULT CHARSET=utf8mb4 COLLATE=utf8mb4_hungarian_ci;

--
-- Dumping data for table `adatok`
--

INSERT INTO `adatok` (`id`, `nev`, `szulido`, `fizetes`) VALUES
(14, 'Kiss János', '1965-01-01', 195000),
(15, 'Nagy Béla', '1975-02-02', 249600),
(16, 'Magyar Géza', '1985-03-03', 390000),
(17, 'Németh Lajos', '1995-04-04', 310440),
(18, 'Kiss János', '1965-01-01', 162500),
(19, 'Nagy Béla', '1975-02-02', 208000),
(20, 'Magyar Géza', '1985-03-03', 325000),
(21, 'Németh Lajos', '1995-04-04', 258700),
(22, 'Teszt Telő', '1234-01-23', 123456);

--
-- Indexes for dumped tables
--

--
-- Indexes for table `adatok`
--
ALTER TABLE `adatok`
  ADD PRIMARY KEY (`id`);

--
-- AUTO_INCREMENT for dumped tables
--

--
-- AUTO_INCREMENT for table `adatok`
--
ALTER TABLE `adatok`
  MODIFY `id` int(4) NOT NULL AUTO_INCREMENT, AUTO_INCREMENT=23;
--
-- Database: `euroskills`
--
CREATE DATABASE IF NOT EXISTS `euroskills` DEFAULT CHARACTER SET utf8mb4 COLLATE utf8mb4_hungarian_ci;
USE `euroskills`;

-- --------------------------------------------------------

--
-- Table structure for table `orszag`
--

CREATE TABLE `orszag` (
  `id` varchar(2) COLLATE utf8mb4_hungarian_ci NOT NULL,
  `orszagNev` varchar(31) COLLATE utf8mb4_hungarian_ci NOT NULL
) ENGINE=InnoDB DEFAULT CHARSET=utf8mb4 COLLATE=utf8mb4_hungarian_ci;

--
-- Dumping data for table `orszag`
--

INSERT INTO `orszag` (`id`, `orszagNev`) VALUES
('AT', 'Ausztria'),
('BA', 'Bosznia-Hercegovina'),
('BE', 'Belgium'),
('BG', 'Bulgária'),
('BY', 'Fehéroroszország'),
('CH', 'Svájc'),
('CY', 'Ciprus'),
('CZ', 'Csehország'),
('DE', 'Németország'),
('DK', 'Dánia'),
('EE', 'Észtország'),
('ES', 'Spanyolország'),
('FI', 'Finnország'),
('FR', 'Franciaország'),
('GB', 'Egyesült Királyság'),
('GR', 'Görögország'),
('HR', 'Horvátország'),
('HU', 'Magyarország'),
('IE', 'Írország'),
('IS', 'Izland'),
('IT', 'Olaszország'),
('KZ', 'Kazahsztán'),
('LI', 'Liechtenstein'),
('LT', 'Litvánia'),
('LU', 'Luxemburg'),
('LV', 'Lettország'),
('MC', 'Monaco'),
('ME', 'Montenegró'),
('MT', 'Málta'),
('NL', 'Hollandia'),
('NO', 'Norvégia'),
('NR', 'Németország'),
('PH', 'Fülöp-szigetek'),
('PL', 'Lengyelország'),
('PT', 'Portugália'),
('RO', 'Románia'),
('RS', 'Szerbia'),
('RU', 'Oroszország'),
('SE', 'Svédország'),
('SI', 'Szlovénia'),
('SK', 'Szlovákia'),
('TR', 'Törökország'),
('UA', 'Ukrajna');

-- --------------------------------------------------------

--
-- Table structure for table `szakma`
--

CREATE TABLE `szakma` (
  `id` varchar(2) COLLATE utf8mb4_hungarian_ci NOT NULL,
  `szakmaNev` varchar(31) COLLATE utf8mb4_hungarian_ci NOT NULL
) ENGINE=InnoDB DEFAULT CHARSET=utf8mb4 COLLATE=utf8mb4_hungarian_ci;

--
-- Dumping data for table `szakma`
--

INSERT INTO `szakma` (`id`, `szakmaNev`) VALUES
('04', 'Mechatronika '),
('05', 'Gépészeti tervező - CAD'),
('07', 'CNC maró'),
('08', 'Kőfaragó'),
('10', 'Hegesztő'),
('12', 'Hidegburkoló'),
('15', 'Víz-, gáz- és fűtésszerelő '),
('16', 'Elektronikai műszerész'),
('17', 'Webfejlesztő '),
('18', 'Villanyszerelő'),
('19', 'Elektronikai technikus'),
('20', 'Kőműves'),
('21', 'Szárazépítő'),
('22', 'Festő, díszítőfestő'),
('23', 'Mobil robotika'),
('24', 'Bútorasztalos'),
('25', 'Épületasztalos'),
('28', 'Virágkötő'),
('29', 'Fodrász '),
('30', 'Szépségápoló'),
('31', 'Ruhaipari technikus'),
('33', 'Autószerelő'),
('34', 'Szakács'),
('35', 'Pincér'),
('38', 'Hűtő- és légtechnikai szerelő'),
('39', 'Informatikai rendszerüzemeltető'),
('40', 'Grafikus'),
('41', 'Ápolás és gondozás'),
('44', 'Dekoratőr, kirakattervező'),
('49', 'Bádogos'),
('50', 'Melegburkoló'),
('51', 'Kertépítő'),
('53', 'Nehézgépszerelő'),
('54', 'Tehergépjármű szerelő'),
('57', 'Szállodai recepciós'),
('D1', 'Pék'),
('D3', 'Betonszerkezet építő');

-- --------------------------------------------------------

--
-- Table structure for table `versenyzo`
--

CREATE TABLE `versenyzo` (
  `id` int(11) NOT NULL,
  `nev` varchar(31) COLLATE utf8mb4_hungarian_ci NOT NULL,
  `szakmaId` varchar(2) COLLATE utf8mb4_hungarian_ci NOT NULL,
  `orszagId` varchar(2) COLLATE utf8mb4_hungarian_ci NOT NULL,
  `pont` int(11) NOT NULL
) ENGINE=InnoDB DEFAULT CHARSET=utf8mb4 COLLATE=utf8mb4_hungarian_ci;

--
-- Dumping data for table `versenyzo`
--

INSERT INTO `versenyzo` (`id`, `nev`, `szakmaId`, `orszagId`, `pont`) VALUES
(1, 'Aleksandr Arapov', '04', 'RU', 722),
(2, 'Aleksey Klimkov', '04', 'KZ', 614),
(3, 'Benedikt Gabat', '04', 'AT', 680),
(4, 'Danny Slater', '04', 'GB', 711),
(5, 'Diego Orellana', '04', 'ES', 639),
(6, 'Emanuel Näslund', '04', 'SE', 698),
(7, 'Espen Brandtzæg Godo', '04', 'NO', 708),
(8, 'Jack Dakin', '04', 'GB', 711),
(9, 'Jasper van Kol', '04', 'NL', 707),
(10, 'Jure Kmetic', '04', 'SI', 680),
(11, 'Jure Korbar', '04', 'SI', 680),
(12, 'Kristóf Balázs Sipos', '04', 'HU', 725),
(13, 'Maksim Aksenov', '04', 'RU', 722),
(14, 'Mateusz Dabrowski', '04', 'PL', 632),
(15, 'Maximilian Schindlbauer', '04', 'AT', 680),
(16, 'Miroslav Visnevskij', '04', 'LT', 629),
(17, 'Niklas Ekelöw', '04', 'SE', 698),
(18, 'Pedro Simoes', '04', 'PT', 702),
(19, 'Philipp Seitz', '04', 'NR', 703),
(20, 'Przemyslaw Krasnodebski', '04', 'PL', 632),
(21, 'Rick Jooren', '04', 'NL', 707),
(22, 'Sergio Calvo', '04', 'ES', 639),
(23, 'Sonia Caetano', '04', 'PT', 702),
(24, 'Thomas Kausler', '04', 'NR', 703),
(25, 'Vilgelm Limanskiy', '04', 'KZ', 614),
(26, 'Vinjar Vederhus', '04', 'NO', 708),
(27, 'Vitas Kapustinskis', '04', 'LT', 629),
(28, 'Zoltán Takács', '04', 'HU', 725),
(29, 'Adrien Mary', '05', 'FR', 735),
(30, 'Albert Mineev', '05', 'RU', 738),
(31, 'Francisco Oliveira', '05', 'PT', 713),
(32, 'Ike Vermeulen', '05', 'NL', 695),
(33, 'Iker Borde', '05', 'ES', 673),
(34, 'Lucas Scholzen', '05', 'BE', 700),
(35, 'Ross Megahy', '05', 'GB', 717),
(36, 'Theo Zemack', '05', 'SE', 680),
(37, 'Yerkebulan Sultangaliyev', '05', 'KZ', 648),
(38, 'Alexandre Clarens', '07', 'FR', 714),
(39, 'Andreas Hauser', '07', 'AT', 721),
(40, 'Anton Ala-Englund', '07', 'SE', 701),
(41, 'Elliott Dawson', '07', 'GB', 699),
(42, 'Geoffrey Vandenhove', '07', 'BE', 671),
(43, 'Mikhail Vorontcov', '07', 'RU', 734),
(44, 'Norbert Varga', '07', 'HU', 660),
(45, 'Raúl Fernandez', '07', 'ES', 669),
(46, 'Robert Liebeskind', '07', 'NR', 715),
(47, 'Rui Carvalho', '07', 'PT', 718),
(48, 'Stefan Duric', '07', 'HR', 657),
(49, 'Teun Olthuis', '07', 'NL', 680),
(50, 'Aaron Weisser', '08', 'NR', 587),
(51, 'Dominik Gabelica', '08', 'HR', 642),
(52, 'Ilmari Manner', '08', 'FI', 484),
(53, 'Krisztián Balogh', '08', 'HU', 708),
(54, 'Michael Egli', '08', 'CH', 720),
(55, 'Quentin Wollenschneider', '08', 'FR', 704),
(56, 'Robert Moser', '08', 'AT', 717),
(57, 'Tilen Meglic', '08', 'SI', 700),
(58, 'Timofei Darmograi', '08', 'RU', 610),
(59, 'Andre Pedrosa', '10', 'PT', 696),
(60, 'Axel Gustafsson', '10', 'SE', 697),
(61, 'Brenda Vermeiren', '10', 'BE', 716),
(62, 'Dániel Zaja', '10', 'HU', 720),
(63, 'Demetris Koumparou', '10', 'CY', 649),
(64, 'Dylan Alexandre', '10', 'FR', 707),
(65, 'Fernando Gonzalez', '10', 'ES', 673),
(66, 'Finnur Ingi Harrysson', '10', 'IS', 663),
(67, 'Hugo Rijsman', '10', 'NL', 717),
(68, 'Jon Aarne Hjelmstadbakk', '10', 'NO', 723),
(69, 'Kasparas Martinkenas', '10', 'LT', 640),
(70, 'Madi Omar', '10', 'KZ', 639),
(71, 'Miika Viitala', '10', 'FI', 694),
(72, 'Scott Kerr', '10', 'GB', 703),
(73, 'Thomas Käferböck', '10', 'AT', 716),
(74, 'Vladimir Baboshkin', '10', 'RU', 739),
(75, 'Agnes Grandin', '12', 'SE', 692),
(76, 'Cedrik Knöpfle', '12', 'NR', 724),
(77, 'Daniil Shmydov', '12', 'RU', 720),
(78, 'Danijs Slugovics', '12', 'LV', 655),
(79, 'Joost Podekrat', '12', 'EE', 691),
(80, 'Julien Martinet', '12', 'FR', 735),
(81, 'Marco Erhart', '12', 'AT', 721),
(82, 'Mark Scott', '12', 'GB', 697),
(83, 'Maxime Dengis', '12', 'BE', 703),
(84, 'Sabyrzhan Duisenbekov', '12', 'KZ', 638),
(85, 'Samuel Birk Axelsen', '12', 'DK', 728),
(86, 'Toon Hesius', '12', 'NL', 684),
(87, 'Ádám Miklós', '15', 'HU', 669),
(88, 'Aibek Minuarbek', '15', 'KZ', 515),
(89, 'Florian Schwarzenauer', '15', 'AT', 720),
(90, 'Joe Schreiber', '15', 'LU', 650),
(91, 'Joris Vernadet', '15', 'FR', 710),
(92, 'Julian van Lohuizen', '15', 'NL', 702),
(93, 'Matthew Barton', '15', 'GB', 700),
(94, 'Nikola Mikus', '15', 'HR', 525),
(95, 'Paul-Florian Schärschmidt', '15', 'NR', 716),
(96, 'Samuel Torres', '15', 'ES', 648),
(97, 'Vadim Popov', '15', 'RU', 703),
(98, 'Asbjorn Edvaldsson', '16', 'IS', 710),
(99, 'Christof Hinterleitner', '16', 'AT', 666),
(100, 'Dmitriy Vinokurov', '16', 'KZ', 554),
(101, 'Evgenii Pliusnin', '16', 'RU', 698),
(102, 'Joonatan Kivelä', '16', 'FI', 702),
(103, 'Miroslav Chalko', '16', 'SK', 730),
(104, 'Abusufean Ali', '17', 'AT', 680),
(105, 'Ákos Balogh', '17', 'HU', 723),
(106, 'Alexandr Davydov', '17', 'KZ', 682),
(107, 'David Sohl', '17', 'SE', 698),
(108, 'Edgaras Pangonis', '17', 'LT', 629),
(109, 'Gilles Granger', '17', 'FR', 720),
(110, 'Gustavs Racenajs', '17', 'LV', 717),
(111, 'Ivan Dumancic', '17', 'HR', 679),
(112, 'Joel Koch', '17', 'FI', 716),
(113, 'Konstantin Larin', '17', 'RU', 741),
(114, 'Lewis Newton', '17', 'GB', 669),
(115, 'Martina Pitakova', '17', 'SK', 712),
(116, 'Mike Beskers', '17', 'NL', 703),
(117, 'Noah Nöthling', '17', 'NR', 347),
(118, 'Robert Lara', '17', 'ES', 702),
(119, 'Thomas Claude', '17', 'BE', 650),
(120, 'Aleksejs Tarasovs', '18', 'LV', 695),
(121, 'Alexandr Kondratyev', '18', 'KZ', 656),
(122, 'Daniel Gerber', '18', 'CH', 796),
(123, 'Diana Reuter', '18', 'NR', 768),
(124, 'Egor Svalov', '18', 'RU', 729),
(125, 'Emmy Åberg', '18', 'SE', 658),
(126, 'Florian Evrard', '18', 'BE', 714),
(127, 'Jasper Olthuis', '18', 'NL', 719),
(128, 'Jon Thor Einarsson', '18', 'IS', 700),
(129, 'Péter Leidl', '18', 'HU', 748),
(130, 'Ricardo Silva', '18', 'PT', 680),
(131, 'Sakari Luukkonen', '18', 'FI', 697),
(132, 'Ståle Brå', '18', 'NO', 751),
(133, 'Thomas Lewis', '18', 'GB', 699),
(134, 'Víctor Terrazas', '18', 'ES', 693),
(135, 'Amaury Bertrand', '19', 'FR', 680),
(136, 'Fabienne Chartier', '19', 'BE', 637),
(137, 'Martin Lindelöw', '19', 'SE', 723),
(138, 'Max Meusburger', '19', 'AT', 718),
(139, 'Nahuel Arce-Leal Diaz', '19', 'ES', 580),
(140, 'René Hässelbarth', '19', 'NR', 605),
(141, 'Rui Martins', '19', 'PT', 700),
(142, 'Samu Lahti', '19', 'FI', 705),
(143, 'Vladislav Grachev', '19', 'RU', 701),
(144, 'Adam Kristensson', '20', 'SE', 689),
(145, 'Ádám Zoltán Hédl', '20', 'HU', 702),
(146, 'Bartosz Trocha', '20', 'PL', 653),
(147, 'Christoph Rapp', '20', 'NR', 725),
(148, 'Jordan Van-Akelyen', '20', 'BE', 689),
(149, 'Kenneth Meldgaard Ebbesen', '20', 'DK', 719),
(150, 'Marc Berndorfer', '20', 'AT', 722),
(151, 'Petar Svilic', '20', 'HR', 674),
(152, 'Rakhat Makhan', '20', 'KZ', 662),
(153, 'Sergei Kherkun', '20', 'RU', 709),
(154, 'Stefan Hersche', '20', 'CH', 716),
(155, 'Tim Klessens', '20', 'NL', 713),
(156, 'Vincenzo Ferro', '20', 'IT', 660),
(157, 'Willy Fourrier', '20', 'FR', 698),
(158, 'Alexander Schmidt', '21', 'NR', 724),
(159, 'Araz Emirov', '21', 'RU', 711),
(160, 'Bakdaulet Bekbayev', '21', 'KZ', 656),
(161, 'Cariem Dijk', '21', 'NL', 680),
(162, 'Dawid Grodzki', '21', 'PL', 672),
(163, 'Gábor Lóczi', '21', 'HU', 700),
(164, 'Loic Robert', '21', 'FR', 721),
(165, 'Lukas Hofer', '21', 'AT', 713),
(166, 'Lukas Johansson', '21', 'SE', 683),
(167, 'Omar Lo', '21', 'BE', 685),
(168, 'Philippe Bütschi', '21', 'CH', 718),
(169, 'Aljaz Zvokelj', '22', 'SI', 658),
(170, 'Anna Bobylova', '22', 'KZ', 662),
(171, 'Antje Harz', '22', 'NR', 700),
(172, 'Art Arbsuwan', '22', 'SE', 687),
(173, 'Callum Bonner', '22', 'GB', 659),
(174, 'Felix Quinz', '22', 'IT', 712),
(175, 'Lea Meier', '22', 'CH', 726),
(176, 'Olga Iachmeneva', '22', 'RU', 704),
(177, 'Patrick Reitbauer', '22', 'AT', 752),
(178, 'Reetta Härkönen', '22', 'FI', 717),
(179, 'Riko Lorber', '22', 'EE', 679),
(180, 'Rutger van Antwerpen', '22', 'NL', 690),
(181, 'Sabrina Scheen', '22', 'BE', 689),
(182, 'Szabolcs Cseke', '22', 'HU', 731),
(183, 'Yann Miller', '22', 'FR', 720),
(184, 'Alexander Goldhill', '23', 'FI', 689),
(185, 'Andrei Diubanov', '23', 'RU', 768),
(186, 'Cleiton Lima', '23', 'PT', 700),
(187, 'David Andrawes', '23', 'AT', 730),
(188, 'Dragan Todorovic', '23', 'ME', 629),
(189, 'Eetu Silvennoinen', '23', 'FI', 689),
(190, 'Guillaume Gourmelen', '23', 'FR', 700),
(191, 'Markus Pelzl', '23', 'AT', 730),
(192, 'Pavel Fadeev', '23', 'RU', 768),
(193, 'Pedro Pereira', '23', 'PT', 700),
(194, 'Thomas Godel', '23', 'FR', 700),
(195, 'Veljko Kokic', '23', 'ME', 629),
(196, 'Christian Buchegger', '24', 'AT', 713),
(197, 'Corentin Collet', '24', 'BE', 680),
(198, 'Guus van Velthuijsen', '24', 'NL', 700),
(199, 'Isak Lukkarinen', '24', 'FI', 702),
(200, 'Jaka Kozuh', '24', 'SI', 678),
(201, 'Krisztián Simon', '24', 'HU', 720),
(202, 'Martin Retif', '24', 'FR', 702),
(203, 'Mathias Andersson', '24', 'DK', 665),
(204, 'Nikolai Golikov', '24', 'RU', 705),
(205, 'Ricardo Trivino', '24', 'ES', 668),
(206, 'Thomas Pennicott', '24', 'GB', 680),
(207, 'Ádám János Nagy', '25', 'HU', 728),
(208, 'Alexander Haidinger', '25', 'AT', 695),
(209, 'Alexis Nue', '25', 'FR', 718),
(210, 'Christopher Caine', '25', 'GB', 700),
(211, 'Justian Raahauge', '25', 'DK', 701),
(212, 'Pierre Balancier', '25', 'BE', 700),
(213, 'Tadej Kalajzic', '25', 'SI', 669),
(214, 'Throstur Karason', '25', 'IS', 655),
(215, 'Vitalii Bondarenko', '25', 'RU', 721),
(216, 'Beatriz Sanchez', '28', 'ES', 599),
(217, 'Brigita Klinar', '28', 'SI', 706),
(218, 'Dániel Takács', '28', 'HU', 719),
(219, 'Elizabeth Newcombe', '28', 'GB', 705),
(220, 'Elizaveta Shkimbova', '28', 'RU', 722),
(221, 'Esther Weijenberg', '28', 'NL', 693),
(222, 'Josefiina Kivero', '28', 'FI', 728),
(223, 'Kevin Billard', '28', 'FR', 714),
(224, 'Maris Paas', '28', 'EE', 674),
(225, 'Melanie Krenn', '28', 'AT', 713),
(226, 'Ophélie Depotter', '28', 'BE', 677),
(227, 'Peter Morvay', '28', 'SK', 655),
(228, 'Rabiya Kamidova', '28', 'KZ', 650),
(229, 'Sylwia Leszczynska', '28', 'PL', 695),
(230, 'Alexandra Kovács', '29', 'HU', 714),
(231, 'Alix Darles', '29', 'FR', 741),
(232, 'Anna Krontseva', '29', 'RU', 734),
(233, 'Anna Le', '29', 'SE', 686),
(234, 'Christina Hofer', '29', 'AT', 707),
(235, 'Chrysis Tsiapparis', '29', 'CY', 664),
(236, 'Daniel Moniz', '29', 'PT', 658),
(237, 'Dany Korac', '29', 'LU', 674),
(238, 'Florine Capelle', '29', 'BE', 708),
(239, 'Gavin Jon Kyte', '29', 'GB', 720),
(240, 'Karoliina Tolvi', '29', 'FI', 715),
(241, 'Laima Bielskyte', '29', 'LT', 691),
(242, 'Lea Juren', '29', 'HR', 669),
(243, 'Leif Anders Overland', '29', 'NO', 700),
(244, 'Martin Istok', '29', 'SK', 352),
(245, 'Martina Ruzzene', '29', 'IT', 705),
(246, 'Nazira Abdukhalilova', '29', 'KZ', 703),
(247, 'Robert Stachowski', '29', 'PL', 662),
(248, 'Sanne van Overdijk', '29', 'NL', 674),
(249, 'Tomás Rivera', '29', 'ES', 704),
(250, 'Uros Pajovic', '29', 'ME', 640),
(251, 'Alina Waltl', '30', 'AT', 714),
(252, 'Carina Larsen', '30', 'NO', 677),
(253, 'Carla Ribeiro', '30', 'PT', 698),
(254, 'Danae Kyriakou', '30', 'CY', 675),
(255, 'Holly-Mae Cotterell', '30', 'GB', 730),
(256, 'Irina Bykova', '30', 'RU', 727),
(257, 'Ivana Sneujink', '30', 'NL', 691),
(258, 'Jasmin Vuorio', '30', 'FI', 687),
(259, 'Karen Rey', '30', 'ES', 666),
(260, 'Louise Olsson', '30', 'SE', 702),
(261, 'Mylène Calabre', '30', 'FR', 723),
(262, 'Valeria Tschann', '30', 'CH', 717),
(263, 'Viktória Dóra Papp', '30', 'HU', 703),
(264, 'Viviana Gentile', '30', 'IT', 648),
(265, 'Alice Baré', '31', 'BE', 734),
(266, 'Alicia Martinez', '31', 'ES', 678),
(267, 'Beatriz Soares', '31', 'PT', 703),
(268, 'Bozena Turopoljac', '31', 'AT', 741),
(269, 'Bruno Feliciano', '31', 'PT', 703),
(270, 'Elen Tatrik', '31', 'EE', 738),
(271, 'Elina Skrindzevska', '31', 'LV', 749),
(272, 'Evelina Altunian', '31', 'RU', 746),
(273, 'Florence Lassance', '31', 'BE', 734),
(274, 'Ivana Thies', '31', 'NL', 681),
(275, 'Ivett Bákonyi', '31', 'HU', 686),
(276, 'Krisztina Gagyi', '31', 'HU', 686),
(277, 'Laura Kreivina', '31', 'LV', 749),
(278, 'Lorena Conjar', '31', 'HR', 694),
(279, 'Maria Jöbstl', '31', 'AT', 741),
(280, 'Marta Garcia', '31', 'ES', 678),
(281, 'Melissa Kuisma', '31', 'FI', 697),
(282, 'Minni Meisterson', '31', 'EE', 738),
(283, 'Nazerke Taishibayeva', '31', 'KZ', 683),
(284, 'Olesia Budko', '31', 'RU', 746),
(285, 'Reetta Immonen', '31', 'FI', 697),
(286, 'Tena Sumski', '31', 'HR', 694),
(287, 'Tessa Schönhage', '31', 'NL', 681),
(288, 'Yulduz Murzakhmetova', '31', 'KZ', 683),
(289, 'Aivo Alas', '33', 'EE', 675),
(290, 'Alexander Olofsson', '33', 'SE', 700),
(291, 'Andrea Lucato', '33', 'IT', 678),
(292, 'Artem Semenovich', '33', 'KZ', 643),
(293, 'Arttu Kivenmäki', '33', 'FI', 700),
(294, 'Attila Hasza', '33', 'HU', 697),
(295, 'Daniel Stelmach', '33', 'PT', 722),
(296, 'Jon Sindre Lund Gabrielsen', '33', 'NO', 725),
(297, 'Kestas Mockus', '33', 'LT', 716),
(298, 'Klaus Lehmerhofer', '33', 'AT', 756),
(299, 'Maxime Sproten', '33', 'BE', 696),
(300, 'Miguel Paz', '33', 'ES', 700),
(301, 'Nikolai Donchak', '33', 'RU', 730),
(302, 'Nikolai Rölle', '33', 'NR', 712),
(303, 'Sandro Jericevic', '33', 'HR', 681),
(304, 'Vyronas Panayi', '33', 'CY', 673),
(305, 'Aibat Zhalgasbayev', '34', 'KZ', 654),
(306, 'Ana Coelho', '34', 'PT', 694),
(307, 'Francois Eustace', '34', 'FR', 718),
(308, 'Friderika Spekova', '34', 'HU', 678),
(309, 'Gasper Rjavec', '34', 'SI', 700),
(310, 'Ioannis Papakonstantinou', '34', 'CY', 714),
(311, 'Iskandar Slaev', '34', 'RU', 720),
(312, 'Jordan Boreux', '34', 'BE', 700),
(313, 'Kaisla Heimala', '34', 'FI', 723),
(314, 'Kristinn Gisli Jonsson', '34', 'IS', 700),
(315, 'Maciej Pisarek', '34', 'PL', 713),
(316, 'Markus Pärn', '34', 'EE', 697),
(317, 'Michael Ploner', '34', 'AT', 726),
(318, 'Michal Mico', '34', 'SK', 674),
(319, 'Nicolle Finnie', '34', 'GB', 709),
(320, 'Nils Gevele', '34', 'LV', 674),
(321, 'Roy Scheffers', '34', 'NL', 695),
(322, 'Suad Hadzimuhovic', '34', 'ME', 680),
(323, 'Tomas Tarabycinas', '34', 'LT', 656),
(324, 'Toni Grgic', '34', 'HR', 649),
(325, 'Torkil S Helmersen', '34', 'NO', 719),
(326, 'Víctor Melendez', '34', 'ES', 694),
(327, 'Viktor Thulin', '34', 'SE', 731),
(328, 'Anna Meletc', '35', 'RU', 727),
(329, 'Azzurra Boeris', '35', 'IT', 658),
(330, 'Birk Torp', '35', 'NO', 700),
(331, 'Carlos Carmona', '35', 'ES', 735),
(332, 'Clement Gosselin', '35', 'FR', 721),
(333, 'Clément Jacqmain', '35', 'BE', 724),
(334, 'Collette Gorvett', '35', 'GB', 700),
(335, 'Demi Kivilo', '35', 'EE', 700),
(336, 'Dimitrios Flerianos', '35', 'CY', 641),
(337, 'Emin Tiganj', '35', 'SI', 718),
(338, 'Fabienne Bakker', '35', 'NL', 706),
(339, 'Jolanda Edvardsson', '35', 'SE', 698),
(340, 'Katarina Lopicic', '35', 'ME', 641),
(341, 'Madara Minina', '35', 'LV', 695),
(342, 'Monika Pöllabauer', '35', 'AT', 730),
(343, 'Polina Sidelnikova', '35', 'KZ', 618),
(344, 'Sascha Sappada', '35', 'LU', 647),
(345, 'Sigurdur Borgar Olafsson', '35', 'IS', 681),
(346, 'Suvi Minkkinen', '35', 'FI', 716),
(347, 'Viktória Svajda', '35', 'HU', 719),
(348, 'Aleksandr Leushin', '38', 'RU', 698),
(349, 'Dominik Daferner', '38', 'NR', 721),
(350, 'Emanuel Budeanu', '38', 'ES', 725),
(351, 'Francisco Campos', '38', 'PT', 718),
(352, 'Kevin Guillevic', '38', 'FR', 696),
(353, 'Marios Papaneofytou', '38', 'CY', 581),
(354, 'Michael Kraml', '38', 'AT', 702),
(355, 'Vadim Kuzmenko', '38', 'KZ', 571),
(356, 'Alexandre Michel', '39', 'FR', 733),
(357, 'André Pettersson', '39', 'SE', 679),
(358, 'Benjamin Nicodème', '39', 'BE', 683),
(359, 'Cameron Barr', '39', 'GB', 726),
(360, 'Diana Kasabova', '39', 'RU', 749),
(361, 'Filip Boljat', '39', 'HR', 687),
(362, 'Gen Lee', '39', 'EE', 680),
(363, 'Igors Bumanis', '39', 'LV', 700),
(364, 'Jaume Garcia', '39', 'ES', 682),
(365, 'Jose Franco', '39', 'PT', 712),
(366, 'Josip Stanesic', '39', 'HR', 687),
(367, 'Levente Déri', '39', 'HU', 733),
(368, 'Lukas Vavra', '39', 'AT', 740),
(369, 'Luuk Isbouts', '39', 'NL', 685),
(370, 'Martin Dagarin', '39', 'SI', 737),
(371, 'Oscar Latorre', '39', 'ES', 682),
(372, 'Patrick Taibel', '39', 'AT', 740),
(373, 'Paulo Fereira', '39', 'PT', 712),
(374, 'Reini Tammeorg', '39', 'EE', 680),
(375, 'Ricards Trofimovs', '39', 'LV', 700),
(376, 'Romain Mathieu', '39', 'BE', 683),
(377, 'Shane Carpenter', '39', 'GB', 726),
(378, 'Steffen Weißmann', '39', 'NR', 683),
(379, 'Sten van Harten', '39', 'NL', 685),
(380, 'Tamás Orodán', '39', 'HU', 733),
(381, 'Thomas Jullien', '39', 'FR', 733),
(382, 'Thorsten Reichelt', '39', 'NR', 683),
(383, 'Victor Nyberg', '39', 'SE', 679),
(384, 'Vladislav Tetiushkin', '39', 'RU', 749),
(385, 'Ziga Simoncic', '39', 'SI', 737),
(386, 'Aleksandra Valuikina', '40', 'RU', 769),
(387, 'Alexandra Rádi', '40', 'HU', 620),
(388, 'Bruno Lo Rillo', '40', 'IT', 726),
(389, 'Florian Gattermair', '40', 'AT', 730),
(390, 'Haraldur Orn Arnarson', '40', 'IS', 704),
(391, 'Jaagup Susi', '40', 'EE', 693),
(392, 'Jordan Rubens', '40', 'BE', 706),
(393, 'Katrina Elizabete Sile', '40', 'LV', 685),
(394, 'Kirill Kazaku', '40', 'KZ', 539),
(395, 'Manon Sprenkeler', '40', 'NL', 714),
(396, 'Sanna-Sofia Svensk', '40', 'FI', 696),
(397, 'Tomas Nozina', '40', 'SK', 627),
(398, 'Aigul Garipova', '41', 'RU', 690),
(399, 'Aino Takala', '41', 'FI', 715),
(400, 'Dávid Varholik', '41', 'HU', 718),
(401, 'Elisabeth Hölscher', '41', 'NR', 721),
(402, 'Noreelyn Prudencio', '41', 'IT', 679),
(403, 'Patricia Perez', '41', 'ES', 359),
(404, 'Shirley Westerhout', '41', 'NL', 645),
(405, 'Silje Kjærnli', '41', 'NO', 710),
(406, 'Aaron Preyer', '44', 'NL', 715),
(407, 'Ágnes Sárvári', '44', 'HU', 707),
(408, 'Anastasia Raspopova', '44', 'RU', 771),
(409, 'Darya Dubinina', '44', 'KZ', 596),
(410, 'Luize Mihailova', '44', 'LV', 718),
(411, 'Natasa Bukovic', '44', 'SI', 693),
(412, 'Suvi Syrjänen', '44', 'FI', 639),
(413, 'Vendela Lundin Pikner', '44', 'SE', 678),
(414, 'Alva Seljee', '49', 'SE', 667),
(415, 'Antoine Saint', '49', 'FR', 720),
(416, 'Benno Uhlmann', '49', 'NR', 700),
(417, 'Daniil Kovalev', '49', 'RU', 632),
(418, 'Gabriel Haas', '49', 'IT', 711),
(419, 'István Sándor', '49', 'HU', 675),
(420, 'Mark Krause', '49', 'AT', 708),
(421, 'Pascal Gerber', '49', 'CH', 726),
(422, 'Tom Moucheron', '49', 'BE', 697),
(423, 'Andreas Klammer', '50', 'IT', 759),
(424, 'Benjamin Schindelars', '50', 'AT', 724),
(425, 'Emil Bay', '50', 'DK', 480),
(426, 'Hampus Andersson', '50', 'SE', 684),
(427, 'Sergei Chukhno', '50', 'RU', 695),
(428, 'Tony Ferrandez', '50', 'FR', 705),
(429, 'Daniel Pascual', '51', 'ES', 713),
(430, 'Dylan Lekeux', '51', 'BE', 700),
(431, 'Gleb Plakhotnyuk', '51', 'RU', 720),
(432, 'Ilmar Jürisaar', '51', 'EE', 699),
(433, 'Iurii Malchenko', '51', 'RU', 720),
(434, 'Jesper Frederiksen', '51', 'DK', 734),
(435, 'Jochem Molenaar', '51', 'NL', 731),
(436, 'Jonas Menschaert', '51', 'BE', 700),
(437, 'Kjetil Sigurd Marius Schwoch', '51', 'NO', 759),
(438, 'Levente Pap', '51', 'HU', 634),
(439, 'Markus Vainu', '51', 'EE', 699),
(440, 'Márton Pintér', '51', 'HU', 634),
(441, 'Miranda Jonsson Blom', '51', 'SE', 688),
(442, 'Nils Karjetta', '51', 'NO', 759),
(443, 'Patrik Möller', '51', 'SE', 688),
(444, 'Peter Levin', '51', 'DK', 734),
(445, 'Samuel Taylor', '51', 'GB', 658),
(446, 'Sergio Rubio', '51', 'ES', 713),
(447, 'Shea McFerran', '51', 'GB', 658),
(448, 'Ulla Rautanen', '51', 'FI', 697),
(449, 'Veikko Tahvanainen', '51', 'FI', 697),
(450, 'Willem Stougie', '51', 'NL', 731),
(451, 'Dinand Hekman', '53', 'NL', 717),
(452, 'Janis Ozols', '53', 'LV', 706),
(453, 'Manuel Fahrnecker', '53', 'AT', 720),
(454, 'Máté Szerletics', '53', 'HU', 667),
(455, 'Mathias Röstberg', '53', 'SE', 649),
(456, 'Ronni Larsen', '53', 'DK', 704),
(457, 'Simon Rüedi', '53', 'CH', 730),
(458, 'Toni Eckardt', '53', 'NR', 671),
(459, 'Valentin Kireev', '53', 'RU', 689),
(460, 'Viltaiy Kucherenko', '53', 'KZ', 619),
(461, 'Vincent Schaub', '53', 'FR', 700),
(462, 'Andreas Enzensberger', '54', 'NR', 700),
(463, 'Ante Olofsson', '54', 'SE', 645),
(464, 'Kieran Leyland', '54', 'GB', 667),
(465, 'Nicolas Doron', '54', 'FR', 726),
(466, 'Nikolai Larionov', '54', 'RU', 707),
(467, 'Philipp Lackner', '54', 'AT', 680),
(468, 'Tor Oyvind Venemyr Voreland', '54', 'NO', 704),
(469, 'Alex Laine', '57', 'FI', 652),
(470, 'Andrea Picone', '57', 'IT', 701),
(471, 'Anette Johansen', '57', 'NO', 637),
(472, 'Ante Burum', '57', 'HR', 705),
(473, 'Emil Fäldt', '57', 'SE', 719),
(474, 'Jade Jury', '57', 'NL', 697),
(475, 'Liisa Meidla', '57', 'EE', 666),
(476, 'Maxime Cabo', '57', 'BE', 722),
(477, 'Nicoline Rohmann Håkansson', '57', 'DK', 699),
(478, 'Oliver Klocke', '57', 'AT', 716),
(479, 'Tania Alves', '57', 'PT', 672),
(480, 'Vitaliya Iakovenko', '57', 'RU', 750),
(481, 'Gulbanu Yesmadiyarova', 'D1', 'KZ', 667),
(482, 'Hong Ye', 'D1', 'ES', 681),
(483, 'Julia Rumetshofer', 'D1', 'AT', 721),
(484, 'Kati Mikkonen', 'D1', 'FI', 696),
(485, 'Lasse Norup Bentsen', 'D1', 'DK', 739),
(486, 'Lina Andersson', 'D1', 'SE', 749),
(487, 'Marina Arbuzova', 'D1', 'RU', 704),
(488, 'Þórey Lovísa Sigurmundsdóttir', 'D1', 'IS', 694),
(489, 'Andrey Korpachev', 'D3', 'RU', 691),
(490, 'Emil Östberg', 'D3', 'SE', 614),
(491, 'Florian Hochgruber', 'D3', 'IT', 718),
(492, 'Line Biltoft Jepsen', 'D3', 'DK', 677),
(493, 'Markus Haslinger', 'D3', 'AT', 738),
(494, 'Markus Magnusson', 'D3', 'SE', 614),
(495, 'Mathias Kjærgaard Jorgensen', 'D3', 'DK', 677),
(496, 'Medin Murati', 'D3', 'NR', 709),
(497, 'René Pichler', 'D3', 'IT', 718),
(498, 'Sebastian Frantes', 'D3', 'AT', 738),
(499, 'Timo Schön', 'D3', 'NR', 709),
(500, 'Vladislav Ryzhikov', 'D3', 'RU', 691);

--
-- Indexes for dumped tables
--

--
-- Indexes for table `orszag`
--
ALTER TABLE `orszag`
  ADD PRIMARY KEY (`id`);

--
-- Indexes for table `szakma`
--
ALTER TABLE `szakma`
  ADD PRIMARY KEY (`id`);

--
-- Indexes for table `versenyzo`
--
ALTER TABLE `versenyzo`
  ADD PRIMARY KEY (`id`),
  ADD KEY `fk_versenyzoSzakma` (`szakmaId`),
  ADD KEY `fk_versenyzoOrszag` (`orszagId`);

--
-- Constraints for dumped tables
--

--
-- Constraints for table `versenyzo`
--
ALTER TABLE `versenyzo`
  ADD CONSTRAINT `fk_versenyzoOrszag` FOREIGN KEY (`orszagId`) REFERENCES `orszag` (`id`),
  ADD CONSTRAINT `fk_versenyzoSzakma` FOREIGN KEY (`szakmaId`) REFERENCES `szakma` (`id`);
--
-- Database: `faloda`
--
CREATE DATABASE IF NOT EXISTS `faloda` DEFAULT CHARACTER SET utf8mb4 COLLATE utf8mb4_general_ci;
USE `faloda`;

-- --------------------------------------------------------

--
-- Table structure for table `receptek`
--

CREATE TABLE `receptek` (
  `ssz` int(2) NOT NULL,
  `etel` varchar(50) COLLATE utf8mb4_hungarian_ci NOT NULL,
  `etel_url` varchar(50) COLLATE utf8mb4_hungarian_ci NOT NULL,
  `elkeszites` int(3) NOT NULL,
  `ar` enum('olcsó','átlagos','megfizethető','költséges') COLLATE utf8mb4_hungarian_ci NOT NULL,
  `foto` varchar(55) COLLATE utf8mb4_hungarian_ci NOT NULL,
  `leiras` text COLLATE utf8mb4_hungarian_ci NOT NULL
) ENGINE=InnoDB DEFAULT CHARSET=utf8mb4 COLLATE=utf8mb4_hungarian_ci;

--
-- Dumping data for table `receptek`
--

INSERT INTO `receptek` (`ssz`, `etel`, `etel_url`, `elkeszites`, `ar`, `foto`, `leiras`) VALUES
(1, 'krumplis tészta', 'krumplisteszta', 45, 'megfizethető', 'krumplisteszta.jpg', 'A hagymát kockára vágjuk és a felforrósított olajon megpirítjuk. Megszórjuk pirospaprikával, majd hozzáadjuk a meghámozott, kockára vágott burgonyát, és felöntjük annyi vízzel, hogy ellepje. Sóval, borssal ízesítjük, és lassú tűzön megfőzzük. Amikor a krumpli már puha, összetörjük villával vagy burgonyatörővel. A tésztát a csomagoláson található előírás szerint forró vízben kifőzzük, majd hozzákeverjük a tört burgonyához. Savanyúsággal tálalhatjuk.'),
(2, 'rakott krumpli', 'rakott-krumpli', 90, 'átlagos', 'rakott-krumpli.jpg', 'A krumplikat 10-15 percre beáztatjuk hideg vízbe, majd alaposan megsikáljuk és leöblítjük. A tojásokat megmossuk. A krumplit annyi hideg vízzel öntjük fel, hogy bőven ellepje. Hozzáadjuk a sót, és a forrástól számított 20 percig, fedő alatt puhára főzzük. A tojásokat sós, hideg vízben feltesszük főni, és a forrástól számított 8 percig főzzük, majd hideg vízbe merítve azonnal lehűtjük. A krumpliról leöntjük a vizet, még melegen meghámozzuk, és hűlni hagyjuk. A kihűlt tojásokat is meghámozzuk, elnegyedeljük vagy felkarikázzuk. A kolbászt meleg vízzel leöblítjük, így könnyen lehúzhatjuk a héját, aztán vékonyan felkarikázzuk. Elkeverjük a tejfölben a tojássárgákat. A sütőt 180 fokra (gázsütő 3. fokozat) előmelegítjük. A vajjal kikenünk egy lapos, tűzálló tálat, aljára karikázzuk a krumpli felét, kissé megsózzuk, lazán összekeverjük, és elsimítjuk. Arányosan elosztva a tetejére rendezzük a tojást és a kolbászkarikákat, majd megkenjük a tejföl felével. A maradék krumplit felkarikázzuk, és kissé egymásra csúsztatva a tetejére rendezzük. Egyenletesen bevonjuk a maradék tejföllel, végül a tetejére göndörítjük a szalonnaszeleteket. A sütőben addig sütjük, amíg a tejföl és a szalonna aranybarnára pirul (35-40 perc). Vegyes idénysalátával vagy ecetes savanyúsággal tálaljuk.'),
(3, 'vadas zsemlegombóccal', 'vadas-zsemlegomboccal', 90, 'költséges', 'vadas-zsemlegomboccal.jpg', 'A húst felszeleteljük, megsózzuk, megborsozzuk, megforgatjuk lisztben, majd forró olajban hirtelen kisütjük. Papírszalvétára szedjük, és lecsepegtetjük. A húsokat ezután egy nagyobb lábasba tesszük. A megtisztított sárgarépát, fehérrépát, felszeletelt vöröshagymát, babérlevelet, egész borsot, ízlés szerint sót, mustárt és az apróra vágott szalonnát a húsra tesszük. Felöntjük kb. 1 liter vízzel, és feltesszük főni. Addig főzzük, amíg a hús meg nem puhul. A közben elfőtt vizet pótoljuk. A megpuhult húsokat, a babérleveleket és a borsszemeket kiszedjük. A zöldségekről ezután leszűrjük a levet, és mindkettőt félretesszük. A zöldségeket botmixerrel összeturmixoljuk, közben olajon megkaramellizáljuk a  cukrot. Ha a cukor megbarnult, ráöntjük a zöldségturmixot, kicsit összeforraljuk, és elkeverjük benne a lisztet, majd felengedjük a félretett lével, és jól összeforraljuk. A tejfölhöz hozzáadunk 1 ek lisztet, összekeverjük, majd a mártáshoz adjuk. Felforraljuk, majd beletesszük a húsokat. Ha szükséges, tovább ízesítjük. Közben elkészítjük mellé a zsemlegombócot, melyhez a zsemlét felkockázzuk és megpirítjuk. A lisztből, tojásból és tejből nokedlitésztát készítünk, és beletesszük a zsemlekockákat, valamint a felaprított petrezselyemzöldet. A masszából gombócokat formázunk, majd forró vízben kifőzzük mindet. A vadas mellett köretként tálaljuk.'),
(4, 'brassói aprópecsenye', 'brassoi-apropecsenye', 60, 'megfizethető', 'brassoi-apropecsenye.jpg', 'A húst 2×2 cm-es darabokra felkockázzuk. A szalonnát ujjnyi vastag csíkokra vágjuk és egy serpenyőben megpirítjuk. Hozzáadjuk az apró kockára vágott vöröshagymát is és üvegesre pirítjuk, majd a zúzott fokhagymát is. A paradicsomot és a paprikát nagyobb darabokra vágjuk és a hagymás alaphoz keverjük. Kissé megpároljuk, majd hozzáadjuk a felkockázott sertéshúst, és megsózzuk, megborsozzuk. Addig pirítjuk, míg szép fehér színe lesz a húsnak, eközben pedig levet ereszt. Pirospaprikával megszórjuk és felöntjük annyi vízzel amennyi épp ellepi. Kb. 40-45 percig főzzük, amíg a hús megpuhul. A burgonyát megpucoljuk és kockára vágjuk. Bő olajban kisütjük, ezután konyhai papírtörlőre szedjük, hogy lecsöpögjön a felesleges zsiradék. A brassói aprópecsenyét a sült burgonya kockákkal tálaljuk. Frissen aprított petrezselyemzölddel megszórva kínáljuk.'),
(5, 'paprikás krumpli', 'paprikas-krumpli', 45, 'olcsó', 'paprikas-krumpli.jpg', 'A hagymát megtisztítjuk és kockára vágjuk. Kevés olajat forrósítunk egy lábasban, beletesszük a hagymát, üvegesre pirítjuk, hozzáadjuk a felkarikázott kolbászt, majd megpirítjuk. Lehúzzuk a lábast a tűzhelyről, megszórjuk a pirospaprikával. Átkeverjük, majd hozzáadjuk a megmosott, megtisztított és kockára vágott burgonyát, és felöntjük annyi vízzel, ami majdnem ellepi. Megsózzuk, paradicsompürét teszünk bele, és addig főzzük, amíg a burgonya megpuhul. Friss kenyérrel, savanyú uborkával tálaljuk.'),
(6, 'babgulyás', 'babgulyas', 90, 'megfizethető', 'babgulyas.jpg', 'Forró zsiradékon megpirítjuk a finomra aprított vöröshagymát, rajta megfuttatjuk a zúzott fokhagymát és a köményt, a felkockázott marhahúst rátesszük, pár percig dinszteljük, amíg a hús kifehéredik. A tűzről lehúzzuk, megszórjuk pirospaprikával elkeverjük, és felengedjük annyi vízzel, amennyi bőven ellepi. Amíg a leves felforr, a beáztatott babot előfőzzük: bő vízben, a forrástól számított 5 perc múlva a puffasztó levét leöntjük, a forró babot a forró leveshez adjuk. (Hideg vízhez ne adjuk, mert a forró bab megedződik, és nehezebben puhul meg.) Ha kell, vizet öntünk rá, hogy bőven ellepje. A levest fűszerezzük sóval, borssal, majoránnával, babérral, és takarékon főzzük tovább. Amikor félpuha a hús, belerakjuk a zöldséget, a zöldséglevél-csokrot, az egész paprikát, a paradicsomot, és további vizet adunk hozzá, sóval, fűszerekkel utánaízesítjük, majd takarékon puhára főzzük. A főzés ideje alatt a tojásból, a lisztből, egy csipet sóval, egy kis tálban kemény (levestészta keménységű) tésztát gyúrunk, kicsit pihentetjük, majd enyhén lisztezett tálcára csipegetjük. Amikor a hús és a bab puha, a csipetkét is beleadjuk, és pár perc alatt készre főzzük. Tálalás előtt a főtt zöldséglevél csokrot, zöldpaprikát, paradicsomot eltávolítjuka levesből.'),
(7, 'tejfölös csirkepaprikás tarhonyával', 'tejfolos-csirkepaprikas-tarhonyaval', 90, 'megfizethető', 'tejfolos-csirkepaprikas-tarhonyaval.jpg', 'A megtiszított, megmosott és szárazra törölt csirkét feldaraboljuk. A vöröshagymát apróra vágjuk. A paradicsomot és a paprikát felszeleteljük. Az olajon elkezdjük üvegesre párolni a vöröshagymát, majd pár perc után hozzáadjuk a felszeletelt paradicsomot és a paprikát. Ezután még pár percig pároljuk, majd ráhelyezzük a feldarabolt csirkét. A hús mindkét oldalát fehéredésig sütjük, majd megszórjuk a pirospaprikával, rákanalazzuk a Piros Aranyat és az ízlés szerinti mennyiségű Erős Pistát, majd alaposan összekeverjük. Ezután felöntjük annyi vízzel, hogy éppen csak ellepje a húst, majd megsózzuk és megszórjuk a fűszerekkel. Végül hozzáadjuk a tejfölt, majd alaposan összekeverjük. Ezután az edényen résnyi helyet hagyva lefedjük, majd felforraljuk a levet. Amikor már forr, kisebb lángra vesszük, és szép lassan puhára főzzük a húst. A tarhonyát aranybarnára pirítjuk egy kevés olajon, majd felöntjük kétszeres mennyiségű vízzel. Ízlés szerint megsózzuk, majd átöntjük egy jénai tálba, és lefedjük. Végül mikróba tesszük, és alacsony fokozaton 25 percig mikrózzuk (sütőben is elkészíthetjük). Tálaláskor a tejfölös csirkepaprikást a tarhonyával és savanyúsággal kínáljuk.'),
(8, 'töltött paprika', 'toltott-paprika', 75, 'átlagos', 'toltott-paprika.jpg', 'A hagymát finomra aprítjuk, majd megfonnyasztjuk az olajon a zúzott fokhagymával együtt. A tűzről lehúzva megszórjuk őrölt pirospaprikával, majd, ha már nem forró, alaposan összekeverjük a darált hússal és az előzőleg félig megfőzött rizzsel. Megsózzuk, megborsozzuk alaposan. A paprikákat kicsumázzuk, megtöltjük a darálthúsos-rizses töltelékkel (ne töltsük túl, hagyjunk helyet a megduzzadó rizsnek). A maradék töltelékből gombócokat formázunk. A hagymát negyedekre vágjuk, és megpirítjuk egy kevés olajon. Megszórjuk a cukorral, majd a liszttel, és csomómentesre keverjük. Folyamatosan kevergetve hozzáöntjük a paradicsomszószt, felhúzzuk a vízzel, beletesszük a zellert, és megsózzuk, megborsozzuk. Óvatosan beletesszük a megtöltött paprikákat, és alacsony lángon, néha megforgatva kb. 30-40 percig főzzük, amíg a töltelék teljesen megfő. Ha szükséges, egy kevés vízzel vagy alaplével pótoljuk az elfőtt folyadékot. A megpucolt és kockázott burgonyákat sós vízben megfőzzük. A megfőtt töltött paprikát a paradicsommártással és burgonyával tálaljuk.'),
(9, 'húsleves', 'husleves', 90, 'átlagos', 'husleves.jpg', 'A csontot feldaraboljuk, és egy nagyobb fazékban, annyi hideg vízben feltesszük főni, ami egy tenyérnyire ellepi. Közepes vagy magasabb hőfokon kb. 15 percig forraljuk, a habját leszedjük. Visszavéve a hőfokot, belepakoljuk a zöldségeket: a megtiszított répákat egészben, a zellert és a karalábét almagerezd méretűre vágva, a vöröshagymát héjastul, a paradicsomot és a paprikát. A borsszemeket és a fokhagymát egy teatojásba téve, a petrezselymet cérnával összekötözve rakjuk a levesbe. Igény szerint 1-2 szem krumpli is belekerülhet. Ha minden benne van, nagyon alacsony hőfokon, éppen, hogy csak pezsegjen, elkezdjük főzni a levest. 3-4 órán át főzzük, addig, míg villával megszúrva a zöldségeket és a húst nem érezzük omlósan puhának őket. A főzési idő vége előtt kb. fél órával sózzuk a levest, de aki szereti, hogy a zöldségek és a hús is sós legyen, már az elején is beleteheti. Ha minden benne van, nagyon alacsony hőfokon, éppen, hogy csak pezsegjen, elkezdjük főzni a levest. 3-4 órán át főzzük, addig, míg villával megszúrva a zöldségeket és a húst nem érezzük omlósan puhának őket. A főzési idő vége előtt kb. fél órával sózzuk a levest, de aki szereti, hogy a zöldségek és a hús is sós legyen, már az elején is beleteheti. A tálaláshoz lefejjük a főtt húst a csontról, levestésztát főzünk, a csomagoláson található utasítások szerint, vagy a csontlében, egy másik, kisebb fazékba mérve belőle. Aki szereti a levesben kifőtt zöldséget és húst fogyaszthatja előételként, mustárral vagy tormával körítve.'),
(10, 'bácskai rizses hús', 'bacskai-rizses-hus', 75, 'megfizethető', 'bacskai-rizses-hus.jpg', 'A kockára vágott hagymát megpirítjuk a felforrósított zsíron, hozzáadjuk a szintén kockára vágott paprikát, együtt is pirítjuk kicsit, majd lehúzzuk a tűzről és elkeverjük benne a pirospaprikát. Hozzáadjuk a feldarabolt paradicsomokat, visszatesszük a tűzre, és beletesszük a felkockázott húst. Megsózzzuk, megborsozzuk, felengedjük vízzel, és a zúzott fokhagymát is beletesszük. Lefedve, a vizet mindig pótolva nem egészen puhára pároljuk a húst. Amikor majdnem puha, beletesszük az alaposan megmosott rizst és felöntjük 4 dl vízzel, hogy az egészet jól ellepje. Majd a lábost a már 150 fokra előmelegített sütőbe tesszük, és addig hagyjuk benne, amíg a rizs felszívja a vizet. Félidőben megkeverjük. Ekkor elzárjuk a sütőt, és még így is hagyjuk benne kb. 10 percig. Tálalás előtt még megszórjuk egy pici borssal.'),
(11, 'pásztortarhonya', 'pasztortarhonya', 30, 'megfizethető', 'pasztortarhonya.jpg', 'Egy serpenyőben olajat hevítünk, amin megfonnyasztjuk az apróra felkockázott vöröshagymát. Hozzászórjuk a tarhonyát és a karikára vágott kolbászt - kb. 5 perc alatt egy kicsit megpirítjuk rajta. Belerakjuk a szintén apró kockákra felvágott paprikát és paradicsomot és 1-2 percig kevergetjük. Pirospaprikával meghintjük. Hozzáadjuk a kockára vágott burgonyát és annyi vízzel öntjük fel, hogy a folyadék 2 ujjnyira ellepje azt. Sózzuk, borsozzuk ízlés szerint. Lefedve puhára főzzük. Ha szükséges pótoljuk időközben az elfőtt folyadékot.'),
(12, 'túrógombóc', 'turogomboc', 60, 'átlagos', 'turogomboc.jpg', 'A túrót gondosan áttörjük, majd hozzáadjuk a tojásokat, összekeverjük. A 2 dl búzadarát, a pici sót belekeverjük, és hagyjuk állni jó fél órát minimum, hogy a búzadara felszívjon egy kis nedvességet. Közben elkészítjük az édes mártást hozzá. A tejfölt, a habtejszínt és a cukrot összekeverjük, ha esetleg valaki édesebben szereti, tehet még hozzá cukrot. Addig keverjük, míg a cukor fel nem olvad benne. Felteszünk egy nagy lábasban vizet melegedni. A zsemlemorzsát egy egészen pici barna cukorral olajon elkezdjük pirítani. Nagyon kell figyelni, hiszen a cukor könnyen megéghet! Közben az elkészült masszából közepesen nagy golyókat formázunk, jól összenyomjuk, nehogy szétessenek majd főzés közben. Amikor a víz felforrt, beleteszünk 4-5-6 golyót a lábas méretétől függően, és amikor a gombócok feljöttek a víz tetejére, akkor a zsemlemorzsás keverékbe tesszük, és a lábast felemelve körkörös mozdulatokkal összerázzuk. Így egyenletesen befedett gombócokat kapunk. Ezt addig ismételjük, míg el nem fogynak a gombócok.'),
(13, 'halászlé', 'halaszle', 60, 'költséges', 'halaszle.jpg', 'A dunai halakat, 3,5 kg pontyot, és 1,5 kg vegyes halat (márnát, kárászt, törpeharcsát) gondosan megtisztítjuk. A vegyes halat sűrűn beirdaljuk. A pontyot irdalás után kétujjnyi vastag darabokra, a fejet pedig félbe vágjuk. Ezután lesózzuk, fűszerpaprikával meghintjük. Két órát hűtőben letakarva tároljuk. A vöröshagymát apróra daraboljuk, a bogrács aljára tesszük. Rákerül a befűszerezett hal. Vízzel felöntjük, és intenzíven forraljuk. 10 perc után rátesszük a fűszerpaprikát, a cseresznyepaprikát, s így még 30 percig forraljuk. Közben a frissen gyúrt gyufa tésztát külön vízben kifőzzük. A kifőtt tésztát a hallével tálaljuk, míg a halat esztétikusan felrakva, külön tálon kínáljuk.'),
(14, 'mákos guba', 'makos-guba', 30, 'olcsó', 'makos-guba.jpg', 'A kifliket 1 cm-es karikákra vágjuk. A tejet a vaníliarúd kikapart belsejével vagy egy csomag vaníliás cukorral felforraljuk. A kifliket a forró tejjel leöntjük, majd leszűrjük, és kinyomkodjuk belőle a tejet. Egy nagyobb jénai tálba egy réteg kiflit teszünk, majd porcukros mákot szórunk rá, megint kiflit és megint mákot, amíg elfogynak a hozzávalók. Ha marad még mák, szórjuk meg a tetejét is vele. Ha szeretnénk, akkor 7-8 percre berakhatjuk a sütőbe, de nem szükséges.'),
(15, 'töltött káposzta', 'toltott-kaposzta', 90, 'költséges', 'toltott-kaposzta.jpg', 'A káposztát egy fazékba tesszük, felöntjük vízzel, majd kis lángon, forrástól számítva kb. 10 percig főzzük. Ekkor óvatosan kivesszük, és hideg vízbe tesszük, hogy minél előbb lehűljön. Ezután leveleire szedjük, majd a középső, vastag, eres részét kivágjuk. A hagymát apróra vágjuk, hozzáadjuk a felhevített olajhoz, és pár perc alatt üvegesre pároljuk. Ezután levesszük a tűzről. A darált húst egy tálba tesszük, hozzáadjuk a pirospaprikát, a rizst, ízlés szerint sót és őrölt borsot, és alaposan összekeverjük. Ezután az elkészült töltelékkel megtöltjük az előkészített káposztaleveleket. A savanyú káposztát kissé kinyomkodjuk, hogy ne legyen nagyon savanyú, átmossuk, majd felvágjuk. A füstölt tarját nagyobb kockákra, a kolbászt karikára vágjuk. Egy tepsibe (vagy nagyobb lábasba) beletesszük a felkockázott tarját, majd ráterítjük a savanyú káposztát. Ezután megszórjuk a kolbászkarikákkal, ráhelyezzük  a megtöltött káposztát. (én kicsi mélyedéseket csináltam a savanyú káposztába, és abba helyeztem bele a tölteléket). A sűrített paradicsomot simára keverjük a vízzel, majd a káposztára öntjük (lepje el). Ezután fóliával lefedjük a tepsit, mielőtt a sütőbe helyeznénk. 180 fokra előmelegített sütőbe helyezzük és kb. 90 perc alatt készre pároljuk. Mire a töltelék, a káposzta és a füstölt húsok puhára főnek, a leve nagy része elpárolog, és kissé besűrűsödik. Tálaláskor tányérra helyezzük a tölteléket, mellékanalazzuk a savanyú káposztát a füstölt tarjával és a kolbásszal.'),
(16, 'tárkonyos palócleves', 'tarkonyos-palocleves', 90, 'megfizethető', 'tarkonyos-palocleves.jpg', 'A finomra aprított vöröshagymát és fokhagymát az olajon üvegesre pároljuk. Hozzáadjuk a felkockázott húst és megpirítjuk. Lehúzzuk a tűzről, megszórjuk őrölt paprikával, felöntjük egy kevés vízzel, és visszatesszük a tűzre. Hozzáadjuk a felaprított zöldpaprikát és a paradicsomot. Sóval, borssal, babérlevéllel és tárkonnyal ízesítjük. Takarék lángon, lefedve főzni kezdjük. A burgonyát megtisztítjuk és felkockázzuk. A zöldbabot ízlés szerinti darabokra vágjuk. Amikor a hús félpuha (kb. 20 perc múlva), hozzáadjuk a zöldbabot, felengedjük kb. 1,5 liter vízzel, és a köménnyel ízesítjük. Kb. 10 perc múlva hozzáadjuk a burgonyát, és teljes puhulásig főzzük. A tejfölt kikeverjük a liszttel, és hőkiegyenlítés után a leveshez adjuk. Újraforraljuk, és bőven megszórjuk felaprított friss petrezselyemmel. Végül pár csepp citromlével pikánsra ízesítjük.'),
(17, 'tarhonyaleves', 'tarhonyaleves', 45, 'átlagos', 'tarhonyaleves.jpg', 'Az apróra vágott hagymát olajon megdinszteljük. Hozzáadjuk a felkarikázott kolbászt, és megpirítjuk. Hozzáadjuk a tarhonyát, és halványbarnára pirítjuk. Beletesszük a felkockázott paradicsomot és paprikát, megsózzuk és megszórjuk pirospaprikával. Felengedjük 1 liter vízzel, és 10 percig főzzük. Beletesszük a felkockázott krumplit, és további 15-20 percig főzzük, amíg a tarhonya és a krumpli is megpuhul.'),
(18, 'borsos tokány', 'borsos-tokany', 60, 'átlagos', 'borsos-tokany.jpg', 'A húst alaposan megmossuk, lecsöpögtetjük, és vékony csíkokra vágjuk. A hagymát apró darabokra vágjuk, a paprikát és a paradicsomot felkockázzuk. A szalonnát csíkokra vágjuk, zsírjára pirítjuk, hozzáadjuk az olajat, majd megdinszteljük rajta az apróra vágott hagymát. Hozzáadjuk a húst, és fehéredésig pirítjuk. Megsózzuk, megborsozzuk, és beleszórjuk a paprikát és a paradicsomot. Összekeverjük, és felöntjük annyi vízzel, hogy ellepje. Kb. 40-45 percig főzzük, amíg a hús puha lesz, és elfő a víz. Sós és olajos vízben a csomagoláson található uatsítás szerint al dentére főzzük a tésztát. A tokányt a frissen főtt tésztával tálaljuk.'),
(19, 'túrós csusza', 'turos-csusza', 45, 'megfizethető', 'turos-csusza.jpg', 'A tésztát a csomagoláson található előírás szerint forró, sós vízben kifőzzük, majd lecsepegtetjük. A szalonnát kockára vágva pörcösre sütjük. Amikor kisült, a zsírját a tésztára öntjük, hozzákeverjük a fele túrót, a tejföl felét és a pörcök felét is, megsózzuk. Tűzálló tálban sütőbe tesszük, tetejére tejfölt simítunk és az egészet összesütjük. Tálaláskor teszünk még rá túrót, tejfölt és pörcöt.'),
(20, 'tökfőzelék', 'tokfozelek', 30, 'olcsó', 'tokfozelek.jpg', 'A gyalult tököt besózzuk, meglocsoljuk egy kevés ecettel, majd kb. fél órát állni hagyjuk, hogy levet eresszen. Az apróra vágott vöröshagymát és a kaporlevelet kissé megfonnyasztjuk, majd a cukrot hozzáadva karamellizáljuk. Hozzáadjuk a hámozott és cikkekre vágott paradicsomot, és a felszeletelt paprikát. Együtt pirítjuk őket, majd megszórjuk pirospaprikával, rátesszük a tököt, összekeverjük, és fedő alatt alacsony hőmérsékleten 10-15 perc alatt puhára pároljuk. A tejfölt simára keverjük a liszttel, és a megpuhult tökre öntjük, majd még egyszer felforraljuk. Utánízesítjük, ha szükséges.'),
(21, 'csirkepörkölt', 'csirkeporkolt', 75, 'olcsó', 'csirkeporkolt.jpg', 'A csirkecombokat megtisztítjuk, feldaraboljuk alsó-felső részre, majd besózzuk. A hagymát tisztítás után finomra vágjuk, majd felhevített zsírban megdinszteljük. Mikor aranysárga, a tűzről lehúzva megszórjukpirospaprikával, hozzátesszük a lecsót - vagy 2-2 db felkockázott friss paradicsomot és paprikát - majd a tűzre visszatéve lepirítjuk, felöntjük egy kevés folyadékkal, ismét zsírjára pirítjuk, majd újra felöntjük kevés folyadékkal. Ezt a műveletet szakaszos párolásnak hívják, így érjük el, hogy a pörköltszaftunk sűrű és zamatos legyen. Ezután beletesszük a darabolt csirkecombokat, és azokat, folyamatos folyadékpótlás mellett puhára pároljuk. Ha szükséges, sózzuk, vagy aki csípősen szereti, tehet hozzá csípős paprikát.'),
(22, 'gulyásleves', 'gulyasleves', 90, 'költséges', 'gulyasleves.jpg', 'A húsból a szokásos módon, jó sok hagymával pörköltet készítünk beletesszük az erős paprikát is. Ahol gyerek is eszik belőle, ott csak a tányéron tegyünk bele erős paprikát. A zöldségeket feldaraboljuk és sós, ételízesítős vízben feltesszük főni, csak éppenhogy ellepje. Amikor a hús már puha, hozzáöntjük a zöldséget, ekkor tesszük bele a kockára vágott krumplit, a köménymagot és a borsot. Addig főzzük így együtt, amíg a krumpli is puha lesz. Puha kenyérrel tálaljuk.'),
(23, 'bakonyi sertésszelet', 'bakonyi-sertesszelet', 90, 'átlagos', 'bakonyi-sertesszelet.jpg', 'A paradicsomot, zöldpaprikát és a gombát felvágjuk. A szalonnát nagyobb, a hagymát pedig kisebb darabokra kockázzuk. A karajt felszeleteljük, megmossuk, kicsit kiklopfoljuk, majd megsózzuk. A szalonnát zsírjára sütjük, majd egy tányérra szedjük. A hússzeleteket beleforgatjuk a lisztbe, és a szalonna visszamaradt zsírjában mindkét oldalát pár perc alatt megsütjük. A felszeletelt gombát a visszamarad zsíron megpirítjuk (ha szükséges teszünk hozzá zsírt), majd ezt is egy tányérra szedjük. Az apróra vágott hagymát üvegesre pároljuk, majd hozzáadjuk a felvágott paprikát és paradicsomot. Sózzuk, borsozzuk, meghintjük fűszerpaprikával, majd rátesszük a hússzeleteket, és annyi vizet öntünk rá, hogy jól ellepje. Az edényt lefedjük, időközönként megkeverjük, és, ha szükséges, öntünk hozzá vizet. Kb. 1 órát főzzük, amíg a hús megpuhul. Közben, a csomagoláson található utasítás szerint kifőzzük a tésztát. Ha megpuhult a hús, kivesszük egy tányérra. A lisztet a tejföllel kikeverjük, és a forró szaftból 1-2 merőkanálnyit hozzákeverünk, majd visszaöntjük a szafthoz (behabarjuk). Visszatesszük a húst, hozzáadjuk a megpirított gombát és a zsírjára sült szalonnát. Összekeverjük, majd még egy-két percig főzzük, majd tálaljuk.'),
(24, 'sertéspörkölt tarhonyával', 'sertesporkolt-tarhonyaval', 60, 'megfizethető', 'sertesporkolt-tarhonyaval.jpg', 'A húst kockára, a hagymákat apróra vágjuk, a paprikákat és a paradicsomot feldaraboljuk. Egy serpenyőben a zsíron megdinszteljük a hagymát, majd a húst, és hozzáadjuk a paprikát, a paradicsomot, a csilipaprikát, a fokhagymát és a felaprított medvehagymát. Megsózzuk, megborsozzuk, megszórjuk pirospaprikával és egy kevés köménymaggal, majd hozzáöntünk egy kevés vizet. Zsírjára sütjük, majd ismét felöntjük egy kevés vízzel. A tarhonyát a zsíron megpörköljük, megsózzuk, megborsozzuk, és felöntjük vízzel, és puhára főzzük. Amikor a pörkölt már majdnem kész, hozzáöntjük a vörösbort. A pörköltet a tarhonyával, tejföllel, csilivel és medvehagymával tálaljuk.'),
(25, 'toroskáposzta', 'toroskaposzta', 75, 'olcsó', 'toroskaposzta.jpg', 'A lapockát megmossuk, és kb. 2 cm-es kockákra vágjuk. A hagymát felaprítjuk, majd kevés olajon megdinsztelve hozzáadjuk a húskockákat. Sóval, borssal fűszerezzük, összekeverjük. Ezután megszórjuk pirospaprikával. Felöntjük 1 dl vízzel, és hozzáadjuk a babérleveleket. Kis tűzön 3 percig főzzük. A savanyú káposztából kinyomkodjuk a levét (kimosni nem kell), majd kicsit összeaprítjuk. A húshoz hozzáadjuk a káposztát, felengedjük 2 dl vízzel, és jól átkeverve addig főzzük, amíg meg nem puhul (kb. 1 óra). Kevés olajból és lisztből rántást készítünk, amit a megfőtt ételbe keverünk. 5 percig forraljuk. Tálaláskor tejföllel kínáljuk.'),
(26, 'harcsapaprikás', 'harcsapaprikas', 45, 'költséges', 'harcsapaprikas.jpg', 'A füstölt szalonnát kockákra vágjuk, és egy teflon serpenyőben, lassú tűzön ropogósra kisütjük. A ksiült zsírt félretesszük. Mire kisült a szalonna, addigra felforrt a víz, amibe most beletesszük a tésztát, és 8 percig főzzük, majd leszűrjük. A kifőtt csuszát meglocsoljuk 3 ek szalonnazsírral majd közé keverjük a túrót, és a tetejét meghintjük a sült szalonnakockák felével. Ízlés szerint meg is sózhatjuk. Ha készen van a harcsafilé, egy arra alkalmas edényben feltesszük hevülni a szalonna zsírját. A harcsafilét egyforma, kb. 2-3 cm-es kockákra vágjuk és megsózzuk. Egy tálba beletesszük a lisztet, a fokhagymát, ízlés szerint borsot, sót és 1 kávéskanál őrölt fűszerpaprikát, majd jól összekeverjük. A halkockákat egyesével megforgatjuk a fűszeres lisztben (úgy, hogy minden oldala fedve legyen), és 2-3 percig sütjük a szalonna zsírjában, majd kiszedjük. A megmaradt zsírban az apró kockára vágott hagymát üvegesre pirítunk). Hozzátesszük az apróra vágott paprikát, főzzük így 3 percet, majd az apróra vágott paradicsomot, ezzel is főzzük még 2 percig , meghintjük a tetejét a maradék pirospaprikával, sóval, borssal, végül leöntjük 1 dl vízzel. Az így kapott szaftba óvatosan beletesszük a halat, és kb. 5 percig főzzük. A megmaradt fűszeres lisztből, valamint még 1 ek lisztből, 1 dl vízből és a tejföl elegyéből habarást észítünk, majd felöntjük vele a halat. Így főzzük még 3-5 percet, és tálaljuk a túrós csuszával és a szalonnapörccel.'),
(27, 'hurka burgonyával', 'hurka-burgonyaval', 90, 'megfizethető', 'hurka-burgonyaval.jpg', 'Előző este a rizst elkészítjük. 4-5 evőkanál zsíron (vagy olajon) a megmosott rizst enyhén megpirítjuk, borsozzuk és sós vízzel felöntjük. Fedő alatt 5-6 percig főzzük, közben kevergetjük. 200 fokra előmelegített sütőbe tesszük, és a tűzhelyet lekapcsoljuk. A sütőben megdagad a készre főtt rizs. Másnap egy nagy edénybe kiöntjük a rizst, hozzákeverjük a beáztatott, kicsavart zsemlékeket és sóval, borssal, majoránnával fűszerezzük. Az apróra vágott vöröshagymát zsíron átfuttatjuk, majd hozzákeverjük. Ekkor két részre osztjuk. A felébe vért keverünk, a másik felébe főtt, darált májat. A langyos vízbe áztatott belet megfelelő nagyságúra vágjuk, és a kétféle töltelékkel megtöltjük. Vizet forralunk egy nagy lábasban, és a hurkát kifőzzük. Újraforrástól számítva 1 perc múlva kivehető (ekkor csak gyönyözzön a víz). Gyúrótáblákra rakjuk a kész hurkákat, terítővel betakarjuk őket, ettől ugyanis szép fényesek lesznek. Sütéskor a hurkákat zsírral kent tepsibe fektetjük. A burgonyát meghámozzuk, megmossuk, majd apró darabokra vágjuk, tepsibe tesszük, és fóliával letakarva 200 fokon sütjük, míg a burgonya egy kicsit megpuhul (kb. 13-15 perc alatt). Ezután a hurka mellé tesszük, letakarjuk fóliával. 5 perc sütés után vékony tűvel megszurkáljuk a hurkát. Ezután levesszük a fóliát, és kb. 20 perc alatt az egészet szép pirosra sütjük.'),
(28, 'pacalpörkölt', 'pacalporkolt', 90, 'megfizethető', 'pacalporkolt.jpg', 'Az abároláshoz a csíkozott, előfőzött pacalt felöntjük annyi vízzel, amennyi ellepi. Sózzuk, kettévágott vöröshagymával, babérral, borssal lassú tűzön kb. 1 órán át főzzük. A hagymát, a babért és a borsot eltávolítjuk, a levét leöntjük. A pacalt langyos vízben átmossuk, leszűrjük és lecsepegtetjük. A szalonnát vékony csíkokra aprítjuk, a zsírban kisütjük. A finomra vágott vöröshagymát a szalonna zsírjában megpirítjuk, majd ebben a zúzott fokhagymát is megfuttatjuk. Rátesszük a lecsóalapot, megszórjuk őrölt paprikával, belekeverjük a pacalt a szalonna bőrével együtt. Felöntjük annyi vízzel, amennyi szűken ellepi, fűszerezzük köménnyel, ízlés szerint sóval, borssal, csilivel és Piros Arannyal, majd lassú tűzön főzzük. Néha megkeverjük, a vizet szükség szerint pótoljuk. Addig főzzük, amíg majdnem puha lesz, majd vörösbort öntünk hozzá, és teljes puhulásig főzzük. Közben sós vízben megfőzzük a hasábra vágott burgonyát. A pacalpörköltet a főtt burgonyával és savanyúsággal kínáljuk.'),
(29, 'betyárleves', 'betyarleves', 75, 'megfizethető', 'betyarleves.jpg', 'Olajon megdinszteljük a kockára vágott hagymát. Meghintjük fűszerpaprikával, hozzáadjuk az apróra vágott húst, ízlés szerint sózzuk, fűszerezzük.Felengedjük 3 dl vízzel, és félpuhára főzzük. Beletesszük az apróra vágott paprikát, paradicsomot, gombát és a kaprot, és felengedjük vízzel. Amikor megpuhult a hús, behabarjuk a liszttel elkevert tejföllel.'),
(30, 'székelykáposzta', 'szekelykaposzta', 90, 'megfizethető', 'szekelykaposzta.jpg', 'A káposztát vékony csíkokra szeljük. Egy kb 3-4 literes üvegbe rakjuk. Literenként 1 evőkanál sóval vizet forralunk fel és a káposztára öntjük. A sós vízzel felöntött káposztát a napra kitesszük, ahol legalább 5 napig érleljük. A tetejét egy kis tányérral lefedjük. A tetejére nem teszünk sem kenyeret. Öt nappal később megpucoljuk és felaprítjuk a hagymát. Egy kevés zsíron megdinszteljük, rádobjuk a húst fehéredésig kevergetjük, majd az összes fűszert hozzáadjuk és annyi vízzel felengedjük, ami ellepi. Ekkor levesszük a tűzről. Egy kerámia edénybe öntjük a káposztát, levével együtt, erre került a fűszeres hús. Összekeverjük, lefedjük és a hideg sütőbe rakjuk. 170 fokon 1.5 órán át sütjük (alsó-felső sütéssel). Rántást nem készítünk rá, csak tejföllel tállaljuk.'),
(31, 'gombapaprikás', 'gombapaprikas', 30, 'átlagos', 'gombapaprikas.jpg', 'A megtisztított, és apró kockára vágott vöröshagymát olajon megdinszteljük, majd meghintjük a fűszerpaprikával, és hozzáadjuk a sűrített paradicsomot is, elkeverjük. Hozzáadjuk a szeletelt gombát, sózzuk, borsozzuk, és fedő alatt megpároljuk. Ha nem enged elég vizet, ezt pótolhatjuk kevés víz hozzáadásával. Közben a tejfölt csomómentesre keverjük a liszttel. Miután a gomba kellően összeesett és megpuhult, belekeverjük a tejfölt is. Köretnek jól illik mellé a rizs, galuska, de egészségesebb változatként a bulgurral is remek párost alkotnak.'),
(32, 'cigánypecsenye', 'ciganypecsenye', 30, 'megfizethető', 'ciganypecsenye.jpg', 'Először készítsük el a pácot, amiben a húsok pihenni fognak: öntsük egy tálba az olajat, nyomjunk hozzá a fokhagymát, szórjuk hozzá a fűszerpaprika felét, majd sózzuk, borsozzuk, és alaposan elkeverjük, és belehelyezzük a - klopfolatlan - sertéstarját. A krumplit meghámozzuk,  hosszában négyfelé vájuk, majd megszórjuk sóval, borssal, majoránnával, oregánóval, a fűszerpaprika másik felével, majd meglocsoljuk, egy kevés olajjal, és összekeverjük az egészet. 200 fokra előmelegített sütőbe tesszük kb. 40-45 percre a középső rácsra. 10-15 percenként átkeverjük. Ha már puha, akkor maximumra kapcsoljuk a sütőt, hadd piruljon a köret! A szalonnát félujjnyi vastagra vágjuk, majd bemetéljük a háromnegyed részükig, és egy serpínyőben piros-ropogósra sütjük, majd kivesszük. A szalonnazsírba beletesszük a hússzeleteket, és mindkét oldalukat  4-5 percig sütjük, majd kivesszük a serpenyőből. Ekkor nagyon finom, szaftos, omlós húst fogunk kapni. A kisült, ropogós fűszeres krumplikat egy szép nagy tálra helyezzük, ráhelyezzük a húsokat, megkenjük őket a másik fél adag zúzott fokhagymával, a tetejére rakjuk az időközben fűszerpaprikába mártott füstölt szalonnát (csak a tetejét kell a paprikába mártani), majd mellé halmozzuk a finoman csípős savanyúságokat.'),
(33, 'töltött-rántott csirkemell', 'toltott-rantott-csirkemell', 30, 'megfizethető', 'toltott-rantott-csirkemell.jpg', 'A csirkemelleket szétnyitjuk, kiklopfoljuk, megsózzuk. A paprikát, paradicsomot karikákra vágjuk. Mindegyik csirkemellre teszünk 1-1 szelt bacont, füstölt sonkát, trappista sajtot, 2 karika paradicsomot és 4-5 szelet csípős paprikát. A csirkemelleket összehajtjuk, lisztbe, tojásba, zsemlemorzsába forgatjuk, és bő olajban kisütjük. Zöldséges rizzsel tálaljuk.'),
(34, 'csülökpörkölt', 'csulokporkolt', 90, 'megfizethető', 'csulokporkolt.jpg', 'A csülköt kicsontozzuk, de egyszerűbb ha a hentesnél eleve kicsontozva kérjük. A húst bőröstül nagyobb kockákra vágjuk, a combot szintén hasonló méretűre kockázzuk fel. Némi zsíron pirítsuk zsírjára a kockára vágott szalonnát, majd hozzáadjuk a szintén felkockázott vöröshagymát és üvegesre pirítjuk. Ezután jöhet hozzá a hús, pirítsuk pár percig, ha már kezd fehéredni, akkor a tűzről félrehúzva az őrölt fűszerpaprikával megszórjuk, ügyelve, hogy ne égjen meg. Annyi vízzel felöntjük, hogy csak félig lepje el. Ezután mehet mellé az apróra vágott paprika és paradicsom. Ízesítjük sóval, borssal, őrölt köménnyel, aki szereti, ízlés szerint csípős paprikakrémmel. Bográcsban főzve ügyeljünk arra, hogy gyakran keverjük meg a pörköltet, nehogy leégjen, odakozmáljon! A zúzott fokhagymát is hozzáadjuk és már tényleg csak annyi a dolgunk, hogy türelmesen kivárjuk ameddig a hús megpuhul. (Nálam ez kb. másfél óra volt.) Főtt burgonyát és uborkasalátát kínáltam hozzá, ja és a friss kenyér kötelező volt, mert az isteni szaftot muszáj volt tunkolni!'),
(35, 'birkapörkölt', 'birkaporkolt', 90, 'megfizethető', 'birkaporkolt.jpg', 'A szalonnát kockákra vágjuk, kevés zsíron üvegesre sütjük. A nagyobb darabokra vágott vöröshagymát megdinszteljük, és köménymagot is pirítunk rajta. Először a feldarabolt körmöt, majd a lefaggyúzott birkahúst hozzáadva, addig pirítjuk, míg a hús enyhén elfehéredik. Megsózzuk, majd felöntjük annyi vízzel, hogy éppen ne lepje el. A hús is enged kevés lét! Az apróra darabolt paprikát, és a paradicsomot is a bográcsba tesszük. Lassú tűzön főzzük, időnként megforgatva a bográcsot. Nem kavarjuk! Hozzászórjuk a szemes borsot, (ha őrölt borsot használunk, később adjuk hozzá, mert a bogrács aljára éghet) a félbevágott kicsumázott csípős paprikát, a szétnyomott, felaprított fokhagymát és az összekötözött kis csokor kakukkfüvet is a bográcsba tesszük. Mikor felforrt, kóstoljuk meg. Ízesíthetjük kevés sóval szükség szerint. Ha kell a főzővizet pótoljuk időnként! Amikorra a köröm csontjairól kezd lefőni a hús, addigra fő meg a birkahús is. Kóstoljuk meg mindkét húsfélét is! Amikor úgy érezzük elkészült a hús, kivesszük a kakukkfű csokrot, elkeverjük vörösborban az őrölt pirospaprikát, amit kevés főzőlével temperálunk, majd hozzákeverünk a pörköltünkhöz. Ha egyneművé válik a pörkölt szaftja, tálalhatjuk.'),
(36, 'marhapörkölt', 'marhaporkolt', 90, 'költséges', 'marhaporkolt.jpg', 'A szalonnát felcsíkoztam, majd zsírjára pirítottam. A sült szalonnát kivettem, a zsírhoz hozzáadtam a kockákra vágott hagymát és a szétnyomott fokhagymát. Kicsit dinszteltem, majd hozzáadtam a köménymagot, amit kipattogtattam (megpirítottam). A kockázott marhalábszárat is beletettem, valamint a felkarikázott paprikának a felét, és a paradicsomokat egészben úgy, hogy a csumáját kivágtam, és kereszt alakban bevágtam. Később a paradicsomok héját le tudtam húzni, azt eltávolítottam a bográcsból. A húst kicsit pirítottam, míg ki nem fehéredett. Felöntöttem annyi vízzel, hogy éppen ne lepje el, majd megsóztam. A bográcsba került a felkarikázott paprika másik fele és az erős paprika is félbevágva. Ezután 2 órán át főtt, a bográcsot időnként megforgatva, és az elfőtt levet időnként pótolva. Mikor úgy éreztem, megfőtt, a pirospaprikát csomómentesre kevertem vörösborban, és hozzáöntöttem a bogrács tartalmához. Rövid rotyogtatás után a pörkölt elkészült. Főtt krumplival, friss kenyérrel, savanyúsággal tálaltam.'),
(37, 'zöldbabfőzelék', 'zoldbabfozelek', 60, 'átlagos', 'zoldbabfozelek.jpg', 'A zöldbabot megtisztítjuk, végeit eltávolítjuk, és 2-3 cm-es darabokra vágjuk, megmossuk. Kb. 1-1,5 l vízben feltesszük főni. Ízesítjük sóval, ételízesítővel, babérlevéllel, és beletesszük egészben a vöröshagymát, valamint a zúzott fokhagymát. Puhára főzzük (kb. 45 perc), majd a hagymát eltávolítjuk. A lisztből az olajjal vagy zsírral rántást készítünk, a tűzről félrehúzva hozzáadjuk a pirospaprikát, a hideg vízzel simára keverjük, és berántjuk a főzeléket. A tejfölt is hozzákeverjük, ha kell, pici ecettel még ízesítjük.'),
(38, 'kolbászos-sonkás-rakott tarja', 'kolbaszos-sonkas-rakott-tarja', 90, 'megfizethető', 'kolbaszos-sonkas-rakott-tarja.jpg', 'Egy tűzálló tál aljára terítünk 4 szelet tarját, sózzuk, borsozzuk, majd mindegyik húsra 1-1 szelet angolszalonnát vagy sonkát teszünk. Tisztított, karikára vágott vöröshagymával beborítjuk, majd a lehéjazott, vékonyra szeletelt kolbász következik a sorban. Aztán a megmaradt 4 hússzelettel beborítjuk az egészet. A tejszínt összekeverjük a ketchuppal, a darált dióval, sóval, és nyakon öntjük vele a húst. A tálat lefedjük, előmelegített forró sütőben közepes lángon 1 óra 25 percen át sütjük. Burgonyakrokett a hozzáillő köret.'),
(39, 'törtpaszuly', 'tortpaszuly', 45, 'olcsó', 'tortpaszuly.jpg', 'A babot odatesszük sós vízben főzni. Amíg a bab fől, addig a hagymát megpucoljuk, karikára vágjuk. Zsírban puhára megdinszteljük, sót teszünk bele, a végén pirospaprikát is. Ha a bab megfőtt, leszűrjük. De a levét nem öntjük ki, félretesszük. A főtt babot vagy krumplitörővel összetörjük, vagy húsdarálón ledaráljuk kis főző lével, hogy könnyebben lehessen vele dolgozni. Belerakunk 1-2 ek lisztet, attól függően, hogy mennyire sűrűre szeretnénk \"sűríteni\". Utána a babpürét összerottyantjuk. Tálaláskor egy adag babot teszünk a tányérra, majd a tetejére a dinsztelt hagymából teszünk ízlésünk szerinti mennyiséget. Friss kenyérrel szoktuk tunkolni, és fejes saláta is nagyon finom hozzá. A bab félretett főzőlevéből főzhetünk finom levest. A lébe teszünk egy kanál dinsztelt hagymás zsírból, kevés ételízesítőt. Felfőzzük. A főtt babból is lehet pár szemet beletenni. (Valahol tesznek bele 2-3 db sárgarépát, 1 fehérrépát is.) Közben készítünk reszelt tésztát (1 tojás, kevés finomliszt, több rétesliszt, kevés só), jó keményre összegyúrjuk a hozzávalókat és a sajtreszelő nagy lyukú részén lereszeljük. Ezt a tésztát a levesbe főzzük és tálalunk.'),
(40, 'kolbászos-hagymás bab', 'kolbaszos-hagymas-bab', 75, 'megfizethető', 'kolbaszos-hagymas-bab.jpg', 'A szalonnát vékony, apró csíkokra vágjuk bőröstől, nehogy nagyon szétfőjön. A vöröshagymát vékony cikkekre felszeleteljük. A szalonna zsírját az olajon kisütjük lassan, hogy a szalonna meg ne égjen, és ne legyen túl száraz. Utána a szalonnát kiszedjük, és a zsírjában a hagymát üvegesre pároljuk. Közben a felszeletelt kolbászt 3 dl vízben előfőzzük, utána a főzőlével együtt a megpárolt hagymához öntjük. (Az előfőzés kb. 10-15 percig tartson.) Visszarakjuk bele a kiszedett szalonnacsíkokat, és újabb 10-15 percig összeforraljuk, vigyázva, hogy oda ne kapja az alját. Ezután beletesszük a paradicsomlevet és a leszűrt babkonzervet, és 5-10 percig összeforraljuk. Puha fehér kenyeret adunk hozzá. Nagyon finom, kiadós, laktató étel.'),
(41, 'rakott káposzta', 'rakott-kaposzta', 90, 'megfizethető', 'rakott-kaposzta.jpg', 'A szalonnát kakastaréjra darabolom, a zsírját – nem teljesen - lassan kisütöm, a szalonnát félreteszem. Kb. fele mennyiségű szalonna zsiradékban a fele mennyiségű kockázott vöröshagymát megdinsztelem, majd a fokhagymát is megfuttatom, a húst rajta fehéredésig átsütöm, és a szokásos módon a pirospaprikával, lecsóval, sóval, borssal, őrölt köménnyel, majoránnával, piros arannyal, ételízesítővel fűszerezett pörköltet készítek, a vége felé borral meglocsolva, de nem sütöm a végén zsírjára, mert jó, ha szaftos marad. A rizst az olajon megfuttatom, kétszeres mennyiségű forró vízzel felöntöm, sóval, borssal, ételízesítővel puhára párolom. A káposztát kimosom, kinyomkodom, néhány helyen a hosszú szálakat átvágom. A zsiradék másik felében a cukrot karmellizálom, a maradék félfőre aprított vöröshagymát üvegesre párolom, a káposztát a babérral, egész köménnyel, egy kis pohár vízzel kb. 1/2 órát párolom. A kolbász bőrét lehúzom, felkarikázom. Egy nagy tepsit (30x40 cm.) kizsírozok, a káposzta felét elterítem benne. Rákanalazom a rizst, a fele mennyiségű tejföllel lekenem. A pörköltet a szaftjával rámerem, a kolbászkarikákat elosztom rajta, beborítom a maradék káposztával, a maradék tejföllel bevonom. A kakastaréjokat a tetejére helyezem, fedetlenül, előmelegített 210 fokos sütőbe tolom. Kb. 45 percig sütöm, majd légkeverésre kapcsolom a sütőt, és kb. 15 percig pirítom, ameddig a teteje enyhén megpirosodik. Pihentetem, hűtöm, kb. 1 adagos kockákra szeletelem. Tálalásnál tányérra emelem, igény szerint a kakastaréjjal és tejföllel tálalom.'),
(42, 'töltött karaj rántva', 'toltott-karaj-rantva', 45, 'megfizethető', 'toltott-karaj-rantva.jpg', 'A hússzeleteket kiklopfoljuk, sózzuk. A póréhagymát vastagabb szeletekbe vágjuk. Minden szelet húsra teszünk 1-1 szelet bacont, sajtot, 2-2 szelet póréhagymát és kolbászt. A húst felgöngyöljük, bepanírozzuk, és közepes hőfokon kisütjük. Szalmaburgonyát készítettem mellé.'),
(43, 'tejfölös nokedli', 'tejfolos-nokedli', 30, 'olcsó', 'tejfolos-nokedli.jpg', 'A szokásos módon nokedlit szaggatunk az enyhén majorannás vízbe. A szalonnát kisütjük, a leszűrt nokedlit ebben megpörgetjük. A tejfölbe időközben 2-3 gerezd fokhagymát zúzunk, tálaláskor ezzel locsoljuk meg a nokedlit. Szokatlan, de finom ízvilágot varázsol a fokhagyma és majoranna keveredése... Nagyon laktató és ízletes.'),
(44, 'krumplifőzelék', 'krumplifozelek', 30, 'olcsó', 'krumplifozelek.jpg', 'A hagymát megtisztítjuk, felkockázzuk, kevés olajon üvegesre dinszteljük, majd lehúzzuk a fazekat a tűzről, és megszórjuk pirospaprikával. A burgonyát megtisztítjuk, felkockázzuk, és a hagymára szórjuk, majd felöntjük annyi vízzel, ami épp csak ellepi. Sózzuk, babérlevéllel ízesítjük. Amíg megpuhul a krumpli (fedő alatt, takaréklángon), elkészítjük a habarást: összekeverjük a lisztet a tejföllel, és ha a burgonya kész, óvatosan hozzákeverjük úgy, hogy ne legyen csomós. Rottyantunk egyet rajta, és máris tálalhatjuk.');

--
-- Indexes for dumped tables
--

--
-- Indexes for table `receptek`
--
ALTER TABLE `receptek`
  ADD PRIMARY KEY (`ssz`);

--
-- AUTO_INCREMENT for dumped tables
--

--
-- AUTO_INCREMENT for table `receptek`
--
ALTER TABLE `receptek`
  MODIFY `ssz` int(2) NOT NULL AUTO_INCREMENT, AUTO_INCREMENT=45;
--
-- Database: `fogado`
--
CREATE DATABASE IF NOT EXISTS `fogado` DEFAULT CHARACTER SET utf8mb4 COLLATE utf8mb4_hungarian_ci;
USE `fogado`;

-- --------------------------------------------------------

--
-- Table structure for table `foglalasok`
--

CREATE TABLE `foglalasok` (
  `fsorsz` int(11) NOT NULL,
  `vendeg` int(11) DEFAULT NULL,
  `szoba` int(11) DEFAULT NULL,
  `erk` date DEFAULT NULL,
  `tav` date DEFAULT NULL,
  `fo` int(11) DEFAULT NULL
) ENGINE=InnoDB DEFAULT CHARSET=utf8mb4 COLLATE=utf8mb4_hungarian_ci;

--
-- Dumping data for table `foglalasok`
--

INSERT INTO `foglalasok` (`fsorsz`, `vendeg`, `szoba`, `erk`, `tav`, `fo`) VALUES
(1, 1, 3, '2016-01-04', '2016-01-07', 4),
(2, 2, 4, '2016-01-04', '2016-01-06', 3),
(3, 3, 6, '2016-01-05', '2016-01-08', 3),
(4, 4, 2, '2016-01-06', '2016-01-09', 5),
(5, 5, 3, '2016-01-07', '2016-01-08', 4),
(6, 6, 1, '2016-01-08', '2016-01-10', 6),
(7, 7, 4, '2016-01-08', '2016-01-12', 5),
(8, 8, 3, '2016-01-08', '2016-01-09', 5),
(9, 9, 6, '2016-01-09', '2016-01-12', 4),
(10, 10, 5, '2016-01-10', '2016-01-13', 4),
(11, 11, 3, '2016-01-10', '2016-01-11', 3),
(12, 12, 2, '2016-01-11', '2016-01-14', 5),
(13, 13, 1, '2016-01-12', '2016-01-15', 6),
(14, 14, 6, '2016-01-12', '2016-01-18', 3),
(15, 15, 3, '2016-01-13', '2016-01-17', 5),
(16, 16, 4, '2016-01-13', '2016-01-15', 4),
(17, 17, 5, '2016-01-14', '2016-01-18', 5),
(18, 18, 1, '2016-01-15', '2016-01-21', 6),
(19, 19, 2, '2016-01-15', '2016-01-17', 4),
(20, 20, 4, '2016-01-15', '2016-01-21', 4),
(21, 21, 2, '2016-01-18', '2016-01-19', 5),
(22, 22, 3, '2016-01-18', '2016-01-21', 4),
(23, 23, 6, '2016-01-18', '2016-01-20', 2),
(24, 24, 2, '2016-01-19', '2016-01-23', 4),
(25, 25, 5, '2016-01-20', '2016-01-22', 5),
(26, 26, 7, '2016-01-20', '2016-01-23', 2),
(27, 27, 1, '2016-01-21', '2016-01-26', 5),
(28, 28, 3, '2016-01-21', '2016-01-25', 5),
(29, 29, 6, '2016-01-21', '2016-01-26', 3),
(30, 30, 5, '2016-01-22', '2016-01-26', 4),
(31, 31, 4, '2016-01-22', '2016-01-24', 3),
(32, 32, 2, '2016-01-23', '2016-01-25', 6),
(33, 33, 7, '2016-01-24', '2016-01-29', 1),
(34, 34, 4, '2016-01-24', '2016-01-27', 5),
(35, 35, 2, '2016-01-26', '2016-01-29', 5),
(36, 36, 3, '2016-01-26', '2016-01-27', 3),
(37, 37, 1, '2016-01-27', '2016-01-29', 6),
(38, 38, 6, '2016-01-27', '2016-02-01', 2),
(39, 39, 5, '2016-01-27', '2016-01-30', 5),
(40, 40, 3, '2016-01-28', '2016-02-01', 3),
(41, 41, 2, '2016-01-29', '2016-02-02', 5),
(42, 42, 4, '2016-01-29', '2016-02-02', 3),
(43, 43, 5, '2016-01-30', '2016-02-01', 5),
(44, 44, 7, '2016-01-30', '2016-02-03', 2),
(45, 45, 1, '2016-01-31', '2016-02-05', 5),
(46, 46, 3, '2016-02-01', '2016-02-04', 5),
(47, 47, 5, '2016-02-02', '2016-02-05', 4),
(48, 48, 6, '2016-02-02', '2016-02-04', 4),
(49, 49, 2, '2016-02-03', '2016-02-06', 5),
(50, 50, 4, '2016-02-03', '2016-02-08', 3),
(51, 51, 7, '2016-02-05', '2016-02-07', 1),
(52, 52, 6, '2016-02-05', '2016-02-09', 3),
(53, 53, 1, '2016-02-06', '2016-02-09', 7),
(54, 54, 5, '2016-02-06', '2016-02-08', 5),
(55, 55, 3, '2016-02-06', '2016-02-12', 4),
(56, 56, 2, '2016-02-07', '2016-02-10', 5),
(57, 57, 7, '2016-02-08', '2016-02-15', 1),
(58, 58, 5, '2016-02-09', '2016-02-11', 5),
(59, 59, 6, '2016-02-09', '2016-02-11', 3),
(60, 60, 4, '2016-02-10', '2016-02-13', 4),
(61, 61, 1, '2016-02-11', '2016-02-16', 5),
(62, 62, 2, '2016-02-12', '2016-02-15', 5),
(63, 63, 6, '2016-02-12', '2016-02-15', 4),
(64, 64, 3, '2016-02-13', '2016-02-18', 3),
(65, 65, 5, '2016-02-13', '2016-02-15', 5),
(66, 66, 4, '2016-02-15', '2016-02-17', 4),
(67, 67, 2, '2016-02-16', '2016-02-20', 5),
(68, 68, 1, '2016-02-16', '2016-02-20', 5),
(69, 69, 6, '2016-02-16', '2016-02-17', 3),
(70, 70, 5, '2016-02-16', '2016-02-20', 5),
(71, 71, 7, '2016-02-16', '2016-02-19', 1),
(72, 72, 6, '2016-02-17', '2016-02-21', 4),
(73, 73, 4, '2016-02-18', '2016-02-20', 4),
(74, 74, 3, '2016-02-19', '2016-02-24', 5),
(75, 75, 2, '2016-02-21', '2016-02-24', 5),
(76, 76, 4, '2016-02-21', '2016-02-25', 4),
(77, 77, 7, '2016-02-21', '2016-02-22', 1),
(78, 78, 5, '2016-02-21', '2016-02-26', 5),
(79, 79, 1, '2016-02-22', '2016-02-25', 4),
(80, 80, 6, '2016-02-22', '2016-02-27', 2),
(81, 81, 7, '2016-02-22', '2016-02-27', 1),
(82, 82, 2, '2016-02-25', '2016-02-28', 6),
(83, 83, 3, '2016-02-26', '2016-02-28', 4),
(84, 84, 4, '2016-02-26', '2016-02-29', 5),
(85, 85, 1, '2016-02-27', '2016-03-02', 4),
(86, 86, 5, '2016-02-28', '2016-03-04', 4),
(87, 87, 6, '2016-02-28', '2016-03-01', 3),
(88, 88, 7, '2016-02-28', '2016-03-04', 2),
(89, 89, 2, '2016-02-29', '2016-03-03', 5),
(90, 90, 4, '2016-02-29', '2016-03-05', 4),
(91, 91, 3, '2016-02-29', '2016-03-02', 5),
(92, 92, 1, '2016-03-02', '2016-03-04', 6),
(93, 93, 6, '2016-03-02', '2016-03-03', 4),
(94, 94, 6, '2016-03-03', '2016-03-04', 4),
(95, 95, 2, '2016-03-04', '2016-03-07', 5),
(96, 96, 3, '2016-03-04', '2016-03-08', 4),
(97, 97, 6, '2016-03-04', '2016-03-09', 2),
(98, 98, 7, '2016-03-05', '2016-03-06', 2),
(99, 99, 5, '2016-03-05', '2016-03-10', 4),
(100, 100, 1, '2016-03-06', '2016-03-11', 5),
(101, 101, 7, '2016-03-06', '2016-03-08', 2),
(102, 102, 4, '2016-03-07', '2016-03-11', 5),
(103, 103, 2, '2016-03-08', '2016-03-10', 4),
(104, 104, 7, '2016-03-09', '2016-03-14', 1),
(105, 105, 2, '2016-03-10', '2016-03-13', 6),
(106, 106, 6, '2016-03-10', '2016-03-11', 2),
(107, 107, 3, '2016-03-10', '2016-03-12', 4),
(108, 108, 1, '2016-03-12', '2016-03-18', 6),
(109, 109, 4, '2016-03-12', '2016-03-15', 5),
(110, 110, 5, '2016-03-12', '2016-03-15', 4),
(111, 111, 6, '2016-03-12', '2016-03-17', 3),
(112, 112, 2, '2016-03-13', '2016-03-16', 4),
(113, 113, 3, '2016-03-13', '2016-03-15', 5),
(114, 114, 5, '2016-03-15', '2016-03-19', 4),
(115, 115, 2, '2016-03-16', '2016-03-18', 6),
(116, 116, 7, '2016-03-16', '2016-03-22', 1),
(117, 117, 3, '2016-03-16', '2016-03-18', 3),
(118, 118, 4, '2016-03-17', '2016-03-23', 4),
(119, 119, 1, '2016-03-18', '2016-03-19', 6),
(120, 120, 2, '2016-03-19', '2016-03-20', 5),
(121, 121, 6, '2016-03-19', '2016-03-22', 2),
(122, 122, 3, '2016-03-19', '2016-03-22', 3),
(123, 123, 2, '2016-03-20', '2016-03-24', 5),
(124, 124, 1, '2016-03-21', '2016-03-24', 6),
(125, 125, 5, '2016-03-21', '2016-03-23', 4),
(126, 126, 6, '2016-03-22', '2016-03-27', 3),
(127, 127, 7, '2016-03-22', '2016-03-26', 2),
(128, 128, 3, '2016-03-23', '2016-03-26', 5),
(129, 129, 4, '2016-03-24', '2016-03-29', 4),
(130, 130, 1, '2016-03-25', '2016-03-29', 6),
(131, 131, 5, '2016-03-25', '2016-03-28', 4),
(132, 132, 2, '2016-03-26', '2016-03-29', 5),
(133, 92, 7, '2016-03-26', '2016-03-31', 2),
(134, 133, 6, '2016-03-27', '2016-03-30', 2),
(135, 134, 3, '2016-03-27', '2016-03-29', 4),
(136, 135, 5, '2016-03-28', '2016-04-02', 4),
(137, 136, 2, '2016-03-30', '2016-04-04', 4),
(138, 137, 3, '2016-03-30', '2016-04-01', 5),
(139, 138, 1, '2016-03-31', '2016-04-01', 6),
(140, 139, 4, '2016-03-31', '2016-04-01', 4),
(141, 140, 6, '2016-04-01', '2016-04-04', 3),
(142, 141, 1, '2016-04-02', '2016-04-07', 5),
(143, 142, 3, '2016-04-02', '2016-04-04', 4),
(144, 143, 7, '2016-04-02', '2016-04-08', 1),
(145, 144, 4, '2016-04-03', '2016-04-05', 4),
(146, 145, 3, '2016-04-04', '2016-04-10', 4),
(147, 146, 6, '2016-04-04', '2016-04-08', 3),
(148, 147, 5, '2016-04-04', '2016-04-06', 4),
(149, 148, 2, '2016-04-05', '2016-04-09', 4),
(150, 149, 4, '2016-04-05', '2016-04-07', 5),
(151, 150, 5, '2016-04-07', '2016-04-11', 5),
(152, 151, 1, '2016-04-08', '2016-04-12', 7),
(153, 152, 4, '2016-04-08', '2016-04-11', 4),
(154, 153, 6, '2016-04-10', '2016-04-14', 4),
(155, 154, 2, '2016-04-10', '2016-04-11', 5),
(156, 155, 7, '2016-04-10', '2016-04-16', 2),
(157, 156, 2, '2016-04-11', '2016-04-15', 5),
(158, 157, 3, '2016-04-12', '2016-04-14', 5),
(159, 158, 4, '2016-04-12', '2016-04-13', 3),
(160, 159, 5, '2016-04-13', '2016-04-16', 5),
(161, 160, 1, '2016-04-14', '2016-04-16', 5),
(162, 161, 6, '2016-04-14', '2016-04-17', 4),
(163, 162, 4, '2016-04-14', '2016-04-15', 5),
(164, 163, 3, '2016-04-15', '2016-04-17', 4),
(165, 164, 1, '2016-04-16', '2016-04-19', 4),
(166, 165, 4, '2016-04-16', '2016-04-17', 4),
(167, 166, 2, '2016-04-17', '2016-04-20', 5),
(168, 167, 7, '2016-04-17', '2016-04-21', 1),
(169, 168, 5, '2016-04-17', '2016-04-20', 4),
(170, 169, 4, '2016-04-17', '2016-04-19', 5),
(171, 170, 6, '2016-04-18', '2016-04-20', 3),
(172, 171, 3, '2016-04-18', '2016-04-21', 5),
(173, 172, 1, '2016-04-20', '2016-04-24', 5),
(174, 173, 4, '2016-04-20', '2016-04-26', 4),
(175, 174, 5, '2016-04-21', '2016-04-23', 4),
(176, 175, 3, '2016-04-21', '2016-04-23', 4),
(177, 176, 6, '2016-04-21', '2016-04-23', 4),
(178, 177, 2, '2016-04-22', '2016-04-25', 6),
(179, 178, 7, '2016-04-22', '2016-04-27', 1),
(180, 179, 5, '2016-04-23', '2016-04-25', 4),
(181, 180, 6, '2016-04-24', '2016-04-27', 4),
(182, 181, 2, '2016-04-25', '2016-04-28', 5),
(183, 182, 3, '2016-04-25', '2016-04-27', 4),
(184, 183, 1, '2016-04-26', '2016-04-27', 6),
(185, 184, 4, '2016-04-26', '2016-05-01', 4),
(186, 185, 5, '2016-04-27', '2016-04-30', 4),
(187, 186, 6, '2016-04-28', '2016-05-02', 4),
(188, 187, 7, '2016-04-28', '2016-05-03', 1),
(189, 71, 2, '2016-04-29', '2016-05-03', 6),
(190, 188, 1, '2016-04-29', '2016-05-03', 5),
(191, 189, 3, '2016-04-29', '2016-05-02', 3),
(192, 190, 5, '2016-05-01', '2016-05-03', 4),
(193, 191, 4, '2016-05-03', '2016-05-05', 3),
(194, 192, 6, '2016-05-03', '2016-05-05', 3),
(195, 193, 5, '2016-05-03', '2016-05-08', 4),
(196, 194, 3, '2016-05-03', '2016-05-08', 3),
(197, 195, 2, '2016-05-04', '2016-05-08', 6),
(198, 196, 1, '2016-05-04', '2016-05-10', 4),
(199, 197, 7, '2016-05-04', '2016-05-06', 1),
(200, 198, 4, '2016-05-05', '2016-05-06', 4),
(201, 199, 6, '2016-05-05', '2016-05-08', 3),
(202, 200, 4, '2016-05-06', '2016-05-08', 4),
(203, 201, 2, '2016-05-08', '2016-05-12', 5),
(204, 202, 7, '2016-05-08', '2016-05-14', 1),
(205, 203, 3, '2016-05-09', '2016-05-12', 3),
(206, 204, 4, '2016-05-10', '2016-05-14', 3),
(207, 205, 5, '2016-05-10', '2016-05-15', 4),
(208, 206, 6, '2016-05-10', '2016-05-15', 3),
(209, 207, 1, '2016-05-11', '2016-05-14', 4),
(210, 208, 2, '2016-05-13', '2016-05-15', 4),
(211, 209, 1, '2016-05-14', '2016-05-20', 4),
(212, 210, 3, '2016-05-14', '2016-05-20', 4),
(213, 211, 4, '2016-05-15', '2016-05-17', 4),
(214, 212, 7, '2016-05-15', '2016-05-18', 1),
(215, 213, 6, '2016-05-15', '2016-05-19', 4),
(216, 214, 2, '2016-05-16', '2016-05-20', 5),
(217, 215, 5, '2016-05-16', '2016-05-20', 5),
(218, 216, 4, '2016-05-18', '2016-05-21', 3),
(219, 217, 7, '2016-05-19', '2016-05-22', 2),
(220, 218, 2, '2016-05-20', '2016-05-23', 5),
(221, 219, 1, '2016-05-21', '2016-05-26', 5),
(222, 220, 6, '2016-05-21', '2016-05-26', 3),
(223, 221, 4, '2016-05-21', '2016-05-23', 4),
(224, 222, 3, '2016-05-22', '2016-05-26', 4),
(225, 223, 5, '2016-05-22', '2016-05-24', 4),
(226, 224, 2, '2016-05-23', '2016-05-27', 5),
(227, 225, 4, '2016-05-24', '2016-05-27', 5),
(228, 226, 7, '2016-05-24', '2016-05-28', 2),
(229, 227, 5, '2016-05-24', '2016-05-28', 5),
(230, 228, 1, '2016-05-26', '2016-05-27', 6),
(231, 229, 1, '2016-05-27', '2016-05-30', 5),
(232, 230, 3, '2016-05-27', '2016-05-31', 4),
(233, 231, 6, '2016-05-27', '2016-06-01', 4),
(234, 57, 2, '2016-05-28', '2016-05-30', 5),
(235, 232, 7, '2016-05-28', '2016-06-03', 2),
(236, 233, 4, '2016-05-29', '2016-06-03', 4),
(237, 234, 5, '2016-05-29', '2016-05-31', 5),
(238, 235, 2, '2016-05-30', '2016-06-02', 4),
(239, 236, 1, '2016-05-30', '2016-05-31', 7),
(240, 237, 1, '2016-06-01', '2016-06-07', 7),
(241, 238, 3, '2016-06-01', '2016-06-06', 4),
(242, 239, 5, '2016-06-02', '2016-06-07', 4),
(243, 240, 2, '2016-06-03', '2016-06-06', 5),
(244, 241, 6, '2016-06-03', '2016-06-06', 4),
(245, 242, 7, '2016-06-04', '2016-06-06', 1),
(246, 243, 4, '2016-06-04', '2016-06-06', 3),
(247, 244, 2, '2016-06-07', '2016-06-10', 5),
(248, 245, 6, '2016-06-07', '2016-06-10', 4),
(249, 246, 4, '2016-06-07', '2016-06-10', 5),
(250, 247, 7, '2016-06-08', '2016-06-13', 2),
(251, 248, 3, '2016-06-08', '2016-06-12', 4),
(252, 249, 5, '2016-06-08', '2016-06-13', 4),
(253, 250, 1, '2016-06-09', '2016-06-12', 6),
(254, 251, 6, '2016-06-11', '2016-06-14', 2),
(255, 252, 4, '2016-06-11', '2016-06-13', 4),
(256, 253, 1, '2016-06-12', '2016-06-13', 5),
(257, 254, 2, '2016-06-12', '2016-06-16', 5),
(258, 255, 1, '2016-06-13', '2016-06-18', 7),
(259, 256, 7, '2016-06-13', '2016-06-16', 2),
(260, 257, 3, '2016-06-13', '2016-06-18', 5),
(261, 258, 5, '2016-06-14', '2016-06-19', 5),
(262, 259, 4, '2016-06-15', '2016-06-18', 5),
(263, 260, 2, '2016-06-16', '2016-06-19', 6),
(264, 261, 6, '2016-06-16', '2016-06-19', 3),
(265, 262, 7, '2016-06-17', '2016-06-18', 1),
(266, 263, 3, '2016-06-18', '2016-06-20', 3),
(267, 264, 1, '2016-06-19', '2016-06-24', 6),
(268, 265, 2, '2016-06-19', '2016-06-22', 5),
(269, 266, 4, '2016-06-19', '2016-06-25', 4),
(270, 267, 7, '2016-06-19', '2016-06-23', 2),
(271, 268, 5, '2016-06-20', '2016-06-23', 4),
(272, 269, 3, '2016-06-20', '2016-06-22', 5),
(273, 270, 6, '2016-06-21', '2016-06-26', 3),
(274, 271, 2, '2016-06-24', '2016-06-28', 6),
(275, 272, 5, '2016-06-24', '2016-06-29', 5),
(276, 273, 3, '2016-06-24', '2016-06-26', 4),
(277, 274, 7, '2016-06-25', '2016-06-28', 1),
(278, 275, 4, '2016-06-27', '2016-06-30', 4),
(279, 276, 3, '2016-06-27', '2016-06-30', 5),
(280, 277, 6, '2016-06-27', '2016-06-30', 2),
(281, 100, 2, '2016-06-28', '2016-06-30', 5);

-- --------------------------------------------------------

--
-- Table structure for table `szobak`
--

CREATE TABLE `szobak` (
  `szazon` int(11) NOT NULL,
  `sznev` varchar(6) COLLATE utf8mb4_hungarian_ci DEFAULT NULL,
  `agy` int(11) DEFAULT NULL,
  `potagy` int(11) DEFAULT NULL
) ENGINE=InnoDB DEFAULT CHARSET=utf8mb4 COLLATE=utf8mb4_hungarian_ci;

--
-- Dumping data for table `szobak`
--

INSERT INTO `szobak` (`szazon`, `sznev`, `agy`, `potagy`) VALUES
(1, 'Szende', 4, 3),
(2, 'Szundi', 4, 2),
(3, 'Morgó', 3, 2),
(4, 'Hapci', 3, 2),
(5, 'Tudor', 4, 1),
(6, 'Vidor', 3, 2),
(7, 'Kuka', 1, 1);

-- --------------------------------------------------------

--
-- Table structure for table `vendegek`
--

CREATE TABLE `vendegek` (
  `vsorsz` int(11) NOT NULL,
  `vnev` varchar(16) COLLATE utf8mb4_hungarian_ci DEFAULT NULL,
  `irsz` int(11) DEFAULT NULL
) ENGINE=InnoDB DEFAULT CHARSET=utf8mb4 COLLATE=utf8mb4_hungarian_ci;

--
-- Dumping data for table `vendegek`
--

INSERT INTO `vendegek` (`vsorsz`, `vnev`, `irsz`) VALUES
(1, 'Gulyás Klaudia', 2074),
(2, 'Barta Andrea', 8943),
(3, 'Hegedüs Éva', 8052),
(4, 'Veres Gizella', 4163),
(5, 'Máté Martin', 7098),
(6, 'Szőke Gergely', 8946),
(7, 'Deák Szabolcs', 3974),
(8, 'Varga Balázs', 6230),
(9, 'Török András', 8294),
(10, 'Kelemen Emese', 3352),
(11, 'Simon Anikó', 7479),
(12, 'Barna Szilvia', 8348),
(13, 'Sipos Mariann', 3078),
(14, 'Major Lajos', 3129),
(15, 'Péter Júlia', 7954),
(16, 'László Henrik', 1195),
(17, 'Somogyi Bettina', 7755),
(18, 'Nemes Klaudia', 2627),
(19, 'Hajdu Petra', 1205),
(20, 'Nagy Anikó', 6453),
(21, 'Sándor Brigitta', 7800),
(22, 'Gál Bertalan', 7853),
(23, 'Oláh Richárd', 1154),
(24, 'Szalai Elek', 8977),
(25, 'Tamás Györgyi', 2943),
(26, 'Balogh Alex', 4371),
(27, 'Király Máté', 3253),
(28, 'Bakos Vilmos', 7720),
(29, 'Antal Pál', 2475),
(30, 'Sipos Gergő', 8557),
(31, 'Major Kitti', 3052),
(32, 'Kovács Edit', 3175),
(33, 'Vincze Albert', 5213),
(34, 'Bogdán Ervin', 9161),
(35, 'Lengyel Henrik', 7454),
(36, 'Somogyi Alex', 8821),
(37, 'Balogh Júlia', 7473),
(38, 'Pintér Martin', 8956),
(39, 'Lengyel Beáta', 9621),
(40, 'Máté Petra', 4325),
(41, 'Gál Brigitta', 7754),
(42, 'Pásztor Péter', 7191),
(43, 'Szekeres Klára', 2335),
(44, 'Boros János', 6785),
(45, 'Szilágyi Györgyi', 8976),
(46, 'Fehér Klára', 8676),
(47, 'Szilágyi Csaba', 2230),
(48, 'Sándor Nándor', 8915),
(49, 'Bognár Katalin', 3831),
(50, 'Szalai Arnold', 7720),
(51, 'Csonka Olga', 4600),
(52, 'Faragó Erika', 4546),
(53, 'Deák Mihály', 6447),
(54, 'Bogdán Márta', 5800),
(55, 'Székely Renáta', 2194),
(56, 'Fodor Szabolcs', 7683),
(57, 'Váradi Henrik', 8121),
(58, 'Borbély Brigitta', 1098),
(59, 'Virág Adrián', 8491),
(60, 'Magyar Aranka', 7726),
(61, 'Borbély Mátyás', 1142),
(62, 'Szabó Richárd', 3064),
(63, 'Balog Dominik', 9146),
(64, 'Barna Milán', 7200),
(65, 'Varga Gergő', 5622),
(66, 'Szalai Bernadett', 9172),
(67, 'Major Dorina', 2484),
(68, 'Kocsis Zsombor', 6076),
(69, 'Kovács Lili', 3254),
(70, 'Bakos Marcell', 7921),
(71, 'Budai Réka', 7588),
(72, 'Székely Ildikó', 8989),
(73, 'Kelemen Martin', 3994),
(74, 'Oláh Róza', 8931),
(75, 'Pintér Richárd', 2344),
(76, 'Oláh Zita', 1116),
(77, 'Gulyás Zsigmond', 8698),
(78, 'Orosz Zoltán', 9917),
(79, 'Fodor Lóránt', 8241),
(80, 'Kis Barnabás', 9463),
(81, 'Gulyás József', 9162),
(82, 'Kocsis Tibor', 7753),
(83, 'Jakab Krisztián', 8523),
(84, 'Pál Terézia', 7714),
(85, 'Kerekes Zita', 8251),
(86, 'Nagy Olivér', 8751),
(87, 'Sándor Zsigmond', 1047),
(88, 'Somogyi Richárd', 2000),
(89, 'Nemes Réka', 8667),
(90, 'Tóth Gergő', 9782),
(91, 'Veres Irma', 4495),
(92, 'Vincze Marcell', 2241),
(93, 'Deák György', 2060),
(94, 'Gáspár Ervin', 7122),
(95, 'Kocsis Szabolcs', 7146),
(96, 'Király Piroska', 8765),
(97, 'Németh Olga', 4912),
(98, 'Lukács Renáta', 2535),
(99, 'Katona Renáta', 3104),
(100, 'Simon Júlia', 9345),
(101, 'Orsós Renáta', 4621),
(102, 'Varga Klára', 9373),
(103, 'Horváth Renáta', 3599),
(104, 'Bogdán Virág', 8692),
(105, 'Varga Szilvia', 8854),
(106, 'Magyar Renátó', 7915),
(107, 'Végh Rudolf', 8183),
(108, 'Pataki Ervin', 7936),
(109, 'Soós Balázs', 4516),
(110, 'Pap Jolán', 1068),
(111, 'Puskás Rita', 8767),
(112, 'Csonka Benjámin', 4252),
(113, 'Szücs Benjámin', 6132),
(114, 'Vincze Csongor', 1155),
(115, 'Deák Zsuzsanna', 5322),
(116, 'Szőke Nikoletta', 3532),
(117, 'Takács Balázs', 1119),
(118, 'Novák Richárd', 3011),
(119, 'Péter Terézia', 7773),
(120, 'Lukács Ildikó', 7623),
(121, 'Varga Tünde', 8445),
(122, 'Varga Fanni', 1073),
(123, 'Halász Ákos', 3752),
(124, 'Barta Virág', 8043),
(125, 'Budai Ágnes', 9747),
(126, 'Biró Lilla', 2216),
(127, 'Gáspár Viktória', 8621),
(128, 'Rácz Erika', 8721),
(129, 'Kelemen Zalán', 6008),
(130, 'Molnár Kitti', 9553),
(131, 'Vincze Viktória', 3145),
(132, 'Balog Béla', 9548),
(133, 'Horváth Roland', 9339),
(134, 'Szekeres Beáta', 2440),
(135, 'Antal Roland', 7085),
(136, 'Vass Fanni', 7071),
(137, 'Pintér Hajnalka', 2735),
(138, 'Tamás Klára', 8773),
(139, 'Fodor Alex', 4746),
(140, 'Gál Mariann', 3775),
(141, 'Pál Csilla', 7441),
(142, 'Fazekas Károly', 5071),
(143, 'Sipos Benedek', 8432),
(144, 'Kiss Marcell', 8646),
(145, 'Faragó Márk', 2241),
(146, 'Kerekes Kornél', 8671),
(147, 'Veres Sándor', 3821),
(148, 'Fekete Mária', 2114),
(149, 'Gál Henrik', 1106),
(150, 'Kelemen György', 4262),
(151, 'Orsós Csongor', 8073),
(152, 'Varga Klaudia', 4114),
(153, 'Nemes Zsolt', 9774),
(154, 'Halász Ábel', 4031),
(155, 'Végh János', 8138),
(156, 'Balla Győző', 2162),
(157, 'Oláh Olga', 9622),
(158, 'Varga Barnabás', 4731),
(159, 'Rácz Richárd', 7745),
(160, 'Bodnár János', 8611),
(161, 'Novák Erika', 8428),
(162, 'Király András', 8956),
(163, 'Soós Terézia', 4033),
(164, 'Deák János', 5703),
(165, 'Antal Mariann', 8882),
(166, 'Csonka Csongor', 8265),
(167, 'Vörös Bence', 1043),
(168, 'Halász Edit', 4080),
(169, 'Simon Szabolcs', 7063),
(170, 'Mészáros Alex', 7226),
(171, 'Váradi Balázs', 4966),
(172, 'Fazekas Renáta', 6114),
(173, 'Nemes Szabolcs', 5537),
(174, 'Vincze Dezső', 8517),
(175, 'Faragó Rozália', 9954),
(176, 'Vörös Gergő', 8932),
(177, 'Király Julianna', 2851),
(178, 'Soós Barbara', 8800),
(179, 'Farkas Dénes', 7763),
(180, 'Sándor Dorina', 3716),
(181, 'Horváth Pál', 7044),
(182, 'Hegedűs Júlia', 2612),
(183, 'Veres Dániel', 8271),
(184, 'Végh Olga', 8891),
(185, 'Veres Arnold', 8348),
(186, 'Dudás Erika', 3345),
(187, 'Magyar Brigitta', 8777),
(188, 'Szalai János', 8134),
(189, 'Pataki Klára', 3041),
(190, 'Puskás György', 8352),
(191, 'Orosz Ida', 9821),
(192, 'Pap Szabolcs', 2433),
(193, 'Szabó Szilvia', 7086),
(194, 'László Anikó', 7381),
(195, 'Váradi Jolán', 1036),
(196, 'Takács Csilla', 8284),
(197, 'Biró Richárd', 7457),
(198, 'Juhász Tivadar', 3533),
(199, 'Fehér János', 8591),
(200, 'László Martin', 8998),
(201, 'Szekeres Martin', 3906),
(202, 'Péter Milán', 6236),
(203, 'Gulyás Andor', 8479),
(204, 'Bálint Gizella', 7781),
(205, 'Mészáros Anikó', 1224),
(206, 'Sipos Antal', 2173),
(207, 'Balázs Dezső', 3815),
(208, 'Antal Renátó', 3384),
(209, 'Váradi Gizella', 8471),
(210, 'Németh Zoltán', 4722),
(211, 'Péter Lóránt', 1026),
(212, 'Balogh Martin', 4271),
(213, 'Szilágyi Klára', 5650),
(214, 'Jónás Evelin', 8992),
(215, 'Katona György', 9231),
(216, 'Pásztor Ferenc', 8943),
(217, 'Dobos Zsófia', 9554),
(218, 'Bodnár Györgyi', 8771),
(219, 'Papp Marcell', 9600),
(220, 'Szilágyi Kevin', 2431),
(221, 'Szilágyi Barna', 8295),
(222, 'Orbán Gyula', 9675),
(223, 'Kozma Szilvia', 8866),
(224, 'Szücs Róza', 2366),
(225, 'Kovács Emil', 4343),
(226, 'Vincze Melinda', 2252),
(227, 'Csonka Dorina', 9081),
(228, 'Németh Róbert', 8315),
(229, 'Dobos Balázs', 4947),
(230, 'Pál Tímea', 8984),
(231, 'Rácz Dénes', 9174),
(232, 'Antal Kitti', 5510),
(233, 'Szücs Iván', 5453),
(234, 'Balogh András', 5527),
(235, 'Balla Dávid', 2009),
(236, 'Kocsis Lili', 5905),
(237, 'Vincze Beáta', 4643),
(238, 'Fehér Mónika', 9791),
(239, 'Sándor Marcell', 7545),
(240, 'Fekete Emma', 8981),
(241, 'Fodor Balázs', 7775),
(242, 'Vass Benjámin', 6913),
(243, 'Puskás Erika', 4945),
(244, 'László Roland', 7918),
(245, 'Vass András', 2141),
(246, 'Novák Dorina', 5054),
(247, 'Török Szilvia', 7849),
(248, 'Fodor Patrik', 4273),
(249, 'Molnár Brigitta', 9122),
(250, 'Gáspár József', 3075),
(251, 'Major Beatrix', 9722),
(252, 'Pintér Eszter', 8483),
(253, 'Fazekas Dorina', 7214),
(254, 'Tamás Gergő', 4522),
(255, 'Bodnár Brigitta', 4973),
(256, 'Lakatos Dominik', 8516),
(257, 'Tóth Alex', 9725),
(258, 'Faragó Szilvia', 4751),
(259, 'Szalai Olga', 7783),
(260, 'Pataki Anita', 4483),
(261, 'Kovács Marcell', 3327),
(262, 'Major Barnabás', 9135),
(263, 'Végh Ildikó', 3812),
(264, 'Sipos Júlia', 9836),
(265, 'Barta Attila', 7474),
(266, 'Farkas Márta', 6753),
(267, 'Illés Lilla', 3885),
(268, 'Budai Lóránt', 4324),
(269, 'Faragó György', 8561),
(270, 'Szűcs Anikó', 9742),
(271, 'Horváth Veronika', 5744),
(272, 'Hegedüs Tibor', 7351),
(273, 'Pásztor Brigitta', 9099),
(274, 'Mészáros Dorina', 2360),
(275, 'Gulyás Ágnes', 2209),
(276, 'Hegedűs András', 7811),
(277, 'Magyar Enikő', 9535);

--
-- Indexes for dumped tables
--

--
-- Indexes for table `foglalasok`
--
ALTER TABLE `foglalasok`
  ADD PRIMARY KEY (`fsorsz`),
  ADD KEY `vendeg` (`vendeg`),
  ADD KEY `szoba` (`szoba`);

--
-- Indexes for table `szobak`
--
ALTER TABLE `szobak`
  ADD PRIMARY KEY (`szazon`);

--
-- Indexes for table `vendegek`
--
ALTER TABLE `vendegek`
  ADD PRIMARY KEY (`vsorsz`),
  ADD KEY `vnev` (`vnev`);

--
-- Constraints for dumped tables
--

--
-- Constraints for table `foglalasok`
--
ALTER TABLE `foglalasok`
  ADD CONSTRAINT `foglalasok_ibfk_1` FOREIGN KEY (`vendeg`) REFERENCES `vendegek` (`vsorsz`) ON DELETE CASCADE ON UPDATE CASCADE,
  ADD CONSTRAINT `foglalasok_ibfk_2` FOREIGN KEY (`szoba`) REFERENCES `szobak` (`szazon`) ON DELETE CASCADE ON UPDATE CASCADE;
--
-- Database: `futas`
--
CREATE DATABASE IF NOT EXISTS `futas` DEFAULT CHARACTER SET utf8mb4 COLLATE utf8mb4_hungarian_ci;
USE `futas`;

-- --------------------------------------------------------

--
-- Table structure for table `naplo`
--

CREATE TABLE `naplo` (
  `futasID` int(11) NOT NULL,
  `datum` date NOT NULL,
  `tav` int(11) NOT NULL,
  `ido` int(11) NOT NULL
) ENGINE=InnoDB DEFAULT CHARSET=utf8mb4 COLLATE=utf8mb4_hungarian_ci;

--
-- Dumping data for table `naplo`
--

INSERT INTO `naplo` (`futasID`, `datum`, `tav`, `ido`) VALUES
(1, '2019-02-01', 1000, 400),
(2, '2019-02-08', 1100, 435),
(3, '2019-02-15', 1200, 446),
(4, '2019-02-22', 1300, 462),
(5, '2019-03-01', 1400, 502),
(6, '2019-03-08', 1500, 540),
(7, '2019-03-15', 1600, 559),
(8, '2019-03-22', 1700, 610),
(9, '2019-03-29', 1800, 619),
(10, '2019-03-30', 2000, 700);

--
-- Indexes for dumped tables
--

--
-- Indexes for table `naplo`
--
ALTER TABLE `naplo`
  ADD PRIMARY KEY (`futasID`),
  ADD UNIQUE KEY `datum` (`datum`);

--
-- AUTO_INCREMENT for dumped tables
--

--
-- AUTO_INCREMENT for table `naplo`
--
ALTER TABLE `naplo`
  MODIFY `futasID` int(11) NOT NULL AUTO_INCREMENT, AUTO_INCREMENT=11;
--
-- Database: `iskola`
--
CREATE DATABASE IF NOT EXISTS `iskola` DEFAULT CHARACTER SET utf8mb4 COLLATE utf8mb4_hungarian_ci;
USE `iskola`;

-- --------------------------------------------------------

--
-- Table structure for table `diakok`
--

CREATE TABLE `diakok` (
  `az` int(11) NOT NULL,
  `nev` varchar(20) COLLATE utf8mb4_hungarian_ci DEFAULT NULL,
  `osztaly` varchar(2) COLLATE utf8mb4_hungarian_ci DEFAULT NULL,
  `atlag` double DEFAULT NULL
) ENGINE=InnoDB DEFAULT CHARSET=utf8mb4 COLLATE=utf8mb4_hungarian_ci;

--
-- Dumping data for table `diakok`
--

INSERT INTO `diakok` (`az`, `nev`, `osztaly`, `atlag`) VALUES
(3, 'Szűcs János', '1B', 3.55),
(4, 'Boros Ilona', '1B', 2.35),
(5, 'Szabó Sándor', '2A', 4.1),
(6, 'Koltai Judit', '2A', 4.4);

-- --------------------------------------------------------

--
-- Table structure for table `osztalyok`
--

CREATE TABLE `osztalyok` (
  `osztaly` varchar(2) COLLATE utf8mb4_hungarian_ci NOT NULL,
  `of` varchar(20) COLLATE utf8mb4_hungarian_ci DEFAULT NULL
) ENGINE=InnoDB DEFAULT CHARSET=utf8mb4 COLLATE=utf8mb4_hungarian_ci;

--
-- Dumping data for table `osztalyok`
--

INSERT INTO `osztalyok` (`osztaly`, `of`) VALUES
('1B', 'Kovács Edit'),
('2A', 'Tóth Lajos'),
('2B', 'Kovács Géza');

--
-- Indexes for dumped tables
--

--
-- Indexes for table `diakok`
--
ALTER TABLE `diakok`
  ADD PRIMARY KEY (`az`),
  ADD KEY `diakok_ibfk_1` (`osztaly`);

--
-- Indexes for table `osztalyok`
--
ALTER TABLE `osztalyok`
  ADD PRIMARY KEY (`osztaly`);

--
-- Constraints for dumped tables
--

--
-- Constraints for table `diakok`
--
ALTER TABLE `diakok`
  ADD CONSTRAINT `diakok_ibfk_1` FOREIGN KEY (`osztaly`) REFERENCES `osztalyok` (`osztaly`) ON DELETE CASCADE ON UPDATE CASCADE;
--
-- Database: `kobanyavasut`
--
CREATE DATABASE IF NOT EXISTS `kobanyavasut` DEFAULT CHARACTER SET utf8mb4 COLLATE utf8mb4_hungarian_ci;
USE `kobanyavasut`;

-- --------------------------------------------------------

--
-- Table structure for table `allomasok`
--

CREATE TABLE `allomasok` (
  `id` int(11) NOT NULL,
  `allomasNev` varchar(16) COLLATE utf8mb4_hungarian_ci NOT NULL
) ENGINE=InnoDB DEFAULT CHARSET=utf8mb4 COLLATE=utf8mb4_hungarian_ci;

--
-- Dumping data for table `allomasok`
--

INSERT INTO `allomasok` (`id`, `allomasNev`) VALUES
(1, 'Budapest-Keleti'),
(2, 'Budapest-Nyugati'),
(3, 'Cegléd'),
(4, 'Eger'),
(5, 'Füzesabony'),
(6, 'Gödöllő'),
(7, 'Hatvan'),
(8, 'Kecskemét'),
(9, 'Lajosmizse'),
(10, 'Monor'),
(11, 'Nagykáta'),
(12, 'Sülysáp'),
(13, 'Szeged'),
(14, 'Szolnok'),
(15, 'Záhony'),
(16, 'Dabas');

-- --------------------------------------------------------

--
-- Table structure for table `vonatok`
--

CREATE TABLE `vonatok` (
  `jaratSzam` varchar(4) COLLATE utf8mb4_hungarian_ci NOT NULL,
  `jaratTipus` varchar(2) COLLATE utf8mb4_hungarian_ci NOT NULL,
  `indulas` time NOT NULL,
  `allomas` varchar(5) COLLATE utf8mb4_hungarian_ci NOT NULL,
  `vegAll` int(11) NOT NULL,
  `erkezIdo` time NOT NULL
) ENGINE=InnoDB DEFAULT CHARSET=utf8mb4 COLLATE=utf8mb4_hungarian_ci;

--
-- Dumping data for table `vonatok`
--

INSERT INTO `vonatok` (`jaratSzam`, `jaratTipus`, `indulas`, `allomas`, `vegAll`, `erkezIdo`) VALUES
('2608', 'gy', '17:39:00', 'Alsó', 14, '18:53:00'),
('2610', 'sz', '00:54:00', 'Alsó', 14, '02:24:00'),
('2611', 'sz', '00:02:00', 'Alsó', 2, '00:14:00'),
('2617', 'zó', '07:45:00', 'Alsó', 2, '07:57:00'),
('2619', 'sz', '04:40:00', 'Alsó', 2, '04:52:00'),
('2620', 'sz', '02:56:00', 'Alsó', 14, '04:35:00'),
('2627', 'zó', '08:15:00', 'Alsó', 2, '08:27:00'),
('2629', 'sz', '05:10:00', 'Alsó', 2, '05:22:00'),
('2638', 'sz', '22:54:00', 'Alsó', 14, '00:24:00'),
('2648', 'sz', '23:54:00', 'Alsó', 14, '01:24:00'),
('2649', 'zó', '06:45:00', 'Alsó', 2, '06:57:00'),
('2669', 'zó', '07:15:00', 'Alsó', 2, '07:27:00'),
('2710', 'sz', '04:49:00', 'Alsó', 10, '05:22:00'),
('2711', 'sz', '18:40:00', 'Alsó', 2, '18:52:00'),
('2712', 'sz', '06:49:00', 'Alsó', 10, '07:22:00'),
('2713', 'sz', '14:40:00', 'Alsó', 2, '14:52:00'),
('2714', 'sz', '10:19:00', 'Alsó', 10, '10:52:00'),
('2715', 'sz', '10:40:00', 'Alsó', 2, '10:52:00'),
('2716', 'sz', '14:19:00', 'Alsó', 10, '14:52:00'),
('2717', 'sz', '08:10:00', 'Alsó', 2, '08:22:00'),
('2718', 'sz', '18:19:00', 'Alsó', 10, '18:52:00'),
('2719', 'sz', '05:40:00', 'Alsó', 2, '05:52:00'),
('2720', 'sz', '05:19:00', 'Alsó', 10, '05:52:00'),
('2721', 'sz', '19:10:00', 'Alsó', 2, '19:22:00'),
('2722', 'sz', '07:19:00', 'Alsó', 10, '07:52:00'),
('2723', 'sz', '15:10:00', 'Alsó', 2, '15:22:00'),
('2724', 'sz', '10:49:00', 'Alsó', 10, '11:22:00'),
('2725', 'sz', '11:10:00', 'Alsó', 2, '11:22:00'),
('2726', 'sz', '14:49:00', 'Alsó', 10, '15:22:00'),
('2727', 'sz', '08:40:00', 'Alsó', 2, '08:52:00'),
('2728', 'sz', '18:49:00', 'Alsó', 10, '19:22:00'),
('2729', 'sz', '06:10:00', 'Alsó', 2, '06:22:00'),
('2730', 'sz', '05:49:00', 'Alsó', 10, '06:22:00'),
('2731', 'sz', '20:10:00', 'Alsó', 2, '20:22:00'),
('2732', 'sz', '07:49:00', 'Alsó', 10, '08:22:00'),
('2733', 'sz', '15:40:00', 'Alsó', 2, '15:52:00'),
('2734', 'sz', '11:19:00', 'Alsó', 10, '11:52:00'),
('2735', 'sz', '11:40:00', 'Alsó', 2, '11:52:00'),
('2736', 'sz', '15:19:00', 'Alsó', 10, '15:52:00'),
('2737', 'sz', '09:10:00', 'Alsó', 2, '09:22:00'),
('2738', 'sz', '19:19:00', 'Alsó', 10, '19:52:00'),
('2739', 'sz', '06:40:00', 'Alsó', 2, '06:52:00'),
('2740', 'sz', '06:19:00', 'Alsó', 10, '06:52:00'),
('2741', 'sz', '21:10:00', 'Alsó', 2, '21:22:00'),
('2742', 'sz', '08:19:00', 'Alsó', 10, '08:52:00'),
('2743', 'sz', '16:10:00', 'Alsó', 2, '16:22:00'),
('2744', 'sz', '11:49:00', 'Alsó', 10, '12:22:00'),
('2745', 'sz', '12:10:00', 'Alsó', 2, '12:22:00'),
('2746', 'sz', '15:49:00', 'Alsó', 10, '16:22:00'),
('2747', 'sz', '09:40:00', 'Alsó', 2, '09:52:00'),
('2748', 'sz', '19:49:00', 'Alsó', 10, '20:22:00'),
('2749', 'sz', '07:10:00', 'Alsó', 2, '07:22:00'),
('2751', 'sz', '22:10:00', 'Alsó', 2, '22:22:00'),
('2752', 'sz', '08:49:00', 'Alsó', 10, '09:22:00'),
('2753', 'sz', '16:40:00', 'Alsó', 2, '16:52:00'),
('2754', 'sz', '12:19:00', 'Alsó', 10, '12:52:00'),
('2755', 'sz', '12:40:00', 'Alsó', 2, '12:52:00'),
('2756', 'sz', '16:19:00', 'Alsó', 10, '16:52:00'),
('2757', 'sz', '10:10:00', 'Alsó', 2, '10:22:00'),
('2758', 'sz', '20:49:00', 'Alsó', 10, '21:22:00'),
('2759', 'sz', '07:40:00', 'Alsó', 2, '07:52:00'),
('2762', 'sz', '09:19:00', 'Alsó', 10, '09:52:00'),
('2763', 'sz', '17:10:00', 'Alsó', 2, '17:22:00'),
('2764', 'sz', '12:49:00', 'Alsó', 10, '13:22:00'),
('2765', 'sz', '13:10:00', 'Alsó', 2, '13:22:00'),
('2766', 'sz', '16:49:00', 'Alsó', 10, '17:22:00'),
('2768', 'sz', '21:54:00', 'Alsó', 10, '22:27:00'),
('2772', 'sz', '09:49:00', 'Alsó', 10, '10:22:00'),
('2773', 'sz', '17:40:00', 'Alsó', 2, '17:52:00'),
('2774', 'sz', '13:19:00', 'Alsó', 10, '13:52:00'),
('2775', 'sz', '13:40:00', 'Alsó', 2, '13:52:00'),
('2776', 'sz', '17:19:00', 'Alsó', 10, '17:52:00'),
('2783', 'sz', '18:10:00', 'Alsó', 2, '18:22:00'),
('2784', 'sz', '13:49:00', 'Alsó', 10, '14:22:00'),
('2785', 'sz', '14:10:00', 'Alsó', 2, '14:22:00'),
('2786', 'sz', '17:49:00', 'Alsó', 10, '18:22:00'),
('2811', 'zó', '19:45:00', 'Alsó', 2, '19:57:00'),
('2812', 'zó', '06:14:00', 'Alsó', 3, '07:12:00'),
('2813', 'zó', '15:45:00', 'Alsó', 2, '15:57:00'),
('2814', 'zó', '10:14:00', 'Alsó', 3, '11:12:00'),
('2815', 'zó', '11:45:00', 'Alsó', 2, '11:57:00'),
('2816', 'zó', '14:14:00', 'Alsó', 3, '15:12:00'),
('2817', 'zó', '08:45:00', 'Alsó', 2, '08:57:00'),
('2818', 'zó', '18:14:00', 'Alsó', 3, '19:12:00'),
('2819', 'sz', '04:10:00', 'Alsó', 2, '04:22:00'),
('2821', 'zó', '20:45:00', 'Alsó', 2, '20:57:00'),
('2822', 'zó', '07:14:00', 'Alsó', 3, '08:12:00'),
('2823', 'zó', '16:45:00', 'Alsó', 2, '16:57:00'),
('2824', 'zó', '11:14:00', 'Alsó', 3, '12:12:00'),
('2825', 'zó', '12:45:00', 'Alsó', 2, '12:57:00'),
('2826', 'zó', '15:14:00', 'Alsó', 3, '16:12:00'),
('2827', 'zó', '09:45:00', 'Alsó', 2, '09:57:00'),
('2828', 'zó', '19:14:00', 'Alsó', 3, '20:12:00'),
('2829', 'zó', '05:15:00', 'Alsó', 2, '05:27:00'),
('2831', 'zó', '21:45:00', 'Alsó', 2, '21:57:00'),
('2832', 'zó', '08:14:00', 'Alsó', 3, '09:12:00'),
('2833', 'zó', '17:45:00', 'Alsó', 2, '17:57:00'),
('2834', 'zó', '12:14:00', 'Alsó', 3, '13:12:00'),
('2835', 'zó', '13:45:00', 'Alsó', 2, '13:57:00'),
('2836', 'zó', '16:14:00', 'Alsó', 3, '17:12:00'),
('2837', 'zó', '10:45:00', 'Alsó', 2, '10:57:00'),
('2838', 'zó', '20:14:00', 'Alsó', 3, '21:12:00'),
('2839', 'zó', '05:45:00', 'Alsó', 2, '05:57:00'),
('2842', 'zó', '09:14:00', 'Alsó', 3, '10:12:00'),
('2843', 'zó', '18:45:00', 'Alsó', 2, '18:57:00'),
('2844', 'zó', '13:14:00', 'Alsó', 3, '14:12:00'),
('2845', 'zó', '14:45:00', 'Alsó', 2, '14:57:00'),
('2846', 'zó', '17:14:00', 'Alsó', 3, '18:12:00'),
('2848', 'zó', '21:14:00', 'Alsó', 3, '22:12:00'),
('2849', 'gy', '05:55:00', 'Alsó', 2, '06:07:00'),
('2856', 'zó', '13:44:00', 'Alsó', 3, '14:42:00'),
('2858', 'zó', '17:44:00', 'Alsó', 3, '18:42:00'),
('2859', 'zó', '06:15:00', 'Alsó', 2, '06:27:00'),
('2866', 'zó', '14:44:00', 'Alsó', 3, '15:42:00'),
('2868', 'zó', '18:44:00', 'Alsó', 3, '19:42:00'),
('2876', 'zó', '15:44:00', 'Alsó', 3, '16:42:00'),
('2878', 'zó', '19:44:00', 'Alsó', 14, '21:15:00'),
('2879', 'gy', '06:55:00', 'Alsó', 2, '07:07:00'),
('2886', 'zó', '16:44:00', 'Alsó', 3, '17:42:00'),
('2888', 'zó', '20:44:00', 'Alsó', 14, '22:04:00'),
('2911', 'sz', '20:30:00', 'Alsó', 2, '20:42:00'),
('2912', 'sz', '06:29:00', 'Alsó', 9, '08:18:00'),
('2913', 'sz', '16:30:00', 'Alsó', 2, '16:42:00'),
('2914', 'sz', '10:29:00', 'Alsó', 9, '12:18:00'),
('2915', 'sz', '12:30:00', 'Alsó', 2, '12:42:00'),
('2916', 'sz', '14:29:00', 'Alsó', 9, '16:18:00'),
('2917', 'sz', '07:30:00', 'Alsó', 2, '07:42:00'),
('2918', 'sz', '18:29:00', 'Alsó', 9, '20:18:00'),
('2919', 'sz', '04:30:00', 'Alsó', 2, '04:42:00'),
('2920', 'sz', '05:29:00', 'Alsó', 9, '07:18:00'),
('2921', 'sz', '21:30:00', 'Alsó', 2, '21:42:00'),
('2922', 'sz', '07:29:00', 'Alsó', 9, '09:18:00'),
('2923', 'sz', '17:30:00', 'Alsó', 2, '17:42:00'),
('2924', 'sz', '11:29:00', 'Alsó', 9, '13:18:00'),
('2925', 'sz', '13:30:00', 'Alsó', 2, '13:42:00'),
('2926', 'sz', '15:29:00', 'Alsó', 9, '17:18:00'),
('2928', 'sz', '19:29:00', 'Alsó', 9, '21:18:00'),
('2929', 'sz', '05:00:00', 'Alsó', 2, '05:12:00'),
('2931', 'sz', '22:30:00', 'Alsó', 2, '22:42:00'),
('2932', 'sz', '08:29:00', 'Alsó', 9, '10:18:00'),
('2933', 'sz', '18:30:00', 'Alsó', 2, '18:42:00'),
('2934', 'sz', '12:29:00', 'Alsó', 9, '14:18:00'),
('2935', 'sz', '14:30:00', 'Alsó', 2, '14:42:00'),
('2936', 'sz', '16:29:00', 'Alsó', 9, '18:18:00'),
('2937', 'sz', '08:30:00', 'Alsó', 2, '08:42:00'),
('2938', 'sz', '20:29:00', 'Alsó', 9, '22:15:00'),
('2939', 'sz', '05:30:00', 'Alsó', 2, '05:42:00'),
('2942', 'sz', '09:29:00', 'Alsó', 9, '11:18:00'),
('2943', 'sz', '19:30:00', 'Alsó', 2, '19:42:00'),
('2944', 'sz', '13:29:00', 'Alsó', 9, '15:18:00'),
('2945', 'sz', '15:30:00', 'Alsó', 2, '15:42:00'),
('2946', 'sz', '17:29:00', 'Alsó', 9, '19:18:00'),
('2947', 'sz', '09:30:00', 'Alsó', 2, '09:42:00'),
('2948', 'sz', '21:29:00', 'Alsó', 9, '23:15:00'),
('2957', 'sz', '10:30:00', 'Alsó', 2, '10:42:00'),
('2958', 'sz', '22:29:00', 'Alsó', 9, '00:12:00'),
('2959', 'sz', '06:30:00', 'Alsó', 2, '06:42:00'),
('2967', 'sz', '11:30:00', 'Alsó', 2, '11:42:00'),
('2968', 'sz', '23:44:00', 'Alsó', 9, '01:27:00'),
('3011', 'sz', '20:24:00', 'Felső', 1, '20:30:00'),
('3014', 'sz', '11:36:00', 'Felső', 7, '12:47:00'),
('3015', 'sz', '12:24:00', 'Felső', 1, '12:30:00'),
('3016', 'sz', '16:41:00', 'Felső', 7, '17:47:00'),
('3017', 'sz', '07:34:00', 'Felső', 1, '07:40:00'),
('3019', 'sz', '04:19:00', 'Felső', 1, '04:25:00'),
('3020', 'sz', '05:06:00', 'Felső', 7, '06:14:00'),
('3022', 'sz', '07:36:00', 'Felső', 7, '08:47:00'),
('3023', 'sz', '18:24:00', 'Felső', 1, '18:30:00'),
('3026', 'sz', '17:36:00', 'Felső', 7, '18:47:00'),
('3027', 'sz', '07:49:00', 'Felső', 1, '07:55:00'),
('3028', 'sz', '19:36:00', 'Felső', 7, '20:47:00'),
('3029', 'sz', '04:54:00', 'Felső', 1, '05:00:00'),
('3030', 'sz', '05:36:00', 'Felső', 7, '06:47:00'),
('3031', 'sz', '22:24:00', 'Felső', 1, '22:30:00'),
('3034', 'sz', '13:36:00', 'Felső', 7, '14:47:00'),
('3035', 'sz', '14:24:00', 'Felső', 1, '14:30:00'),
('3037', 'sz', '08:24:00', 'Felső', 1, '08:30:00'),
('3038', 'sz', '20:36:00', 'Felső', 7, '21:47:00'),
('3039', 'sz', '05:24:00', 'Felső', 1, '05:30:00'),
('3040', 'sz', '06:06:00', 'Felső', 7, '07:13:00'),
('3041', 'sz', '23:24:00', 'Felső', 1, '23:30:00'),
('3042', 'sz', '09:36:00', 'Felső', 7, '10:47:00'),
('3048', 'sz', '21:36:00', 'Felső', 7, '22:47:00'),
('3049', 'sz', '06:09:00', 'Felső', 1, '06:15:00'),
('3054', 'sz', '15:36:00', 'Felső', 7, '16:47:00'),
('3055', 'sz', '16:24:00', 'Felső', 1, '16:30:00'),
('3057', 'sz', '10:24:00', 'Felső', 1, '10:30:00'),
('3058', 'sz', '23:51:00', 'Felső', 7, '01:00:00'),
('3059', 'sz', '06:34:00', 'Felső', 1, '06:40:00'),
('3069', 'sz', '06:54:00', 'Felső', 1, '07:00:00'),
('3210', 'sz', '07:06:00', 'Felső', 6, '07:42:00'),
('3211', 'sz', '19:54:00', 'Felső', 1, '20:00:00'),
('3212', 'sz', '08:06:00', 'Felső', 6, '08:42:00'),
('3213', 'sz', '16:54:00', 'Felső', 1, '17:00:00'),
('3214', 'sz', '12:06:00', 'Felső', 6, '12:42:00'),
('3215', 'sz', '12:54:00', 'Felső', 1, '13:00:00'),
('3216', 'sz', '16:06:00', 'Felső', 6, '16:42:00'),
('3217', 'sz', '08:54:00', 'Felső', 1, '09:00:00'),
('3218', 'sz', '18:06:00', 'Felső', 6, '18:42:00'),
('3221', 'sz', '20:54:00', 'Felső', 1, '21:00:00'),
('3222', 'sz', '09:06:00', 'Felső', 6, '09:42:00'),
('3223', 'sz', '17:54:00', 'Felső', 1, '18:00:00'),
('3224', 'sz', '13:06:00', 'Felső', 6, '13:42:00'),
('3225', 'sz', '13:54:00', 'Felső', 1, '14:00:00'),
('3226', 'sz', '17:06:00', 'Felső', 6, '17:42:00'),
('3227', 'sz', '09:54:00', 'Felső', 1, '10:00:00'),
('3228', 'sz', '19:06:00', 'Felső', 6, '19:42:00'),
('3232', 'sz', '10:06:00', 'Felső', 6, '10:42:00'),
('3233', 'sz', '18:54:00', 'Felső', 1, '19:00:00'),
('3234', 'sz', '14:06:00', 'Felső', 6, '14:42:00'),
('3235', 'sz', '14:54:00', 'Felső', 1, '15:00:00'),
('3237', 'sz', '10:54:00', 'Felső', 1, '11:00:00'),
('3242', 'sz', '11:06:00', 'Felső', 6, '11:42:00'),
('3244', 'sz', '15:06:00', 'Felső', 6, '15:42:00'),
('3245', 'sz', '15:54:00', 'Felső', 1, '16:00:00'),
('3247', 'sz', '11:54:00', 'Felső', 1, '12:00:00'),
('3311', 'zó', '19:39:00', 'Felső', 1, '19:45:00'),
('3312', 'sz', '06:21:00', 'Felső', 14, '08:10:00'),
('3313', 'zó', '15:39:00', 'Felső', 1, '15:45:00'),
('3314', 'zó', '10:21:00', 'Felső', 14, '11:58:00'),
('3315', 'zó', '11:39:00', 'Felső', 1, '11:45:00'),
('3316', 'zó', '14:21:00', 'Felső', 14, '15:58:00'),
('3317', 'gy', '07:24:00', 'Felső', 1, '07:30:00'),
('3318', 'zó', '18:21:00', 'Felső', 14, '19:58:00'),
('3319', 'gy', '04:39:00', 'Felső', 1, '04:45:00'),
('3320', 'sz', '04:16:00', 'Felső', 14, '06:05:00'),
('3321', 'sz', '21:04:00', 'Felső', 1, '21:10:00'),
('3322', 'zó', '07:21:00', 'Felső', 14, '08:58:00'),
('3323', 'zó', '16:39:00', 'Felső', 1, '16:45:00'),
('3324', 'zó', '11:21:00', 'Felső', 14, '12:58:00'),
('3325', 'zó', '12:39:00', 'Felső', 1, '12:45:00'),
('3326', 'gy', '14:51:00', 'Felső', 14, '16:41:00'),
('3327', 'gy', '07:44:00', 'Felső', 1, '07:50:00'),
('3328', 'gy', '18:51:00', 'Felső', 14, '20:41:00'),
('3329', 'gy', '05:09:00', 'Felső', 1, '05:15:00'),
('3330', 'sz', '05:16:00', 'Felső', 14, '07:07:00'),
('3331', 'sz', '22:04:00', 'Felső', 1, '22:10:00'),
('3332', 'zó', '08:21:00', 'Felső', 14, '09:58:00'),
('3333', 'zó', '17:39:00', 'Felső', 1, '17:45:00'),
('3334', 'zó', '12:21:00', 'Felső', 14, '13:58:00'),
('3335', 'zó', '13:39:00', 'Felső', 1, '13:45:00'),
('3336', 'zó', '15:21:00', 'Felső', 14, '16:58:00'),
('3337', 'gy', '08:04:00', 'Felső', 1, '08:10:00'),
('3338', 'zó', '19:16:00', 'Felső', 14, '20:58:00'),
('3339', 'gy', '05:39:00', 'Felső', 1, '05:45:00'),
('3341', 'sz', '23:04:00', 'Felső', 1, '23:10:00'),
('3342', 'zó', '09:21:00', 'Felső', 14, '10:58:00'),
('3343', 'zó', '18:39:00', 'Felső', 1, '18:45:00'),
('3344', 'zó', '13:21:00', 'Felső', 14, '14:58:00'),
('3345', 'zó', '14:39:00', 'Felső', 1, '14:45:00'),
('3346', 'gy', '15:51:00', 'Felső', 14, '17:41:00'),
('3347', 'zó', '08:44:00', 'Felső', 1, '08:50:00'),
('3348', 'zó', '20:21:00', 'Felső', 14, '21:58:00'),
('3349', 'gy', '06:04:00', 'Felső', 1, '06:10:00'),
('3351', 'sz', '00:09:00', 'Felső', 1, '00:15:00'),
('3356', 'zó', '16:21:00', 'Felső', 14, '17:58:00'),
('3357', 'zó', '09:39:00', 'Felső', 1, '09:45:00'),
('3358', 'sz', '20:56:00', 'Felső', 14, '22:45:00'),
('3359', 'gy', '06:24:00', 'Felső', 1, '06:30:00'),
('3366', 'gy', '16:51:00', 'Felső', 14, '18:41:00'),
('3367', 'zó', '10:39:00', 'Felső', 1, '10:45:00'),
('3368', 'sz', '21:56:00', 'Felső', 14, '23:45:00'),
('3369', 'gy', '06:44:00', 'Felső', 1, '06:50:00'),
('3376', 'zó', '17:21:00', 'Felső', 14, '18:58:00'),
('3378', 'sz', '22:56:00', 'Felső', 14, '00:46:00'),
('3379', 'gy', '07:04:00', 'Felső', 1, '07:10:00'),
('3386', 'gy', '17:51:00', 'Felső', 14, '19:41:00'),
('3388', 'sz', '00:01:00', 'Felső', 14, '01:50:00'),
('3411', 'sz', '19:04:00', 'Felső', 1, '19:10:00'),
('3412', 'sz', '06:56:00', 'Felső', 12, '07:35:00'),
('3413', 'sz', '15:04:00', 'Felső', 1, '15:10:00'),
('3414', 'sz', '10:26:00', 'Felső', 12, '11:05:00'),
('3415', 'sz', '11:04:00', 'Felső', 1, '11:10:00'),
('3416', 'sz', '14:26:00', 'Felső', 12, '15:05:00'),
('3417', 'sz', '08:39:00', 'Felső', 1, '08:45:00'),
('3418', 'sz', '18:26:00', 'Felső', 12, '19:05:00'),
('3421', 'sz', '19:34:00', 'Felső', 1, '19:40:00'),
('3422', 'sz', '07:26:00', 'Felső', 12, '08:05:00'),
('3423', 'sz', '15:34:00', 'Felső', 1, '15:40:00'),
('3424', 'sz', '10:56:00', 'Felső', 12, '11:35:00'),
('3425', 'sz', '11:34:00', 'Felső', 1, '11:40:00'),
('3426', 'sz', '14:56:00', 'Felső', 12, '15:35:00'),
('3427', 'sz', '09:04:00', 'Felső', 1, '09:10:00'),
('3428', 'sz', '18:56:00', 'Felső', 12, '19:35:00'),
('3431', 'sz', '20:04:00', 'Felső', 1, '20:10:00'),
('3432', 'sz', '07:56:00', 'Felső', 12, '08:35:00'),
('3433', 'sz', '16:04:00', 'Felső', 1, '16:10:00'),
('3434', 'sz', '11:26:00', 'Felső', 12, '12:05:00'),
('3435', 'sz', '12:04:00', 'Felső', 1, '12:10:00'),
('3436', 'sz', '15:26:00', 'Felső', 12, '16:05:00'),
('3437', 'sz', '09:34:00', 'Felső', 1, '09:40:00'),
('3438', 'sz', '19:21:00', 'Felső', 12, '20:00:00'),
('3442', 'sz', '08:26:00', 'Felső', 12, '09:05:00'),
('3443', 'sz', '16:34:00', 'Felső', 1, '16:40:00'),
('3444', 'sz', '11:56:00', 'Felső', 12, '12:35:00'),
('3445', 'sz', '12:34:00', 'Felső', 1, '12:40:00'),
('3446', 'sz', '15:56:00', 'Felső', 12, '16:35:00'),
('3447', 'sz', '10:04:00', 'Felső', 1, '10:10:00'),
('3448', 'sz', '19:56:00', 'Felső', 12, '20:35:00'),
('3452', 'sz', '08:56:00', 'Felső', 12, '09:35:00'),
('3453', 'sz', '17:04:00', 'Felső', 1, '17:10:00'),
('3454', 'sz', '12:26:00', 'Felső', 12, '13:05:00'),
('3455', 'sz', '13:04:00', 'Felső', 1, '13:10:00'),
('3456', 'sz', '16:26:00', 'Felső', 12, '17:05:00'),
('3457', 'sz', '10:34:00', 'Felső', 1, '10:40:00'),
('3458', 'sz', '20:26:00', 'Felső', 12, '21:05:00'),
('3462', 'sz', '09:26:00', 'Felső', 12, '10:05:00'),
('3463', 'sz', '17:34:00', 'Felső', 1, '17:40:00'),
('3464', 'sz', '12:56:00', 'Felső', 12, '13:35:00'),
('3465', 'sz', '13:34:00', 'Felső', 1, '13:40:00'),
('3466', 'sz', '16:56:00', 'Felső', 12, '17:35:00'),
('3472', 'sz', '09:56:00', 'Felső', 12, '10:35:00'),
('3473', 'sz', '18:04:00', 'Felső', 1, '18:10:00'),
('3474', 'sz', '13:26:00', 'Felső', 12, '14:05:00'),
('3475', 'sz', '14:04:00', 'Felső', 1, '14:10:00'),
('3476', 'sz', '17:26:00', 'Felső', 12, '18:05:00'),
('3483', 'sz', '18:34:00', 'Felső', 1, '18:40:00'),
('3484', 'sz', '13:56:00', 'Felső', 12, '14:35:00'),
('3485', 'sz', '14:34:00', 'Felső', 1, '14:40:00'),
('3486', 'sz', '17:56:00', 'Felső', 12, '18:35:00'),
('3610', 'sz', '01:01:00', 'Felső', 11, '01:58:00'),
('3614', 'gy', '13:51:00', 'Felső', 11, '14:42:00'),
('3617', 'sz', '07:19:00', 'Felső', 1, '07:25:00'),
('3619', 'sz', '04:29:00', 'Felső', 1, '04:35:00'),
('3627', 'sz', '07:39:00', 'Felső', 1, '07:45:00'),
('3629', 'sz', '04:59:00', 'Felső', 1, '05:05:00'),
('3637', 'sz', '07:54:00', 'Felső', 1, '08:00:00'),
('3639', 'sz', '05:29:00', 'Felső', 1, '05:35:00'),
('3649', 'sz', '05:59:00', 'Felső', 1, '06:05:00'),
('3659', 'sz', '06:19:00', 'Felső', 1, '06:25:00'),
('3669', 'sz', '06:39:00', 'Felső', 1, '06:45:00'),
('3679', 'sz', '06:59:00', 'Felső', 1, '07:05:00'),
('5018', 'sz', '22:41:00', 'Felső', 5, '00:41:00'),
('5029', 'sz', '05:54:00', 'Felső', 1, '06:00:00'),
('541 ', 'sz', '21:24:00', 'Felső', 1, '21:30:00'),
('542 ', 'sz', '06:36:00', 'Felső', 4, '08:50:00'),
('543 ', 'sz', '17:24:00', 'Felső', 1, '17:30:00'),
('544 ', 'sz', '10:36:00', 'Felső', 4, '12:50:00'),
('545 ', 'sz', '13:24:00', 'Felső', 1, '13:30:00'),
('546 ', 'sz', '14:36:00', 'Felső', 4, '16:50:00'),
('547 ', 'sz', '09:24:00', 'Felső', 1, '09:30:00'),
('5500', 'sz', '04:36:00', 'Felső', 4, '07:07:00'),
('5508', 'sz', '18:36:00', 'Felső', 4, '21:09:00'),
('5509', 'sz', '07:13:00', 'Felső', 1, '07:20:00'),
('552 ', 'sz', '08:36:00', 'Felső', 4, '10:50:00'),
('553 ', 'sz', '19:24:00', 'Felső', 1, '19:30:00'),
('554 ', 'sz', '12:36:00', 'Felső', 4, '14:50:00'),
('555 ', 'sz', '15:24:00', 'Felső', 1, '15:30:00'),
('556 ', 'sz', '16:36:00', 'Felső', 4, '18:50:00'),
('557 ', 'sz', '11:24:00', 'Felső', 1, '11:30:00'),
('6223', 'sz', '22:53:00', 'Alsó', 2, '23:05:00'),
('6240', 'sz', '03:54:00', 'Alsó', 15, '09:17:00'),
('6260', 'sz', '05:14:00', 'Alsó', 15, '10:57:00'),
('7020', 'sz', '04:24:00', 'Alsó', 13, '07:15:00'),
('7028', 'sz', '22:14:00', 'Alsó', 8, '23:42:00'),
('7039', 'gy', '06:25:00', 'Alsó', 2, '06:37:00'),
('7049', 'gy', '07:25:00', 'Alsó', 2, '07:37:00');

--
-- Indexes for dumped tables
--

--
-- Indexes for table `allomasok`
--
ALTER TABLE `allomasok`
  ADD PRIMARY KEY (`id`);

--
-- Indexes for table `vonatok`
--
ALTER TABLE `vonatok`
  ADD PRIMARY KEY (`jaratSzam`),
  ADD KEY `fk_vonatAllomas` (`vegAll`);

--
-- Constraints for dumped tables
--

--
-- Constraints for table `vonatok`
--
ALTER TABLE `vonatok`
  ADD CONSTRAINT `fk_vonatAllomas` FOREIGN KEY (`vegAll`) REFERENCES `allomasok` (`id`);
--
-- Database: `kolcsonzo`
--
CREATE DATABASE IF NOT EXISTS `kolcsonzo` DEFAULT CHARACTER SET utf8mb4 COLLATE utf8mb4_hungarian_ci;
USE `kolcsonzo`;

-- --------------------------------------------------------

--
-- Table structure for table `autok`
--

CREATE TABLE `autok` (
  `rendszam` varchar(6) COLLATE utf8mb4_hungarian_ci NOT NULL,
  `tipus` varchar(20) COLLATE utf8mb4_hungarian_ci NOT NULL,
  `ev` int(11) DEFAULT NULL
) ENGINE=InnoDB DEFAULT CHARSET=utf8mb4 COLLATE=utf8mb4_hungarian_ci;

--
-- Dumping data for table `autok`
--

INSERT INTO `autok` (`rendszam`, `tipus`, `ev`) VALUES
('abc123', 'Suzuki Swoft', 2008),
('bcd234', 'Opel Astra', 2001),
('cde345', 'Ford Focus', 2015),
('def456', 'Honda Jazz', 2018),
('fgh678', 'Kia Ceed', 2018);

--
-- Indexes for dumped tables
--

--
-- Indexes for table `autok`
--
ALTER TABLE `autok`
  ADD PRIMARY KEY (`rendszam`);
--
-- Database: `konditerem`
--
CREATE DATABASE IF NOT EXISTS `konditerem` DEFAULT CHARACTER SET utf8mb4 COLLATE utf8mb4_hungarian_ci;
USE `konditerem`;

-- --------------------------------------------------------

--
-- Table structure for table `kondigepek`
--

CREATE TABLE `kondigepek` (
  `azon` int(2) NOT NULL,
  `gep` varchar(50) COLLATE utf8mb4_hungarian_ci NOT NULL,
  `tajekoztato` text COLLATE utf8mb4_hungarian_ci NOT NULL,
  `tomeg` int(3) NOT NULL,
  `kep` varchar(54) COLLATE utf8mb4_hungarian_ci NOT NULL,
  `tipus_azon` int(1) NOT NULL,
  `letrehozva` datetime NOT NULL,
  `modositva` timestamp NOT NULL DEFAULT current_timestamp() ON UPDATE current_timestamp()
) ENGINE=InnoDB DEFAULT CHARSET=utf8mb4 COLLATE=utf8mb4_hungarian_ci;

--
-- Dumping data for table `kondigepek`
--

INSERT INTO `kondigepek` (`azon`, `gep`, `tajekoztato`, `tomeg`, `kep`, `tipus_azon`, `letrehozva`, `modositva`) VALUES
(1, 'Állítható pad', 'Számos alapgyakorlat végrehajtásához elengedhetetlen kellék egy jó kialakítású és jól beállítható pad. Ez az állítható pad kiváló választás, mivel tervezése során kiemelt fontosságú volt a minél kényelmesebb pozíció biztosítása az anatómiai szempontok figyelembe vételével. Legyen szó akár mell, bicepsz, tricepsz, váll vagy akár a hát izmainak megdolgoztatásáról, ez a kiváló minőségű, professzionális eszköz kiváló társunk lesz a kemény edzések során. Sokoldalú beállítási lehetőségeinek köszönhetően akár egy izomcsoport is több szögből edzhető meg. Végül de nem utolsó sorban, kellemes és innovatív megjelenésével remek színfoltja lehet az edzőtermeknek.', 37, 'allithato-pad.jpg', 1, '2021-02-24 04:45:13', '2021-05-17 23:31:24'),
(2, 'Scott-pad', 'A Scott-padon a bicepsz egyik izolációs gyakorlatát hajthatjuk végre. A gyakorlat a kétfejű karizomnak leginkább az alsó felét hivatott megedzeni. A munkasorozatokat elvégezhetjük egykezes súlyzóval és kétkezes rúddal is. Ennek a profeszzionális konditermi eszköznek az erényei közé sorolhatjuk a kiváló formatervezést, az erős, robosztus szerkezetet és az esztétikus megjelenést. Az ülő testhelyzet és a kar alátámasztása miatt a kényelmes pozíció különösen fontos, amelyet a puha kárpitozás biztosít is a használójának. ', 50, 'scott-pad.jpg', 1, '2020-04-28 04:06:19', '2021-05-03 14:49:43'),
(3, 'Fekvenyomó pad', 'A fevenyomás a mellizom edzésének legfontosabb alapgyakorlata. A gyakorlat többféleképpen is kivitelezhető attól függően, hogy a mellizom melyik részére szeretnénk nagyobb hangsúlyt fektetni. A vízszintes padon végzett fekvenyomás az egész mellizmot stimulálja. Masszív szerkezet és kényelem jellemzi. A homorítás nélküli testtartás és a lábak földön tartása biztosítja a biztonságos gyakorlat végrehajtást. A rudat három különböző magassági pontról indíthatjuk, így a kiindulási pozíció mindenki számára kényelmes lehet. Tervezéséből fakadó innovatív és dekoratív külleme miatt üde színfoltja lehet bármely edzőteremnek.', 62, 'fekvenyomo-pad.jpg', 1, '2020-01-10 11:06:31', '2021-01-29 20:19:24'),
(4, 'Döntött pad', 'Ennek a professzionális edzőtermi eszköznek a segítségével a hasizmok edzésének új dimenziója nyílhat meg számunkra. Remek kialakításának és sokoldalú beállítáthatóságának köszönhetően mindenki megtalálhatja a kellő intenzitást és nehézséget magának. Esztétikus és puha kárpitozásának köszönhetően a lehető legkényelmesebb pozícióban végezhetjük a gyakorlatokat.', 50, 'dontott-pad.jpg', 1, '2020-04-10 19:31:12', '2021-04-20 11:19:16'),
(5, 'Súly tároló', 'Nagy teherbírású konditermi kiegészítő eszköz a súlytárcsák helytakarékos és biztonságos tárolására. ', 35, 'suly-tarolo.jpg', 2, '2020-04-18 02:16:50', '2021-03-16 03:23:40'),
(6, 'Kézisúlyzó tartó állvány', 'A kézisúlyzók megfelelő tárolása nagyon fontos kérdés minden konditerem számára. Ennek a professzionális eszköznek a segítségével biztonságosan és könnyedén helyezhetjük el a kézisúlyzókat. Masszív szerkezetű, esztétikus eszköz.', 56, 'kezisulyzo-tarto-allvany.jpg', 2, '2020-07-02 15:06:43', '2021-03-21 07:01:26'),
(7, 'Ferde pad', 'A fevenyomás a mellizom edzésének legfontosabb alapgyakorlata. A gyakorlat többféleképpen is kivitelezhető attól függően, hogy a mellizom melyik részére szeretnénk nagyobb hangsúlyt fektetni. A  ferde padon végzett fekvenyomás leginkább a mellizom felső részét stimulálja. Könnyen beállítható és használható. Masszív szerkezet és kényelem jellemzi.  A rudat három különböző magassági pontról indíthatjuk, így a kiindulási pozíció mindenki számára kényelmes lehet. Tervezéséből fakadó innovatív és dekoratív külleme miatt üde színfoltja lehet bármely edzőteremnek.', 70, 'ferde-pad.jpg', 1, '2021-03-06 13:19:40', '2021-03-15 12:04:20'),
(8, 'Negatív pad', 'A fevenyomás a mellizom edzésének legfontosabb alapgyakorlata. A gyakorlat többféleképpen is kivitelezhető attól függően, hogy a mellizom melyik részére szeretnénk nagyobb hangsúlyt fektetni. A negatív ferdepadon végzett fekvenyomás leginkább a mellizom alsó és középső részét stimulálja. Könnyen beállítható és használható. Masszív szerkezet és kényelem jellemzi. Lábunkat fix pozícióba igazítva gondoskodunk a gyakorlat biztonságos végrehajtásáról. A rudat három különböző magassági pontról indíthatjuk, így a kiindulási pozíció mindenki számára kényelmes lehet. Tervezéséből fakadó innovatív és dekoratív külleme miatt üde színfoltja lehet bármely edzőteremnek.', 75, 'negativ-pad.jpg', 1, '2020-07-31 12:55:01', '2021-10-12 16:06:36'),
(9, 'Vállból nyomó pad', 'A válledzés klasszikus alapgyakorlata a vállból nyomás, amelyet ülő pozícióban végezve a stabilitásunkat tudjuk növelni. A rúdtartó és súlytartó állvánnyal pedig a kényelmi szempontokat helyezzük előtérbe. Esztétikus megjelenése mellé masszív, erős szerkezet társul, ezáltal biztosítva a biztonságos gyakorlat végrehajtást. A gyakorlat előtti kiinduló helyzetünk ülő, megtámasztott háttal. Ezeken a pontokon puha kárpitozást találunk, amely által biztosított a munkasorozatok közbeni kényelem is. A kétkezes rudat három különböző magassági pontról indíthatjuk, így mindenki a számára legmegfelelőbb pontről kezdheti a gyakorlatot.', 70, 'vallbol-nyomo-pad.jpg', 1, '2020-01-24 14:34:29', '2020-02-20 07:07:34'),
(10, 'Alsó hát pad', 'Professzionális edzőtermi eszköz, amelynek segítségével, az alsó hátizmoknak adhatunk intenzív terhelést. Használata és beállítása igen egyszerű. Masszív szerkezet, amellyel biztonságosan tudjuk végrehajtani a hiperhajlítás gyakorlatot. Kényelmes és puha kárpitozásának köszönhetően, a gyakorlatok kényelmes végrehajtása is garantált.', 37, 'also-hat-pad.jpg', 1, '2021-07-28 21:22:26', '2021-10-05 19:12:58'),
(11, 'Rúd tároló', 'Biztosítja a kétkezes rudak egy helyen történő, kényelmes és biztonságos tárolását. Kompakt, helytakarékos tároló akár 9 db rúd egy helyen történő elhelyezésére.', 20, 'rud-tarolo.jpg', 2, '2020-06-12 02:03:39', '2020-10-25 11:27:38'),
(12, 'Twister', 'Amennyiben az edzéseink során a hasizmainkra szeretnénk koncentrálni, akkor ez a professzionális edzőtermi gép kiváló választás lehet az edzéshez. Kiváló ergonómiai kialakításának köszönhetően ezzel a kondigéppel kényelmes és jó pozícióban tudjuk végrehajtani a gyakorlatokat.', 52, 'twister.jpg', 1, '2020-06-04 05:51:03', '2021-02-09 21:52:28'),
(13, 'Evezőgép', 'Professzionális edzőtermi gép, amellyel a hátedzés egyik legfontosabb alapgyakorlatát, az evezést tudjuk alternatív módon végrehajtani. Egyszerűen beállítható, esztétikus és kényelmes kondigép. Lapsúlyos konstrukciójának köszönhetően erőszinttől függetlenül bárki megfelelően magas intenzitással tudja végrehajtani a gyakorlatokat.', 236, 'evezogep.jpg', 4, '2020-05-11 21:53:57', '2020-07-23 12:07:28'),
(14, 'Multi állvány', 'A szabadsúlyos edzések és az alapgyakorlatok az edzőtermi sport alappillérei. Ez a professzionális edzőtermi eszköz kiváló segítség az ilyen típusú edzésekhez. Legyen szó akár, guggolásról, felhúzásról, vállból nyomásról vagy mellről nyomásról, ez az eszköz mindegyikben segítségünkre lesz. A kivitelezhető további gyakorlatok száma csak a hozzá kiválasztott rudak és padok függvénye. Masszív, erős szerkezet jellemzi, így minden gyakorlatot a lehető legnagyobb biztonságban hajthatunk végre.', 121, 'multi-allvany.jpg', 3, '2020-02-02 04:23:30', '2021-05-26 23:32:18'),
(15, 'Súlytárcsa tároló állvány', 'Nagy teherbírású konditermi kiegészítő eszköz a súlytárcsák helytakarékos és biztonságos tárolására.', 55, 'sulytarcsa-tarolo-allvany.jpg', 2, '2020-08-14 10:55:52', '2020-09-26 02:31:10'),
(16, 'Keresztcsiga', 'Kevés olyan sokoldalúan felhasználható eszköz létezik az edzőtermi gépek piacán, mint a keresztcsiga. Legyen szó akármelyik testrész edzéséről is, ez a kiváló minőségű, professzionális eszköz minden igényt kielégít. Viszonylagosan nagy mérete a rendkívül sok funkción kívül azért is indokolt, mert egyszerre akár három ember is teljes értekű gyakorlatokat végezhet rajta. Tervezése során kiemelt fontosságot élvezett az ergonómia, igy a lehető legkényelmesebb feltételek mellett végezhetjük a koncentrált izommunkát. A nagy mennyiségű, beépített lapsúlyainak köszönhetően erőszinttől függetlenül bárki, a számára optimális terheléssel végezheti az edzéseit.', 415, 'keresztcsiga.jpg', 4, '2020-10-14 10:22:18', '2021-10-03 09:18:46'),
(17, 'Hátlehúzó gép', 'Ez a gép a mérnöki formatervezés remeke. Megléte kardinális kérdés minden edzőteremnek. Kiváló minőségű professzionális gép, amely a széles hátizmok megdolgoztatását teszi lehetővé. Használata igen egyszerű. Kialakításának köszönhetően nagyon kényelmes pozícióban végezhetőek a hátizom edzésének gyakorlatai. A fogás szélességének és módjának változtatásával variálhatjuk a gyakorlatokat. Remek kialakítású, lapsúlyos konditermi gép.', 250, 'hatlehuzo-gep.jpg', 4, '2020-11-21 09:16:27', '2021-06-16 03:44:48'),
(18, 'T-rudas evezőgép', 'Kiváló minőségű kondigép, amely a hagyományos T-rudas evezés helyettesítésére szolgál. Szerkezete igen erős és masszív, hogy a lehető legnagyobb biztonságban végezhessük a munkasorozatokat. Kárpitozása puha és kényelmes. Amennyiben a hátizmaink vastagságának a növelése a cél, ez a gép tökéletes választás számunkra. A gyakorlat végrehajtásához kétféle fogást is választhatunk ezáltal fokozva a gyakorlat hatékonyságát.', 55, 't-rudas-evezogep.jpg', 5, '2020-03-27 23:41:22', '2020-07-13 17:37:55'),
(19, 'Combfeszítő és hajlító gép', 'Kiváló minőségű professzionális edzétermi gép, amelynek segítségével a combhajlító és combfeszítő izmokat ugyanazon az eszközön tudjuk megdolgoztatni. Az erőgép nagy előnye, hogy a lehető legkevesebb beállítás mellett biztosítja a gyakorlatok kiváló pozícióban történő végrehajtását.', 360, 'combfeszito-es-hajlitogep.jpg', 4, '2020-04-10 18:19:19', '2020-05-22 16:17:39'),
(20, 'Ülő lábtoló gép', 'A combizom az egyik legnehezebben fejlődő izomcsoport az emberi testen, amelynek különösen intenzív edzésre van szüksége a megfelelő ütemű fejlődéshez. Ha a négyfejű combizom edzéséről van szó, akkor ez a kondigép az egyik legjobb választás lehet, mivel egy komplex gyakorlatot hajthatunk végre, amely a combizom minden részét terheli. A lábunk pozícionálásával a combizom különböző részeinek adhatunk nagyobb terhelést. Amennyiben a terpeszünk szélesebb, akkor a combizom belső fele jut nagyobb hangsúlyhoz, ha pedig szűkebb, akkor a belső felére koncentrálhatunk jobban. Robosztus, masszív szerkezetű erőgép, amellyel teljes biztonságban hajthatjuk végre a munkasorozatokat. A kiinduló testhelyzetünk ülő, a hát pedig megtámasztott pozícióban van. Ezeken a helyeken puha kárpitozással rendelkezik a gép, így a kényelem is adott a használója számára. Lapsúlyos konstrukciójának köszönhetően erőszinttől függetlenül bárki megfelelően nagy terhelést adhat a combizmainak.', 470, 'ulo-labtolo-gep.jpg', 4, '2020-01-25 15:28:19', '2020-02-10 13:12:05'),
(21, 'Vádligép', 'Számos, az edzőtermi sportban már valamelyest járatos ember szembesült azzal a problémával, hogy vádli az egyik legnehezebben fejlődő izom az emberi testen. Ezzel a professzionális edzőtermi géppel megfelelő terhelést adhatunk a vádli izomzatának. Esztétikus, könnyen beállítható, lapsúlyos konstrukció, amely kiváló választás minden konditerem számára.', 340, 'vadligep.jpg', 4, '2020-12-10 21:09:45', '2021-05-24 03:23:22'),
(22, 'Farizom gép', 'Kiváló minőségű kondigép, amely főleg a hölgyek körében örvend nagy népszerűségnek. Masszív, erős szerkezettel rendelkezik, amely egyrészt esztétikus megjelenéséhez is hozzájárul, másrészt a biztonságos gyakorlat végrehajtást is biztosítja. A gépen való elhelyezkedésnél testünk több ponton is alá van támasztva, amely szintén igen szignifikáns tényező, mivel a stabilitásunkat is megőrzi. Ezeken a pontokon kényelmes és puha kárpitozással látták el a gépet. A lapsúlyos kivitelben készült erőgép segítségével minden edzeni vágyó fizikai erejétől függetlenül intenzív munaksorozatokat tud végrehajtani.', 270, 'farizom-gep.jpg', 4, '2020-03-06 12:50:30', '2021-05-13 15:51:25'),
(23, 'Tárogató és hátsó delta gép', 'A kettő az egyben mell- és vállgép egy kiváló minőségű, professzionális eszköz, amely nagyban képes gazdagítani minden edzőterem felszereltségét. Nagy előnye, hogy egyazon eszközön tudjuk a mell- és a vállizom hátsó részét megdolgoztatni. Helytakarékossági szempontból is kiváló választás, hiszen két gépet helyettesít egymagában. Sokoldalúságának ellenére a beállítása nagyon gyors és egyszerű. Igy akár pár mosdperc alatt tudunk váltani két izomcsoport megdolgoztatása között.', 310, 'tarogato-es-hatso-delta-gep.jpg', 4, '2021-04-13 04:39:16', '2021-06-08 16:55:43'),
(24, 'Mellnyomó gép', 'Professzionális edzőtermi eszköz, amely kiváló a mellizom megdolgoztatására. Esztétikus megjelenése és könnyű használhatósága miatt kiváló választás bármely edzőterem számára. Tervezése során, a kényelem és funcionalitás kiemelt figyelmet élvezett az anatómiai követelmények figyelembe vételével, igy ezen a kondigépen biztosított a koncentrált izommunka. Pár másodper alatt beállítható és lapsúlyos kialakítása miatt erőszinttől függetlenül mindenki elegendő terhelésnek teheti ki a mellizmait.', 335, 'mellnyomo-gep.jpg', 4, '2020-03-19 17:50:59', '2020-09-15 13:37:22'),
(25, 'Vállból nyomó gép', 'A nyomógyakorlatok a vállizom megdolgoztatását szolgáló gyakorlatok gerincét képezik. A gép a hagyományos, szabadsúlyos vállbólnyomást hivatott helyettesíteni biztonságosabb és kényelmesebb keretek között. A gép célja a váll oldalsó részének a stimulálása. A hagyományos és kalapács fogás váltogatásával variálhatjuk a gyakorlatot. Beállítása, testreszabása gyors és egyszerű. A gyakorlat előtti kiinduló testhelyzet ülő, a hát pedig megtámasztott pozícióban van. Az említett helyeken elhelyezett puha kárpitozás biztosítja a gyakorlat kényelmes végrehajtását. Lapsúlyos konstrukciójának köszönhetően erőszinttől függetlenül bárki megfelelő terhelésnek vetheti alá vállizmait.', 340, 'vallbol-nyomo-gep.jpg', 4, '2021-02-02 21:53:35', '2021-09-04 16:10:33'),
(26, 'Tárogató gép', 'Professzionális edzőtermi gép a mellizom egyik legfontosabb alapgyakorlatának a helyettesítésére. A gyakorlat végzése közben gyakorlatilag az egész mellizmot terhelésnek tehetjük ki. Az oldalsó holtponton a mellizom külső része, összetolt pozícióban pedig a belső része dolgozik. Masszív, erős vázszerkezetű erőgép, amellyel a gyakorlat biztonságosan hajthatók végre. Esztétikus megjelenésű és a puha kárpitozásának köszönhetően kényelmes testhelyzetet biztosít. Lapsúlyos konstrukció.', 34, 'tarogato-gep.jpg', 4, '2021-08-02 08:32:52', '2021-10-02 04:36:07'),
(27, 'Oldalemelő gép', 'Professzionális edzőtermi gép, melynek segítségével a vállizomzat oldalsó részét célzottan dolgoztathatjuk meg. A kondigép beállítása egyszerű és testalkattól függetlenül mindenki számára a megfelelő pozíciót biztosítja a gyakorlat végrehajtása közben. Esztétikus kárpitozásának köszönhetően a sorozatok közbeni kényelem is adott. Masszív, erős, lapsúlyos konstrukció, így erőszinttől függetlenül mindenki a megfelelő intenzitással tudja végrehajtani a vállizomzat edzését.', 280, 'oldalemelo-gep.jpg', 4, '2020-12-30 17:38:38', '2021-01-13 13:34:59'),
(28, 'Hasizom erősítő gép', 'Ez a professzionális edzőtermi gép maximálisan megfelel az ergonómia és az esztétikum szigorú feltételeinek, amely által igen koncentráltan tudjuk megedzeni a hasizmot. A kényelem és anatómia különös jelentőséggel bír jelen esetben, mivel a hasizmok edzése akár minden nap történhet. Az erőgép további előnye, hogy könnyen és gyorsan beállítható, így bárki rövid idő alatt felveheti a számára megfelelő pozíciót.  Lapsúlyos kialakításának köszönhetően ezzel a kondigéppel erőszinttől függetlenül bárki megfelelő terhelést adhat a hasizmainak.', 290, 'hasizom-erosito-gep.jpg', 4, '2020-10-25 02:03:27', '2020-12-17 00:08:56'),
(29, 'Smith keret', 'A Smith-gép név megemlítésekor gyakorlatilag egy igen összetett és sokoldalúan hasznosítható erőgépre kell gondolnunk. Nagy előnye, hogy számos szabadsúlyos gyakorlatot tudunk biztonságosabb módon végrehajtani. A kondigép gyakorlatilag a munkasorozatok közbeni elengedhetetlen stabilitást biztosítja a használója számára. Olyan nagyon fontos gyakorlatokat tudunk végrehajtani rajta, mint a guggolás, felhúzás, fekvenyomás, vállból nyomás vagy szűknyomás. A gépbe beépített kétkezes rúd egy fix pályán mozog, ezen a pályán pedig több helyen is rögzíteni tudjuk a rudat. Az erőgép vázszerkezete rendkívül masszív.', 140, 'smith-keret.jpg', 3, '2020-02-26 08:30:58', '2020-06-29 15:38:03'),
(30, 'Huzódzkodó és tolódzkodó állvány', 'Remek kivitelezésű, formatervezésű és esztétikus megjelenésű több funkcióval ellátott konditermi eszköz, amely egymagában négy izomcsoport megdolgoztatását teszi lehetővé használója számára. Massziv, erős szerkezetéből adódóan a gyakorlatok kivitelezése biztonságosan történik. Funkcióit tekintve az eszköz segítségével végrehajthatjuk a hátedzés egyik alapgyakorlatát, a húzódzkodást. Ezen belül is a fogás változtatásával tudjuk variálni a gyakorlatot. Hátunkat és alkarunkat a kényelmes kárpitozáshoz támasztva hasprés gyakorlatot hajthatunk végre. Ezen kívül a tolódzkodás nevezetű gyakorlatot is végrehajthatjuk, amellyel a tricepsz vagy akár a mellizmot is megfelelő terhelésnek tehetjük ki.', 90, 'huzodzkodo-es-tolodzkodo-allvany.jpg', 3, '2020-11-30 23:21:01', '2021-03-15 11:52:53'),
(31, 'Bicepsz pad', 'A szabadsúlyos bicepsz pad használatval biztonságosan és hatékonyan tudjuk bicepsz izmainkat fejleszteni és erősíteni. A padot magas minőség és összeszerelési precizítás jellenzi, ennek köszönhetően bármelyik profi edzőterem kiváló edzőgépévé válhat.', 85, 'bicepsz-pad.jpg', 1, '2020-06-29 05:53:51', '2021-04-25 10:57:03'),
(32, 'Hasizom erősítő pad', 'A hasizom erősítő pad használatával töb olyan gyakorlatot tudunk végrehajtani amivel törzsünk illetve hasizmainkat fromáljuk és erősítük. A pad magas minőségű és kivűlóan időtálló anyagok felhasználásával gyártották.', 58, 'hasizom-erosito-pad.jpg', 1, '2021-01-08 23:01:37', '2021-09-13 12:30:29'),
(33, 'Fekvő lábtoló gép', 'A lábtoló gépet a kiváló megjelenés, a maszív és erős akár 400 kg-al is terhelhető vázszerkezet valamint az időtállósásás és megbízhatóság jellemzi. A használatával a lábaink szinte összes izmát tudjuk biztonságos és kényelmes körülmények közt fejleszteni és erősíteni.', 110, 'fekvo-labtolo-gep.jpg', 5, '2020-11-14 19:11:21', '2021-05-09 03:06:24'),
(34, 'Fekvenyomó gép', 'A pozitív fekvenyomó gép mellizmaink felső részének fejlesztésére lett kifejlesztve, a gép szabadsúlyos erheléssel van ellátva, ennek köszönhetően mindenki könyedén kiválaszthatja a számára legmefelelőbb terhelést.', 112, 'fekvenyomo-gep.jpg', 5, '2021-01-20 22:43:06', '2021-08-27 13:15:43'),
(35, 'Szabadsúlyos hátlehúzó gép', 'A szabadsúlyos hátlehúzó gép használatával a háizmainkat tudjuk fejleszteni, mivel a gép tárcsasúlyos terheléssel van ellátva, ezért minden felhasználó tökéletesen megtalálhatja az erőszintjéhez megfelelő terhelési szintet. A gép erős, masszív és ellenálló anyagok felhasználásával készűlt miközben a megjelenése miatt akármelyik komoly és professzionális edzőterem kiváló gépévé válhat.', 151, 'szabadsulyos-hatlehuzo-gep.jpg', 5, '2020-08-03 10:21:31', '2021-03-09 01:09:24'),
(36, 'Szabadsúlyos vállnyomó gép', 'A vállizmaink egyik legjobb izomépítő, erősítő gyakorlata kétség kívűl a vállból nyomás, ahhoz, hogy ezt a gyakorlatot mindenki a kezdőtől a haladó sportolóig helyesen és sérülés nélkül tudja kivitelezni, egy hibátlan mozgáspályával rendelkező stabil és megbízható gép szükséges. A szabadsúlyos vállnyomó gép minden kétséget kizáróan teljes mértékben alkalmas erre a célra, hiszen magas minősgű alapanyagokból készűlt, miközben stabilitása és mozgása kiváló.', 130, 'szabadsulyos-vallnyomo-gep.jpg', 5, '2021-06-22 22:30:20', '2021-10-24 02:52:16'),
(37, 'Bicepsz gép', 'A szabadsúlyos bicepsz gép egy tárcsasúlyos nehezítéssel ellátott profi edzőtermi gép, melynek használatával a bicepszünket tudjuk hatékonyan megedzeni. A gépet magas minőség kiváló mozgáspálya és prémium anyagok jellemzik, az állítható ülőlap segtségével bárki megtalálhatja és beállíthatja a számára megfelelő edzéspozicíót.', 93, 'bicepsz-gep.jpg', 5, '2020-05-01 00:53:41', '2021-08-23 21:49:45'),
(38, 'Tolódzkodó gép', 'A szabadsúlyos tolódzkodó gép egy több gyakorlat végrehajtására is alkalmas hibátlan kontrukciójú profi edzőtermi gép. A főbb célizmok amit a gép segítségével fejleszteni tudunk a mell, a tricepsz illetve a váll elülső része. A gép a saját testsúlyos tolódzkodás hivatott kiváltani, mivel itt akár nagyobb terhelést is tudunk használni mint a saját testsúlyúnk, vagy a kezdők is bártan választhatják amíg meg nem erősödnek a saját testsúlyos gyakorlatok végrehajtásához.', 143, 'tolodzkodo-gep.jpg', 5, '2020-06-11 03:24:33', '2021-03-05 19:58:10'),
(39, 'Melltámaszos evező gép', 'A szabadsúlyos melltámaszos evező gép a hátizomok fejlesztésére szolgáló kiváló mozgású és ergonómiájú, prémium kategóriájú, professzionális edzőtermi gép. A gép használatával jelentősen erősíthetjük és növelhetjük hátizmainkat, az állítható ülőlap segítségével pedig bárki megtalálhatja a számára tökéletes edzőpozicíót.', 112, 'melltamaszos-evezo-gep.jpg', 5, '2020-12-19 23:58:44', '2021-05-28 10:50:05'),
(40, 'Negatív mellnyomó gép', 'A szabadsúlyos negatív mellynomó gép mellizmaink alsó valamint középső tartományát fejleszti és erősíti. A gép rendkívűli hatékonyságát a kiváló mozgáspálynak a variálható ülésmagasságnak valamint a tárcsasúlyos terhelhetőségnek köszönheti.', 182, 'negativ-mellnyomo-gep.jpg', 5, '2020-06-10 12:48:57', '2021-10-05 04:18:03'),
(41, 'Ülő combfeszítő gép', 'A combizmaink fejlesztésére az egyik leghatékonyabb gyakorlat az ülő combeszítés. Ezt a gép kiváló mozgáspályával, magas minőségével és hibátlan dizájnnal rendelkezik. Használatával hatékonyan és biztonságosan fejleszthetjük comizmainkat.', 121, 'ulo-combfeszito-gep.jpg', 5, '2020-12-09 01:49:38', '2021-02-02 19:52:38'),
(42, 'Álló combhajlító gép', 'A combfeszítőnk növelésére és fejlesztésére az egyik leghatékonyabb gyakorlat, az álló combahjlítás. Ez a kiváló paraméterekkel és hibátlan mozgással rendelkező gép, maximálisan hozzájárul a combhajlítónk fejlődéséhez.', 139, 'allo-combhajlito-gep.jpg', 5, '2020-12-12 08:25:28', '2021-09-08 14:33:21'),
(43, 'Ülő vádli gép', 'A szabadsúlyos ülő vádli gép egy hatékony eszköz amivel fejleszthetjük, erősíthetjük és formálhatjuk vádlinkat. A szabadsúlyos terhelésének, valamint az állítható lábtámaszának köszönhetően mindenki könnyedén megtalálhatja a számára optimális pozíciót és terhelést.', 80, 'ulo-vadli-gep.jpg', 5, '2020-02-29 04:18:06', '2021-06-18 02:08:38'),
(44, 'Comb közelítő és távolító gép', 'Profi edzőtermi gép. Ez az új fitnesztermi gép kielégíti a leg komolyabb termek Gym-ek elvárásait. Az Elite Gym professzionális comb közelítő/távolító géppel megdolgoztatjuk a comb belső és kűlső részét.', 290, 'comb-kozelito-es-tavolito-gep.jpg', 4, '2021-02-21 04:58:07', '2021-02-23 16:37:37'),
(45, 'Szobakerékpár', 'A professzionális edzőtermi szobakerékpár kiváló és magas minőségű alapokra épül, amely elhozza a modern technológiát a felhasználók részére. A 40 ellenállási fokozat, a számos előre programozott edzésprogram valamint az extra sima akadásmentes pedál futás minden amit a mozogni és sportolni vágyók kívánhatnak. Kijelzőjén minden információ megtalálható: Idő, sebesség, távolság, elégetett kalóriák száma. A fogantyúkon található kézpulzus mérők segítségével még hatékonyabbá teheti a professzionális szobakerékpáron végzett kardió edzését.', 52, 'szobakerekpar.jpg', 6, '2020-01-20 09:58:11', '2021-01-15 07:35:07'),
(46, 'Lépcsőzőgép', 'Ez egy kiváló paraméterekkel rendelkező professzionális edzőtermi lépcsőzőgép, amely ötvözi a modern technológiát a megbízhatósággal és tartóssággal. A 40 cm lépésmagasságának köszönhetően kiválóan megdolgoztatja a láb és fenék izmait, mindamellett a kiváló mozgáspályájának köszönhetően rendkívűl kíméletes ízületeink számára. A lépcsőzőgép használata közben 20 ellenállási program közül választhat  - Manual, Hill, Fat Burn, Cardio, Strength, Interval, Fit Test, HR, Constant Power, Custom - ennek köszönhetően garantáltan mindenki megtalálja a számára megfelelő edzésprogramot, legyen akár kezdő vagy haladó. A nagy méretű informatív kijelzőn minden fontos információ megtalálható, folyamatos visszajelzést adva ezzel a felhasználó számára. A lépcsőzőgép beépített ventilátorral, tároló tálcával és ergonómia barát fogantyúkkal teszi még komfortosabbá az Ön edzését.', 80, 'lepcsozogep.jpg', 6, '2021-03-28 04:26:57', '2021-08-11 20:15:29'),
(47, 'Futópad', 'A futópad egy magas minőségű alapanyagokból készült, masszív vázszerkezetű professzionális edzőtermi futópad. Teljesítményéről egy 4.0 lóerős AC motor gondoskodik, mely akár 22 km/h-ra is képes, az emelkedését pedig 0-15% között állíthatjuk. Futófelülete 155x56cm-es, ezáltal a magasabb felhasználók is nyugodtan választhatják, valamint a 6 pontos ízületkímélő rendszernek köszönhetően mindenki számára komfortos edzést biztosít, mely nagy előny lehet a kültéri futással szemben. Innovatív, nagy méretű LED-es kijelzőjén könnyedén nyomon követhetjük edzéskünket, illeve irányíthatjuk azt; 36 féle előre beállított és 3 egyéni program közül választhatunk. MP3 bemenettel, beépített WiFi vevővel, illetve beépített hangszórókkal teszi élvezhetőbbé edzésünket.', 165, 'futopad.jpg', 6, '2020-04-06 20:42:35', '2020-11-28 06:36:40'),
(48, 'Elliptikus tréner', 'Az elliptikus tréner ötvözi a kiváló technológiát, a minőséget és időtállóságot. Sima járású, csendes 20” sínpálya, amely optimális méretű az átlagos felhasználó számára. 40 ellenállási fokozat található rajta, amivel a kezdőktől a haladó sportolókig bárki igényeit kielégíti. A nagyméretű 10.1” érintőképernyő által nyújtott szórakoztatási lehetőségekkel, és gyors programválasztással segíti a felhasználót. Az elliptikus tréner kifejezetten edzőtermi felhasználásra lett tervezve, köszönhetően a tartós és erős vázszerkezetnek és az ellenálló festésének. Maximális terhelhetősége 205 kg, amivel kezdő életmódváltók és nagy túlsúllyal rendelkezőknek is ideális választás. A megjelenése, komfortossága valamint a minősége mind a magas minőséget szimbolizálják.', 111, 'elliptikus-trener.jpg', 6, '2020-12-08 12:56:54', '2021-04-23 04:45:21');

-- --------------------------------------------------------

--
-- Table structure for table `tipusok`
--

CREATE TABLE `tipusok` (
  `azon` int(1) NOT NULL,
  `megnevezes` varchar(20) COLLATE utf8mb4_hungarian_ci NOT NULL,
  `letrehozva` datetime NOT NULL,
  `modositva` timestamp NOT NULL DEFAULT current_timestamp() ON UPDATE current_timestamp()
) ENGINE=InnoDB DEFAULT CHARSET=utf8mb4 COLLATE=utf8mb4_hungarian_ci;

--
-- Dumping data for table `tipusok`
--

INSERT INTO `tipusok` (`azon`, `megnevezes`, `letrehozva`, `modositva`) VALUES
(1, 'Padok', '2020-08-13 08:51:58', '2020-11-29 03:25:13'),
(2, 'Tárolók', '2021-05-01 19:36:32', '2021-08-09 22:58:36'),
(3, 'Állványok', '2021-08-02 20:15:35', '2021-10-28 14:33:50'),
(4, 'Csigás gépek', '2020-03-22 19:36:24', '2021-04-24 20:32:02'),
(5, 'Szabadsúlyos gépek', '2021-05-29 21:31:32', '2021-07-26 15:08:27'),
(6, 'Kardiogépek', '2020-11-16 23:19:44', '2020-12-20 05:28:45');

--
-- Indexes for dumped tables
--

--
-- Indexes for table `kondigepek`
--
ALTER TABLE `kondigepek`
  ADD PRIMARY KEY (`azon`);

--
-- Indexes for table `tipusok`
--
ALTER TABLE `tipusok`
  ADD PRIMARY KEY (`azon`);

--
-- AUTO_INCREMENT for dumped tables
--

--
-- AUTO_INCREMENT for table `kondigepek`
--
ALTER TABLE `kondigepek`
  MODIFY `azon` int(2) NOT NULL AUTO_INCREMENT, AUTO_INCREMENT=49;

--
-- AUTO_INCREMENT for table `tipusok`
--
ALTER TABLE `tipusok`
  MODIFY `azon` int(1) NOT NULL AUTO_INCREMENT, AUTO_INCREMENT=7;
--
-- Database: `konyvek`
--
CREATE DATABASE IF NOT EXISTS `konyvek` DEFAULT CHARACTER SET utf8mb4 COLLATE utf8mb4_hungarian_ci;
USE `konyvek`;

-- --------------------------------------------------------

--
-- Table structure for table `adatok`
--

CREATE TABLE `adatok` (
  `id` int(11) NOT NULL,
  `szerzo` varchar(30) COLLATE utf8mb4_hungarian_ci DEFAULT NULL,
  `cim` varchar(50) COLLATE utf8mb4_hungarian_ci DEFAULT NULL,
  `eredeti` varchar(50) COLLATE utf8mb4_hungarian_ci DEFAULT NULL,
  `ev` int(4) DEFAULT NULL
) ENGINE=InnoDB DEFAULT CHARSET=utf8mb4 COLLATE=utf8mb4_hungarian_ci;

--
-- Dumping data for table `adatok`
--

INSERT INTO `adatok` (`id`, `szerzo`, `cim`, `eredeti`, `ev`) VALUES
(1, 'Asimov Isaac', 'Alapítvány', 'Foundation', 1951),
(2, 'Asimov Isaac', 'Alapítvány és Birodalom', 'Foundation and Empire', 1952),
(3, 'Asimov Isaac', 'Második Alapítvány', 'Second Foundation', 1953),
(4, 'Asimov Isaac', 'Alapítvány és Föld', 'Foundation and Earth', 1986),
(5, 'Asimov Isaac', 'Az Alapítvány pereme', 'Foundation\'s Edge', 1982),
(6, 'Asimov Isaac', 'A halhatatlanság halála', 'The End of Ethernity', 1955),
(7, 'Asimov Isaac', 'A mezítelen nap', 'The naked sun', 1964),
(8, 'Pohl e. - Kornbluth C.M', 'Dr. Gladiátor', 'Gladiator-at-law', 1955),
(9, 'Sheckley Robert', 'A státuscivilizáció', 'The Status Civilization', 1960),
(10, 'Herbert Frank', 'Dűne', 'Dune', 1965),
(11, 'Pohl Frederik', 'Az átjáró', 'Gateway', 1977),
(12, 'Pohl Frederik', 'Túl a kék eseményhorizonton', 'Beyond the Blue Event Horizon', 1980),
(13, 'Boulle Pierre', 'A majmok bolygója', 'La planetedes singes', 1963),
(14, 'Bradley Marion Zimmer', 'Darkover', 'Darkover Landfall', 1972),
(15, 'Srurgeon Theodore', 'Több mint emberi', 'More Than Human', 1953),
(16, 'Dick Philip K.', 'Ubik', 'Ubik', 1969),
(17, 'Roshwald M.', 'A hetedik szint', 'Level 7', 1959),
(18, 'Bester Alfred', 'Tigris! Tigris!', 'The Stars My Destination', 1956),
(19, 'Leiber Fritz', 'A vándor', 'The Wanderer', 1964),
(20, 'Huxley Aldous', 'Szép új világ', 'Brave New World', 1932),
(21, 'Duvic Patrice', 'Végállomás', 'Terminus', 1987),
(22, 'Simak Clifford D.', 'A város', 'City', 1952),
(23, 'Wyndham John', 'A Triffidek napja', 'The Day of Triffids', 1958),
(24, 'Holberg Ludvig', 'Klimius Miklós', '', 1773),
(25, 'Brunner John', 'Teljes napfogyatkozás', 'Total Eclipse', 1975),
(26, 'Bulicsov Kir.', 'Az utolsó háború', 'Pászlédnjájá vájná', 1970),
(27, 'Sztrugackij A. és B.', 'Válaszd az életet', 'Volnü gászjáty bétyer', 1985),
(28, 'Abbott Edwin A.', 'Síkföld', 'Flatland', 1962),
(29, 'Johannesson Olof', 'A nagy számítógép', 'Sagan om den Stora Datamaskin.', 1966),
(30, 'Clement Hal', 'Csillagfény', 'Star Light', 1971),
(31, 'Cherryh C. J.', 'Mélyállomás', 'Downbelow Station', 1981),
(32, 'Fialkowski Konrad', 'Homo divisus', '', 1979),
(33, 'Hollanek Adam', 'Még egy kicsit élni', 'Jeszce troche pozyc', 1980),
(34, 'Szakjo Komacu', 'A sárkány halála', 'Gibel Drákóná', 1977),
(35, 'Lucas Georges', 'Csillagok háborúja', 'Star Wars', 1976),
(36, 'Glut Donald F.', 'A Birodalom visszavág', 'The Empire Strikes Back', 1980),
(37, 'Simonetta Umberto', 'Éjszakai utazók', 'I viaggiatori della sera', 1976),
(38, 'Hoyle F. - Elliot J.', 'Androméda', 'A For Andromeda', 1964),
(39, 'Soucel Ludvik', 'A fekete bolygó testvérei', '', 1969),
(40, 'Sztrugackij A. és B.', 'Egymilliárd évvel a világvége előtt', 'Za milliárd let dá koncá szvétá', 1975),
(41, 'Szavcsenko Vlagyimir', 'Monomah sapkája', '', 1971),
(42, 'Konsztantyinovszkij David', 'Az idő fogva tart', '', 1985),
(43, 'Barber Pierre', 'Baphomet birodalma', 'L\'Empire du Baphomet', 1972),
(44, 'Bradbury Ray', 'A tetovált ember', 'The Illustrated Man', 1951),
(45, 'Resnick Mike', 'Agyarak', 'Ivory', 1988),
(46, 'Wisniewski-Snerg Adam', 'A robot', 'Robot', 1973),
(47, 'Adams Dougles', 'Galaxis utikalauz stopposoknak', 'The Hitch Hiker\'s Guide to the Gal.', 1979),
(48, 'Kotzwinkle William', 'E.T. A zöld bolygó könyve', 'E.T. The Book of the Green Planet', 1985),
(49, 'Vezsinyov Pavel', 'A sorompó - A fehér szalamandra', '', 1977),
(50, 'Jakubovszkij Aszkold', 'A galaktika kupolája', 'Kupol Galaktiki', 1976),
(51, 'Dick Philip K.', 'A halál útvesztője', 'A Maze of Death', 1970),
(52, 'Clarke Arthur C.', 'A távoli Föld dalai', 'The Songs of Distant Earth', 1986),
(53, 'Petecko Bohdan', 'Messier 13', 'Messier 13', 1977),
(54, 'Beljajev Alekszander', 'A levegőkereskedő', '', 1963),
(55, 'Anderson Poul', 'Majd ha az Orion felszáll', 'Orion shall rise', 1983),
(56, 'Kahn James', 'A Jedi visszatér', 'Return of the Jedi', 1983),
(57, 'Foster Alan Dean', 'Az utolsó csillagharcos', 'The Last Starfighter', 1984),
(58, 'Foster Alan Dean', 'A bolygó neve : Halál', 'Aliens', 1986),
(59, 'Foster Alan Dean', 'A nyolcadik utas a halál', 'Alien', 1979),
(60, 'Douglas Garry', 'Hegylakó', 'Highlander', 1986),
(61, 'Harrison Harry', 'Rozsdamentes Acélpatkány', 'The Stainless Steal Rat', 1961),
(62, 'Clarke A. C.', 'Randevú a Rámával', 'Randezvous with Rama', 1973),
(63, 'Hughes Ted', 'A Vasember', 'The Iron Man', 1968),
(64, 'Martinov Georgij', 'Az időspirál', 'Szpirál vrémeni', 1968),
(65, 'Spielberg Steven', 'Harmadik típusú találkozások', 'Close Encounters of the Third KInd', 1978),
(66, 'Menghini Luigi', 'A Felhőbirodalom', 'Il regno della nube', 1979),
(67, 'Hiltom James', 'A Kék Hold völgye', 'Lost Horizon', 1935),
(68, 'Vonnegut Kurt', 'A Titán szirénjei', 'The Sirens of Titan', 1959),
(69, 'Miller Walter M. Jr.', 'Hozsánna néked, Leibowitz!', 'A Canticle For Leibowitz', 1970),
(70, 'Braun Johanna - Braun G.', 'A nagy varázsló tévedése', 'Der Irrtum des Grossen Zauberers', 1979),
(71, 'Harrison Harry', 'A technicolor időgép', 'The Technicolor Time Machine', 1967),
(72, 'Kotzwinkle William', 'E.T. A földönkívüli kalandjai.', 'E.T. The Extra-Terrestial', 1982),
(73, 'Wells H. G.', 'Kőkori történet', 'A Story of the Stone Age', 1900),
(74, 'London Jack', 'Ádám előtt', '', 1965),
(75, 'Sznyegov Szergej', 'Istenemberek', 'Ljugyi kak bogi', 1982),
(76, 'Boye Karin', 'Kallocain', 'Kallocain', 1958),
(77, 'Clarke A. C.', '2010. Második űrodisszeia', '2010. Odyssey Two', 1982),
(78, 'Jeschke Wolfgang', 'A teremtés utolsó napja', 'Der letzte Tag der Schöpfung', 1981),
(79, 'Jefremov Ivan', 'A múlt árnyéka', '', 1975),
(80, 'Lem Stanislaw', 'Visszatérés', '', 1964),
(81, 'Fehér Klára', 'A földrengések szigete', '', 1957),
(82, 'Adams Douglas', 'Vendéglő a világ végén', 'The Restaurant at the End of the U.', 1980),
(83, 'Bradley Marion Zimmer', 'A világok háza', 'The House Between the Worlds', 1980),
(84, 'Lewis C. S.', 'A csendes bolygó', 'Out Of The Silent Planet', 1978),
(85, 'Beckman Thea', 'Keresztes hadjárat farmerban', 'Kruistocht in spijkerbroek', 1973),
(86, 'Ballard J. G.', 'Vízbe fúlt világ', 'The Drowned World', 1962),
(88, 'asd', 'asd', 'asd', 1234);

--
-- Indexes for dumped tables
--

--
-- Indexes for table `adatok`
--
ALTER TABLE `adatok`
  ADD PRIMARY KEY (`id`);

--
-- AUTO_INCREMENT for dumped tables
--

--
-- AUTO_INCREMENT for table `adatok`
--
ALTER TABLE `adatok`
  MODIFY `id` int(11) NOT NULL AUTO_INCREMENT, AUTO_INCREMENT=89;
--
-- Database: `maratonvalto`
--
CREATE DATABASE IF NOT EXISTS `maratonvalto` DEFAULT CHARACTER SET utf8mb4 COLLATE utf8mb4_hungarian_ci;
USE `maratonvalto`;

-- --------------------------------------------------------

--
-- Table structure for table `eredmenyek`
--

CREATE TABLE `eredmenyek` (
  `futo` int(11) NOT NULL,
  `kor` int(11) NOT NULL,
  `ido` int(11) NOT NULL
) ENGINE=InnoDB DEFAULT CHARSET=utf8mb4 COLLATE=utf8mb4_hungarian_ci;

--
-- Dumping data for table `eredmenyek`
--

INSERT INTO `eredmenyek` (`futo`, `kor`, `ido`) VALUES
(1001, 1, 2720),
(1002, 2, 1708),
(1003, 3, 2168),
(1003, 6, 2325),
(1004, 4, 2671),
(1005, 5, 2081),
(1011, 1, 2267),
(1012, 2, 2227),
(1013, 3, 2031),
(1014, 4, 2396),
(1015, 5, 2720),
(1016, 6, 2113),
(1021, 1, 2795),
(1022, 2, 2733),
(1023, 3, 2035),
(1024, 4, 2496),
(1025, 5, 1714),
(1026, 6, 2328),
(1031, 1, 2140),
(1032, 2, 2914),
(1033, 3, 2028),
(1034, 4, 2036),
(1035, 5, 2025),
(1036, 6, 3022),
(1041, 1, 2312),
(1042, 2, 2240),
(1043, 3, 1702),
(1044, 4, 15765),
(1045, 5, 1883),
(1046, 6, 2392),
(1051, 1, 2527),
(1051, 6, 3060),
(1052, 2, 2458),
(1052, 5, 3005),
(1053, 3, 2418),
(1054, 4, 2007),
(1061, 1, 2412),
(1062, 2, 2905),
(1063, 3, 3084),
(1064, 4, 2783),
(1065, 5, 2211),
(1066, 6, 2756),
(1071, 1, 2213),
(1072, 2, 2129),
(1073, 3, 2804),
(1074, 4, 2794),
(1075, 5, 2848),
(1076, 6, 2961),
(1081, 1, 1728),
(1082, 2, 2277),
(1083, 3, 2991),
(1084, 4, 2735),
(1085, 5, 2240),
(1086, 6, 2623),
(1091, 1, 2007),
(1092, 2, 2721),
(1093, 3, 2784),
(1094, 4, 2971),
(1094, 6, 1795),
(1095, 5, 2933),
(1101, 1, 1911),
(1102, 2, 2614),
(1103, 3, 1710),
(1104, 4, 1936),
(1105, 5, 1771),
(1106, 6, 1898),
(1111, 1, 2631),
(1112, 2, 1740),
(1113, 3, 2416),
(1114, 4, 2253),
(1115, 5, 2087),
(1116, 6, 3047),
(1121, 1, 3043),
(1122, 2, 2993),
(1123, 3, 2371),
(1124, 4, 2344),
(1125, 5, 2114),
(1126, 6, 1815),
(1131, 1, 2073),
(1131, 4, 1949),
(1132, 2, 2914),
(1132, 5, 3057),
(1133, 3, 2718),
(1133, 6, 1784),
(1141, 1, 1703),
(1142, 2, 2618),
(1143, 3, 2533),
(1144, 4, 2763),
(1145, 5, 1747),
(1146, 6, 1758),
(1151, 1, 2942),
(1151, 6, 2980),
(1152, 2, 1744),
(1153, 3, 2998),
(1154, 4, 2599),
(1155, 5, 2688),
(1161, 1, 2563),
(1162, 2, 2379),
(1163, 3, 1985),
(1164, 4, 1737),
(1165, 5, 2898),
(1166, 6, 2442),
(1171, 1, 1881),
(1171, 5, 2538),
(1172, 2, 2351),
(1173, 3, 2181),
(1174, 4, 2141),
(1174, 6, 1761),
(1181, 1, 2303),
(1182, 2, 2545),
(1182, 6, 2528),
(1183, 3, 2118),
(1184, 4, 2148),
(1185, 5, 2535),
(1191, 1, 2318),
(1192, 2, 2884),
(1193, 3, 2304),
(1194, 4, 2853),
(1195, 5, 2064),
(1196, 6, 1854),
(1201, 1, 2429),
(1202, 2, 3066),
(1203, 3, 1797),
(1203, 6, 2713),
(1204, 4, 2895),
(1205, 5, 2574),
(1211, 1, 2992),
(1212, 2, 2487),
(1213, 3, 1985),
(1214, 4, 2149),
(1215, 5, 2451),
(1216, 6, 1715),
(1221, 1, 2931),
(1222, 2, 2890),
(1222, 6, 2118),
(1223, 3, 2052),
(1224, 4, 2622),
(1225, 5, 2920),
(1231, 1, 2531),
(1232, 2, 2149),
(1233, 3, 2117),
(1234, 4, 2604),
(1235, 5, 2315),
(1236, 6, 1865),
(1241, 1, 1913),
(1242, 2, 2262),
(1243, 3, 2709),
(1243, 6, 2699),
(1244, 4, 2025),
(1245, 5, 2970),
(1251, 1, 1985),
(1252, 2, 2876),
(1253, 3, 2850),
(1254, 4, 1852),
(1255, 5, 2109),
(1256, 6, 2723),
(1261, 1, 2622),
(1262, 2, 1934),
(1263, 3, 2688),
(1264, 4, 1805),
(1265, 5, 2697),
(1266, 6, 2765),
(1271, 1, 2408),
(1272, 2, 2680),
(1273, 3, 2200),
(1274, 4, 1942),
(1275, 5, 2592),
(1276, 6, 2024),
(1281, 1, 2114),
(1282, 2, 1880),
(1283, 3, 2467),
(1284, 4, 2853),
(1285, 5, 2953),
(1286, 6, 2177),
(1291, 1, 3041),
(1292, 2, 3003),
(1293, 3, 1750),
(1294, 4, 2637),
(1295, 5, 1943),
(1296, 6, 2640),
(1301, 1, 2888),
(1302, 2, 1984),
(1303, 3, 1854),
(1304, 4, 2997),
(1305, 5, 1940),
(1306, 6, 1922),
(1311, 1, 2217),
(1312, 2, 2128),
(1313, 3, 2774),
(1314, 4, 2938),
(1315, 5, 2704),
(1316, 6, 2691),
(1321, 1, 2013),
(1322, 2, 2045),
(1323, 3, 2061),
(1324, 4, 2951),
(1325, 5, 2820),
(1326, 6, 2469),
(1331, 1, 2062),
(1332, 2, 2883),
(1333, 3, 1765),
(1334, 4, 2188),
(1335, 5, 2640),
(1336, 6, 2737),
(1341, 1, 2873),
(1342, 2, 1888),
(1343, 3, 2614),
(1344, 4, 2296),
(1345, 5, 3056),
(1346, 6, 2779),
(1351, 1, 2761),
(1352, 2, 2896),
(1352, 6, 2588),
(1353, 3, 1825),
(1354, 4, 2362),
(1355, 5, 3060),
(1361, 1, 2768),
(1362, 2, 2809),
(1363, 3, 3068),
(1364, 4, 2061),
(1365, 5, 2101),
(1366, 6, 3017),
(1371, 1, 2041),
(1372, 2, 2059),
(1373, 3, 2977),
(1374, 4, 1845),
(1375, 5, 2851),
(1376, 6, 2705),
(1381, 1, 2126),
(1382, 2, 2614),
(1383, 3, 2114),
(1384, 4, 1763),
(1385, 5, 2349),
(1386, 6, 2633),
(1391, 1, 2854),
(1392, 2, 2391),
(1392, 6, 2125),
(1393, 3, 2965),
(1394, 4, 1795),
(1395, 5, 1869),
(1401, 1, 2690),
(1402, 2, 2197),
(1403, 3, 2182),
(1404, 4, 2885),
(1405, 5, 2410),
(1406, 6, 2343),
(1411, 1, 2144),
(1412, 2, 2556),
(1413, 3, 2807),
(1414, 4, 2968),
(1415, 5, 2795),
(1416, 6, 1871),
(1421, 1, 2993),
(1422, 2, 2201),
(1423, 3, 2535),
(1423, 6, 3037),
(1424, 4, 3015),
(1425, 5, 2028),
(1431, 1, 2559),
(1432, 2, 1898),
(1433, 3, 2871),
(1434, 4, 1993),
(1435, 5, 2000),
(1436, 6, 3008),
(1441, 1, 2209),
(1442, 2, 2011),
(1443, 3, 2145),
(1444, 4, 2838),
(1445, 5, 1776),
(1446, 6, 3095),
(1451, 1, 1988),
(1452, 2, 2315),
(1453, 3, 2426),
(1454, 4, 2253),
(1455, 5, 3069),
(1456, 6, 2565),
(1461, 1, 2341),
(1462, 2, 1883),
(1463, 3, 1717),
(1464, 4, 2235),
(1465, 5, 2696),
(1466, 6, 1839),
(1471, 1, 2429),
(1472, 2, 2408),
(1473, 3, 2202),
(1474, 4, 2096),
(1475, 5, 1847),
(1476, 6, 3005),
(1481, 1, 1814),
(1482, 2, 2796),
(1483, 3, 2113),
(1484, 4, 2358),
(1485, 5, 2662),
(1486, 6, 1895),
(1491, 1, 2877),
(1491, 4, 1882),
(1492, 2, 2396),
(1492, 5, 2915),
(1493, 3, 2187),
(1493, 6, 2375),
(1501, 1, 2577),
(1502, 2, 2262),
(1503, 3, 2118),
(1504, 4, 1824),
(1505, 5, 2450),
(1506, 6, 2502),
(1511, 1, 2951),
(1512, 2, 1999),
(1513, 3, 2312),
(1514, 4, 2914),
(1515, 5, 2904),
(1516, 6, 2233);

-- --------------------------------------------------------

--
-- Table structure for table `futok`
--

CREATE TABLE `futok` (
  `fid` int(11) NOT NULL,
  `fnev` varchar(17) COLLATE utf8mb4_hungarian_ci NOT NULL,
  `szulev` int(11) NOT NULL,
  `szulho` int(11) NOT NULL,
  `csapat` int(11) NOT NULL,
  `ffi` bit(1) NOT NULL
) ENGINE=InnoDB DEFAULT CHARSET=utf8mb4 COLLATE=utf8mb4_hungarian_ci;

--
-- Dumping data for table `futok`
--

INSERT INTO `futok` (`fid`, `fnev`, `szulev`, `szulho`, `csapat`, `ffi`) VALUES
(1001, 'Kelemen Dezső', 1977, 7, 100, b'1'),
(1002, 'Váradi Mariann', 1992, 2, 100, b'0'),
(1003, 'László Szilvia', 1990, 8, 100, b'0'),
(1004, 'Bognár Sándor', 1969, 6, 100, b'1'),
(1005, 'Rácz Melinda', 1976, 1, 100, b'0'),
(1011, 'Balla Anikó', 1988, 1, 101, b'0'),
(1012, 'Molnár Rudolf', 1980, 5, 101, b'1'),
(1013, 'Magyar Szabolcs', 1998, 9, 101, b'1'),
(1014, 'Bodnár Renáta', 1985, 5, 101, b'0'),
(1015, 'Csonka Júlia', 1981, 9, 101, b'0'),
(1016, 'Bakos Györgyi', 1969, 8, 101, b'0'),
(1021, 'Szalai Szilvia', 1971, 7, 102, b'0'),
(1022, 'Németh Klára', 1997, 1, 102, b'0'),
(1023, 'Szilágyi Roland', 1989, 1, 102, b'1'),
(1024, 'Szalai Fanni', 1967, 12, 102, b'0'),
(1025, 'Király Zsombor', 1997, 1, 102, b'1'),
(1026, 'Szabó Marcell', 1981, 11, 102, b'1'),
(1031, 'Végh Marcell', 1998, 3, 103, b'1'),
(1032, 'Hegedűs Dorina', 1992, 4, 103, b'0'),
(1033, 'Szekeres Hajnalka', 1976, 11, 103, b'0'),
(1034, 'Novák Kitti', 1996, 1, 103, b'0'),
(1035, 'Deák Ákos', 1985, 7, 103, b'1'),
(1036, 'Deák Szabolcs', 1993, 11, 103, b'1'),
(1041, 'Bálint Eszter', 1970, 11, 104, b'0'),
(1042, 'Fazekas Gizella', 1991, 2, 104, b'0'),
(1043, 'Kovács Bence', 1984, 1, 104, b'1'),
(1044, 'Tóth Antal', 1968, 6, 104, b'1'),
(1045, 'Váradi József', 1999, 7, 104, b'1'),
(1046, 'Csonka János', 1976, 10, 104, b'1'),
(1051, 'Orsós Brigitta', 1993, 7, 105, b'0'),
(1052, 'Major Róbert', 1971, 1, 105, b'1'),
(1053, 'Király Tibor', 1974, 12, 105, b'1'),
(1054, 'Tamás Máté', 1973, 8, 105, b'1'),
(1061, 'Kerekes Zalán', 1992, 10, 106, b'1'),
(1062, 'Antal Gergő', 1997, 5, 106, b'1'),
(1063, 'Sipos Benjámin', 1970, 9, 106, b'1'),
(1064, 'Simon Brigitta', 1971, 10, 106, b'0'),
(1065, 'Fazekas Csilla', 1998, 5, 106, b'0'),
(1066, 'Szilágyi András', 1988, 11, 106, b'1'),
(1071, 'Balogh Richárd', 1974, 5, 107, b'1'),
(1072, 'Horváth Dénes', 1977, 6, 107, b'1'),
(1073, 'Takács Gergely', 1977, 1, 107, b'1'),
(1074, 'Sipos Fanni', 1967, 6, 107, b'0'),
(1075, 'Deák Luca', 1977, 9, 107, b'0'),
(1076, 'Péter Brigitta', 1973, 6, 107, b'0'),
(1081, 'Gulyás Lili', 1998, 12, 108, b'0'),
(1082, 'Veres Kitti', 1972, 12, 108, b'0'),
(1083, 'Balog Attila', 1988, 11, 108, b'1'),
(1084, 'Vincze Zsolt', 1969, 12, 108, b'1'),
(1085, 'Balogh György', 1973, 9, 108, b'1'),
(1086, 'Gáspár Balázs', 1986, 9, 108, b'1'),
(1091, 'Hegedűs Beáta', 1968, 7, 109, b'0'),
(1092, 'Péter Elek', 1990, 4, 109, b'1'),
(1093, 'Király Anita', 1998, 11, 109, b'0'),
(1094, 'Vincze Jolán', 1989, 9, 109, b'0'),
(1095, 'Vincze Klára', 1971, 7, 109, b'0'),
(1101, 'Vincze Tímea', 1996, 7, 110, b'0'),
(1102, 'Halász Dorina', 1990, 4, 110, b'0'),
(1103, 'Budai Klára', 1995, 11, 110, b'0'),
(1104, 'Pataki Zoltán', 1970, 7, 110, b'1'),
(1105, 'Major Erika', 1979, 11, 110, b'0'),
(1106, 'Boros György', 1989, 5, 110, b'1'),
(1111, 'Horváth Ferenc', 1985, 3, 111, b'1'),
(1112, 'Bogdán Katalin', 1983, 10, 111, b'0'),
(1113, 'Halász Marcell', 1967, 8, 111, b'1'),
(1114, 'László Róza', 1972, 4, 111, b'0'),
(1115, 'Fehér Milán', 1984, 2, 111, b'1'),
(1116, 'Deák Ágnes', 1997, 3, 111, b'0'),
(1121, 'Varga Károly', 1986, 6, 112, b'1'),
(1122, 'Vincze Róbert', 1973, 9, 112, b'1'),
(1123, 'Horváth Alex', 1984, 1, 112, b'1'),
(1124, 'Váradi Andor', 1976, 5, 112, b'1'),
(1125, 'Fekete Mariann', 1984, 2, 112, b'0'),
(1126, 'Budai Nikoletta', 1990, 1, 112, b'0'),
(1131, 'Fazekas Györgyi', 1969, 8, 113, b'0'),
(1132, 'Barta Lóránt', 1970, 8, 113, b'1'),
(1133, 'Lengyel Tivadar', 1976, 2, 113, b'1'),
(1141, 'Király Richárd', 1973, 1, 114, b'1'),
(1142, 'Veres Olga', 1987, 3, 114, b'0'),
(1143, 'Fazekas Réka', 1976, 6, 114, b'0'),
(1144, 'Fehér Karolina', 1981, 4, 114, b'0'),
(1145, 'Bogdán Kitti', 1966, 1, 114, b'0'),
(1146, 'Csonka Mariann', 1995, 2, 114, b'0'),
(1151, 'Faragó Balázs', 1968, 11, 115, b'1'),
(1152, 'Varga Márta', 1972, 3, 115, b'0'),
(1153, 'Gáspár Barnabás', 1982, 1, 115, b'1'),
(1154, 'Vörös Ábel', 1986, 7, 115, b'1'),
(1155, 'Király Zita', 1981, 3, 115, b'0'),
(1161, 'Soós Csaba', 1972, 5, 116, b'1'),
(1162, 'László Bertalan', 1970, 2, 116, b'1'),
(1163, 'Antal Erika', 1985, 4, 116, b'0'),
(1164, 'Sipos Zita', 1972, 4, 116, b'0'),
(1165, 'Veres Gergő', 1992, 2, 116, b'1'),
(1166, 'Molnár Olivér', 1969, 6, 116, b'1'),
(1171, 'Végh Mónika', 1992, 4, 117, b'0'),
(1172, 'Lukács Zita', 1994, 9, 117, b'0'),
(1173, 'Kocsis György', 1998, 6, 117, b'1'),
(1174, 'Vincze Nándor', 1971, 12, 117, b'1'),
(1181, 'Borbély Klára', 1991, 2, 118, b'0'),
(1182, 'Szűcs Klára', 1999, 9, 118, b'0'),
(1183, 'Fehér Csongor', 1978, 7, 118, b'1'),
(1184, 'Farkas Henrik', 1996, 11, 118, b'1'),
(1185, 'Fodor Dénes', 1977, 10, 118, b'1'),
(1191, 'Faragó Virág', 1970, 6, 119, b'0'),
(1192, 'Szilágyi Anikó', 1975, 1, 119, b'0'),
(1193, 'Pataki Kevin', 1992, 4, 119, b'1'),
(1194, 'Pásztor Lili', 1969, 7, 119, b'0'),
(1195, 'Hajdu Julianna', 1992, 3, 119, b'0'),
(1196, 'Lakatos Norbert', 1981, 4, 119, b'1'),
(1201, 'Váradi Benedek', 1982, 1, 120, b'1'),
(1202, 'Tamás János', 1984, 8, 120, b'1'),
(1203, 'Pintér Zsófia', 1991, 6, 120, b'0'),
(1204, 'László Csilla', 1980, 5, 120, b'0'),
(1205, 'Szücs Ágnes', 1979, 4, 120, b'0'),
(1211, 'Veres Richárd', 1975, 11, 121, b'1'),
(1212, 'Gáspár Péter', 1985, 2, 121, b'1'),
(1213, 'Papp Bernadett', 1998, 3, 121, b'0'),
(1214, 'Juhász Balázs', 1972, 4, 121, b'1'),
(1215, 'Varga Klára', 1984, 2, 121, b'0'),
(1216, 'Fodor Patrik', 1987, 5, 121, b'1'),
(1221, 'Illés Csongor', 1978, 11, 122, b'1'),
(1222, 'Szalai Renáta', 1968, 6, 122, b'0'),
(1223, 'Varga Ilona', 1989, 5, 122, b'0'),
(1224, 'Papp András', 1974, 2, 122, b'1'),
(1225, 'Sipos Martin', 1999, 5, 122, b'1'),
(1231, 'Magyar Mihály', 1976, 6, 123, b'1'),
(1232, 'Halász József', 1971, 12, 123, b'1'),
(1233, 'Szilágyi Emese', 1967, 6, 123, b'0'),
(1234, 'Hegedüs Anikó', 1997, 2, 123, b'0'),
(1235, 'Deák Csilla', 1975, 8, 123, b'0'),
(1236, 'Varga Júlia', 1971, 3, 123, b'0'),
(1241, 'Péter Szabolcs', 1989, 5, 124, b'1'),
(1242, 'Kovács Ervin', 1982, 5, 124, b'1'),
(1243, 'Szalai Renátó', 1977, 5, 124, b'1'),
(1244, 'Sándor Zsombor', 1992, 3, 124, b'1'),
(1245, 'Kelemen Alex', 1987, 4, 124, b'1'),
(1251, 'Simon Róza', 1982, 11, 125, b'0'),
(1252, 'Nemes Mária', 1987, 7, 125, b'0'),
(1253, 'Biró Zsigmond', 1988, 12, 125, b'1'),
(1254, 'Végh Renáta', 1986, 11, 125, b'0'),
(1255, 'Varga Klaudia', 1984, 12, 125, b'0'),
(1256, 'Péter Zsuzsanna', 1981, 4, 125, b'0'),
(1261, 'Oláh Mátyás', 1992, 8, 126, b'1'),
(1262, 'Gál Viktória', 1969, 1, 126, b'0'),
(1263, 'Vincze Barnabás', 1977, 12, 126, b'1'),
(1264, 'Budai Dorina', 1996, 2, 126, b'0'),
(1265, 'Magyar Lilla', 1971, 1, 126, b'0'),
(1266, 'Simon Renáta', 1987, 4, 126, b'0'),
(1271, 'Pásztor Barnabás', 1993, 4, 127, b'1'),
(1272, 'Veres Petra', 1990, 9, 127, b'0'),
(1273, 'Nagy Mariann', 1977, 3, 127, b'0'),
(1274, 'Kelemen Dorina', 1975, 2, 127, b'0'),
(1275, 'Rácz Olga', 1968, 11, 127, b'0'),
(1276, 'Somogyi Szilvia', 1972, 3, 127, b'0'),
(1281, 'Pintér Lóránt', 1990, 9, 128, b'1'),
(1282, 'Borbély Brigitta', 1974, 1, 128, b'0'),
(1283, 'Deák Gizella', 1991, 8, 128, b'0'),
(1284, 'Pap Lajos', 1970, 1, 128, b'1'),
(1285, 'Fazekas Arnold', 1995, 3, 128, b'1'),
(1286, 'Pál Arnold', 1971, 4, 128, b'1'),
(1291, 'Dobos Luca', 1966, 9, 129, b'0'),
(1292, 'Vass Mátyás', 1983, 6, 129, b'1'),
(1293, 'Fodor Alex', 1992, 2, 129, b'1'),
(1294, 'Pál Rita', 1976, 1, 129, b'0'),
(1295, 'Kelemen Béla', 1984, 11, 129, b'1'),
(1296, 'Barna Irma', 1987, 2, 129, b'0'),
(1301, 'Fodor Renátó', 1969, 5, 130, b'1'),
(1302, 'Mészáros Gergely', 1980, 3, 130, b'1'),
(1303, 'Nemes Anikó', 1972, 11, 130, b'0'),
(1304, 'Major Zoltán', 1993, 9, 130, b'1'),
(1305, 'Dudás Dezső', 1974, 1, 130, b'1'),
(1306, 'Barta Brigitta', 1992, 2, 130, b'0'),
(1311, 'Fodor Gizella', 1985, 12, 131, b'0'),
(1312, 'Sipos Szabolcs', 1992, 11, 131, b'1'),
(1313, 'Gál Terézia', 1985, 7, 131, b'0'),
(1314, 'Török Kornél', 1988, 4, 131, b'1'),
(1315, 'Végh Lóránt', 1974, 3, 131, b'1'),
(1316, 'Váradi Kitti', 1986, 6, 131, b'0'),
(1321, 'Lukács Benjámin', 1976, 6, 132, b'1'),
(1322, 'Szőke Szabolcs', 1966, 8, 132, b'1'),
(1323, 'Péter Tünde', 1975, 7, 132, b'0'),
(1324, 'Pap Enikő', 1966, 5, 132, b'0'),
(1325, 'Budai Tibor', 1996, 8, 132, b'1'),
(1326, 'Katona Viktória', 1968, 6, 132, b'0'),
(1331, 'Sipos Géza', 1998, 6, 133, b'1'),
(1332, 'Kocsis Tibor', 1974, 1, 133, b'1'),
(1333, 'Varga Ervin', 1994, 12, 133, b'1'),
(1334, 'Szekeres Csongor', 1991, 6, 133, b'1'),
(1335, 'Váradi Vilmos', 1974, 1, 133, b'1'),
(1336, 'Farkas Piroska', 1968, 12, 133, b'0'),
(1341, 'Pintér Olga', 1986, 4, 134, b'0'),
(1342, 'Faragó Jolán', 1982, 9, 134, b'0'),
(1343, 'Veres János', 1992, 5, 134, b'1'),
(1344, 'Novák Henrik', 1995, 9, 134, b'1'),
(1345, 'Pál Olga', 1987, 7, 134, b'0'),
(1346, 'Szücs János', 1989, 9, 134, b'1'),
(1351, 'Gáspár Klaudia', 1982, 9, 135, b'0'),
(1352, 'Kocsis Marcell', 1993, 4, 135, b'1'),
(1353, 'Orbán Gergő', 1995, 9, 135, b'1'),
(1354, 'Török Renáta', 1985, 4, 135, b'0'),
(1355, 'Major Evelin', 1993, 6, 135, b'0'),
(1361, 'Szalai Ágnes', 1968, 5, 136, b'0'),
(1362, 'Oláh Ida', 1997, 9, 136, b'0'),
(1363, 'Barta Júlia', 1989, 8, 136, b'0'),
(1364, 'Orsós Mihály', 1983, 2, 136, b'1'),
(1365, 'Soós Réka', 1973, 11, 136, b'0'),
(1366, 'Balog Beáta', 1979, 10, 136, b'0'),
(1371, 'Magyar Benjámin', 1986, 3, 137, b'1'),
(1372, 'Pásztor Györgyi', 1975, 5, 137, b'0'),
(1373, 'Szücs Richárd', 1993, 3, 137, b'1'),
(1374, 'Varga Henrik', 1995, 5, 137, b'1'),
(1375, 'Nagy Renáta', 1993, 7, 137, b'0'),
(1376, 'Fodor Szilvia', 1985, 8, 137, b'0'),
(1381, 'Dobos Virág', 1973, 8, 138, b'0'),
(1382, 'Balázs Pál', 1980, 8, 138, b'1'),
(1383, 'Tamás Gergő', 1976, 8, 138, b'1'),
(1384, 'Kovács Györgyi', 1978, 8, 138, b'0'),
(1385, 'Pataki Emil', 1987, 9, 138, b'1'),
(1386, 'Antal Balázs', 1993, 9, 138, b'1'),
(1391, 'Biró Csilla', 1997, 3, 139, b'0'),
(1392, 'Gulyás Ervin', 1979, 1, 139, b'1'),
(1393, 'Sándor Lili', 1973, 9, 139, b'0'),
(1394, 'Csonka András', 1978, 4, 139, b'1'),
(1395, 'Bodnár Ildikó', 1981, 11, 139, b'0'),
(1401, 'Sándor Alex', 1981, 3, 140, b'1'),
(1402, 'Balogh Brigitta', 1984, 10, 140, b'0'),
(1403, 'Vincze Szilvia', 1971, 10, 140, b'0'),
(1404, 'Rácz Júlia', 1991, 5, 140, b'0'),
(1405, 'Szabó Martin', 1981, 10, 140, b'1'),
(1406, 'Borbély Ildikó', 1980, 1, 140, b'0'),
(1411, 'Székely Rozália', 1969, 11, 141, b'0'),
(1412, 'Kovács Vivien', 1986, 1, 141, b'0'),
(1413, 'Kozma Richárd', 1989, 1, 141, b'1'),
(1414, 'Oláh Júlia', 1992, 8, 141, b'0'),
(1415, 'Balázs Barna', 1967, 7, 141, b'1'),
(1416, 'Jónás János', 1979, 12, 141, b'1'),
(1421, 'Kocsis Benjamin', 1972, 12, 142, b'1'),
(1422, 'Dobos Martin', 1973, 4, 142, b'1'),
(1423, 'Nemes József', 1972, 8, 142, b'1'),
(1424, 'Kiss Anikó', 1981, 7, 142, b'0'),
(1425, 'Mészáros Balázs', 1995, 6, 142, b'1'),
(1431, 'Orsós Albert', 1977, 11, 143, b'1'),
(1432, 'Molnár Szabolcs', 1985, 9, 143, b'1'),
(1433, 'Somogyi Márk', 1969, 6, 143, b'1'),
(1434, 'Kocsis Márta', 1992, 6, 143, b'0'),
(1435, 'Deák Edit', 1994, 12, 143, b'0'),
(1436, 'Vörös Csongor', 1971, 8, 143, b'1'),
(1441, 'Orosz Andrea', 1973, 11, 144, b'0'),
(1442, 'Oláh Marcell', 1985, 10, 144, b'1'),
(1443, 'Bodnár Beatrix', 1989, 10, 144, b'0'),
(1444, 'Pintér Beáta', 1981, 7, 144, b'0'),
(1445, 'Takács Ervin', 1982, 3, 144, b'1'),
(1446, 'Horváth Júlia', 1976, 4, 144, b'0'),
(1451, 'Gál Veronika', 1974, 10, 145, b'0'),
(1452, 'Szőke Dorina', 1999, 2, 145, b'0'),
(1453, 'Sándor Terézia', 1974, 3, 145, b'0'),
(1454, 'Németh Henrik', 1997, 6, 145, b'1'),
(1455, 'Hegedüs Erika', 1966, 9, 145, b'0'),
(1456, 'Jakab Zsigmond', 1978, 1, 145, b'1'),
(1461, 'Bodnár Petra', 1984, 11, 146, b'0'),
(1462, 'Takács Réka', 1984, 10, 146, b'0'),
(1463, 'Novák Júlia', 1992, 10, 146, b'0'),
(1464, 'Kocsis Dániel', 1966, 3, 146, b'1'),
(1465, 'Barta Olga', 1984, 7, 146, b'0'),
(1466, 'Balla Milán', 1983, 5, 146, b'1'),
(1471, 'Gulyás Richárd', 1999, 12, 147, b'1'),
(1472, 'Szilágyi János', 1996, 5, 147, b'1'),
(1473, 'Orosz Ildikó', 1978, 9, 147, b'0'),
(1474, 'Mészáros Éva', 1994, 5, 147, b'0'),
(1475, 'Vincze Pál', 1984, 6, 147, b'1'),
(1476, 'Vass Martin', 1966, 11, 147, b'1'),
(1481, 'Nemes Gyula', 1990, 4, 148, b'1'),
(1482, 'Puskás János', 1986, 11, 148, b'1'),
(1483, 'Major Virág', 1970, 1, 148, b'0'),
(1484, 'Puskás Júlia', 1978, 11, 148, b'0'),
(1485, 'Székely Dorina', 1986, 8, 148, b'0'),
(1486, 'Szőke Dániel', 1996, 11, 148, b'1'),
(1491, 'Nemes Dominik', 1989, 9, 149, b'1'),
(1492, 'Gulyás Aranka', 1967, 5, 149, b'0'),
(1493, 'Vincze Beáta', 1995, 6, 149, b'0'),
(1501, 'Balogh Győző', 1979, 5, 150, b'1'),
(1502, 'Tamás Klaudia', 1990, 1, 150, b'0'),
(1503, 'Katona Barbara', 1993, 10, 150, b'0'),
(1504, 'Németh János', 1966, 12, 150, b'1'),
(1505, 'Gál Renáta', 1997, 9, 150, b'0'),
(1506, 'Pataki Roland', 1996, 2, 150, b'1'),
(1511, 'Faragó Lilla', 1989, 4, 151, b'0'),
(1512, 'Somogyi Marcell', 1996, 7, 151, b'1'),
(1513, 'Faragó Dávid', 1973, 10, 151, b'1'),
(1514, 'Antal Klaudia', 1980, 3, 151, b'0'),
(1515, 'Pál Dezső', 1973, 5, 151, b'1'),
(1516, 'Szekeres Szilvia', 1991, 4, 151, b'0');

--
-- Indexes for dumped tables
--

--
-- Indexes for table `eredmenyek`
--
ALTER TABLE `eredmenyek`
  ADD PRIMARY KEY (`futo`,`kor`);

--
-- Indexes for table `futok`
--
ALTER TABLE `futok`
  ADD PRIMARY KEY (`fid`);

--
-- Constraints for dumped tables
--

--
-- Constraints for table `eredmenyek`
--
ALTER TABLE `eredmenyek`
  ADD CONSTRAINT `fk_futoeredmenyek` FOREIGN KEY (`futo`) REFERENCES `futok` (`fid`);
--
-- Database: `matra`
--
CREATE DATABASE IF NOT EXISTS `matra` DEFAULT CHARACTER SET utf8mb4 COLLATE utf8mb4_general_ci;
USE `matra`;

-- --------------------------------------------------------

--
-- Table structure for table `ertekelesek`
--

CREATE TABLE `ertekelesek` (
  `id` int(11) NOT NULL,
  `elem` int(11) NOT NULL,
  `pont` int(11) NOT NULL
) ENGINE=InnoDB DEFAULT CHARSET=utf8mb4;

--
-- Dumping data for table `ertekelesek`
--

INSERT INTO `ertekelesek` (`id`, `elem`, `pont`) VALUES
(1, 1, 5),
(2, 1, 4),
(3, 2, 3),
(4, 2, 4),
(5, 3, 3),
(6, 3, 5),
(7, 1, 3);

--
-- Indexes for dumped tables
--

--
-- Indexes for table `ertekelesek`
--
ALTER TABLE `ertekelesek`
  ADD PRIMARY KEY (`id`);

--
-- AUTO_INCREMENT for dumped tables
--

--
-- AUTO_INCREMENT for table `ertekelesek`
--
ALTER TABLE `ertekelesek`
  MODIFY `id` int(11) NOT NULL AUTO_INCREMENT, AUTO_INCREMENT=8;
--
-- Database: `milliardos`
--
CREATE DATABASE IF NOT EXISTS `milliardos` DEFAULT CHARACTER SET utf8mb4 COLLATE utf8mb4_hungarian_ci;
USE `milliardos`;

-- --------------------------------------------------------

--
-- Table structure for table `adatok`
--

CREATE TABLE `adatok` (
  `helyezes` int(11) NOT NULL,
  `nev` varchar(30) COLLATE utf8mb4_hungarian_ci DEFAULT NULL,
  `vagyon` double DEFAULT NULL,
  `ev` int(11) DEFAULT NULL,
  `ceg` varchar(30) COLLATE utf8mb4_hungarian_ci DEFAULT NULL,
  `orszag` varchar(20) COLLATE utf8mb4_hungarian_ci DEFAULT NULL
) ENGINE=InnoDB DEFAULT CHARSET=utf8mb4 COLLATE=utf8mb4_hungarian_ci;

--
-- Dumping data for table `adatok`
--

INSERT INTO `adatok` (`helyezes`, `nev`, `vagyon`, `ev`, `ceg`, `orszag`) VALUES
(1, 'carlos Slim Helu', 73, 1940, 'telecom', 'Mexicó'),
(2, 'Bill Gates', 67, 1956, 'Microsoft', 'USA'),
(3, 'Amancio Ortega', 57, 1936, 'Zara', 'Spanyolország'),
(4, 'Warren Buffett', 53.5, 1931, 'Berkshire Hathaway', 'USA'),
(5, 'Larry Ellison', 43, 1945, 'Oracle', 'USA');

--
-- Indexes for dumped tables
--

--
-- Indexes for table `adatok`
--
ALTER TABLE `adatok`
  ADD PRIMARY KEY (`helyezes`);

--
-- AUTO_INCREMENT for dumped tables
--

--
-- AUTO_INCREMENT for table `adatok`
--
ALTER TABLE `adatok`
  MODIFY `helyezes` int(11) NOT NULL AUTO_INCREMENT, AUTO_INCREMENT=6;
--
-- Database: `nagykonyv`
--
CREATE DATABASE IF NOT EXISTS `nagykonyv` DEFAULT CHARACTER SET utf8mb4 COLLATE utf8mb4_hungarian_ci;
USE `nagykonyv`;

-- --------------------------------------------------------

--
-- Table structure for table `konyv`
--

CREATE TABLE `konyv` (
  `id` int(11) NOT NULL,
  `cim` varchar(34) COLLATE utf8mb4_hungarian_ci NOT NULL,
  `szerzoId` int(11) NOT NULL,
  `helyezes` int(11) NOT NULL
) ENGINE=InnoDB DEFAULT CHARSET=utf8mb4 COLLATE=utf8mb4_hungarian_ci;

--
-- Dumping data for table `konyv`
--

INSERT INTO `konyv` (`id`, `cim`, `szerzoId`, `helyezes`) VALUES
(1, '1984', 30, 4),
(2, 'A 22-es csapdája', 49, 44),
(3, 'A da Vinci-kód', 10, 64),
(4, 'A Diadalív árnyékában', 17, 70),
(5, 'A fekete város', 71, 56),
(6, 'A funtineli boszorkány', 101, 25),
(7, 'A gyertyák csonkig égnek', 62, 32),
(8, 'A Gyűrűk Ura I–III.', 39, 8),
(9, 'A három testőr', 4, 28),
(10, 'A katedrális', 54, 69),
(11, 'A két Lotti', 16, 21),
(12, 'A kis herceg', 5, 7),
(13, 'A kőszívű ember fiai', 48, 14),
(14, 'A láthatatlan ember', 29, 38),
(15, 'A Legyek Ura', 102, 46),
(16, 'A lét elviselhetetlen könnyűsége', 72, 92),
(17, 'A Mester és Margarita', 68, 10),
(18, 'A nap szerelmese', 9, 40),
(19, 'A neveletlen hercegnő naplója', 66, 57),
(20, 'A nyomorultak', 100, 23),
(21, 'A Pál utcai fiúk', 73, 2),
(22, 'A Pendragon legenda', 93, 81),
(23, 'A rózsa neve', 97, 61),
(24, 'A tizennégy karátos autó', 84, 47),
(25, 'A varázshegy', 96, 90),
(26, 'A vörös oroszlán', 92, 95),
(27, 'Ábel a rengetegben', 95, 13),
(28, 'Abigél', 91, 3),
(29, 'Adjátok vissza a hegyeimet!', 101, 31),
(30, 'Akiért a harang szól', 18, 53),
(31, 'Állítsátok meg Terézanyut!', 83, 60),
(32, 'Anna Karenina', 60, 76),
(33, 'Apák könyve', 98, 80),
(34, 'Aranyecset', 9, 48),
(35, 'Aranykoporsó', 74, 55),
(36, 'Árvácska', 75, 33),
(37, 'Az ajtó', 91, 93),
(38, 'Az alkimista', 82, 85),
(39, 'Az arany ember', 48, 5),
(40, 'Az öreg halász és a tenger', 18, 20),
(41, 'Bezzeg az én időmben', 21, 82),
(42, 'Bogáncs', 22, 45),
(43, 'Búcsú a fegyverektől', 18, 75),
(44, 'Bűn és bűnhődés', 24, 34),
(45, 'Büszkeség és balítélet', 42, 54),
(46, 'Édentől keletre', 46, 65),
(47, 'Édes Anna', 57, 43),
(48, 'Egri csillagok', 29, 1),
(49, 'Egy magyar nábob', 48, 72),
(50, 'Egy polgár vallomásai', 62, 94),
(51, 'Elfújta a szél', 63, 22),
(52, 'Für Elisé', 91, 86),
(53, 'Galaxis útikalauz stopposoknak', 13, 78),
(54, 'Gergő és az álomfogók', 7, 83),
(55, 'Háború és béke', 60, 52),
(56, 'Harmonia caelestis', 19, 100),
(57, 'Harry Potter és a bölcsek köve', 38, 9),
(58, 'Harry Potter és a Főnix Rendje', 38, 26),
(59, 'Harry Potter és a Titkok Kamrája', 38, 17),
(60, 'Harry Potter és az azkabani fogoly', 38, 16),
(61, 'Ida regénye', 29, 89),
(62, 'Indul a bakterház', 85, 15),
(63, 'Iskola a határon', 79, 71),
(64, 'Iszony', 77, 74),
(65, 'Jadviga párnája', 103, 88),
(66, 'Jane Eyre', 8, 36),
(67, 'József és testvérei', 96, 96),
(68, 'Kard és kasza', 101, 68),
(69, 'Kincskereső kisködmön', 74, 29),
(70, 'Lassie hazatér', 15, 49),
(71, 'Légy hű magadhoz', 15, 73),
(72, 'Légy jó mindhalálig', 75, 18),
(73, 'Malevil', 86, 84),
(74, 'Mesterségem a halál', 86, 63),
(75, 'Micimackó', 3, 6),
(76, 'Monte Cristo grófja', 4, 24),
(77, 'Ne féljetek', 47, 97),
(78, 'Oroszlánkölykök', 36, 67),
(79, 'PetePite', 78, 99),
(80, 'Piszkos Fred, a kapitány', 84, 37),
(81, 'Pokolbéli víg napjaim', 20, 98),
(82, 'Quo vadis', 34, 30),
(83, 'Régimódi történet', 91, 91),
(84, 'Robinson Crusoe', 11, 62),
(85, 'Sorstalanság', 56, 27),
(86, 'Švejk', 43, 66),
(87, 'Száz év magány', 27, 12),
(88, 'Szent Péter esernyője', 71, 35),
(89, 'Szerelem a kolera idején', 27, 79),
(90, 'Téli berek', 22, 51),
(91, 'Tóték', 80, 58),
(92, 'Tüskevár', 22, 11),
(93, 'Utas és holdvilág', 93, 87),
(94, 'Utazás a koponyám körül', 52, 77),
(95, 'Üvöltő szelek', 14, 39),
(96, 'Virágot Algernonnak', 12, 59),
(97, 'Vörös és fekete', 89, 41),
(98, 'Vuk', 22, 19),
(99, 'Winnetou', 53, 50),
(100, 'Zabhegyező', 44, 42),
(101, 'A bengáli tűz', 26, 101),
(102, 'A dzsungel könyve', 87, 101),
(103, 'A feleségem története', 25, 101),
(104, 'A gólyakalifa', 6, 101),
(105, 'A három testőr Afrikában', 84, 101),
(106, 'A Karamazov testvérek', 24, 101),
(107, 'A kicsik', 61, 101),
(108, 'A Négyszögletű Kerek Erdő', 58, 101),
(109, 'A ragyogás', 90, 101),
(110, 'A sziget', 86, 101),
(111, 'A vadon szava', 40, 101),
(112, 'A Végtelen Történet', 67, 101),
(113, 'Alapítvány és Birodalom', 37, 101),
(114, 'Állatfarm', 30, 101),
(115, 'Anya csak egy van', 98, 101),
(116, 'Az elátkozott királyok', 65, 101),
(117, 'Az ötödik pecsét', 88, 101),
(118, 'Bambi', 23, 101),
(119, 'Beszterce ostroma', 71, 101),
(120, 'Családom és egyéb állatfajták', 31, 101),
(121, 'Csendes Don', 69, 101),
(122, 'Csontbrigád', 84, 101),
(123, 'Égető Eszter', 77, 101),
(124, 'Egymás szemében', 94, 101),
(125, 'Elvész a nyom', 101, 101),
(126, 'Emil és a detektívek', 16, 101),
(127, 'Emlékiratok könyve', 76, 101),
(128, 'Erdély', 75, 101),
(129, 'Esőisten siratja Mexikót', 81, 101),
(130, 'Exodus', 59, 101),
(131, 'Fekete gyémántok', 48, 101),
(132, 'Für Elise', 91, 101),
(133, 'Goriot apó', 35, 101),
(134, 'Harmonia cælestis', 19, 101),
(135, 'Isten rabjai', 29, 101),
(136, 'Karnevál', 32, 101),
(137, 'Koldus és királyfi', 64, 101),
(138, 'Különös házasság', 71, 101),
(139, 'Mesemaraton', 99, 101),
(140, 'Most és mindörökké', 41, 101),
(141, 'Nemo kapitány', 50, 101),
(142, 'Pacsirta', 57, 101),
(143, 'Pete Pite', 78, 101),
(144, 'Pillangó', 33, 101),
(145, 'Réztábla a kapu alatt', 1, 101),
(146, 'Rokonok', 75, 101),
(147, 'Száll a kakukk fészkére', 55, 101),
(148, 'Szinuhe', 70, 101),
(149, 'Titkok egy régi kertben', 51, 101),
(150, 'Tíz kicsi néger', 2, 101),
(151, 'Tom Sawyer kalandjai', 64, 101),
(152, 'Védett férfiak', 86, 101),
(153, 'Vidravas', 28, 101);

-- --------------------------------------------------------

--
-- Table structure for table `szerzo`
--

CREATE TABLE `szerzo` (
  `id` int(11) NOT NULL,
  `nev` varchar(33) COLLATE utf8mb4_hungarian_ci NOT NULL,
  `szulEv` int(11) NOT NULL,
  `halEv` int(11) DEFAULT NULL,
  `nemzetiseg` varchar(9) COLLATE utf8mb4_hungarian_ci NOT NULL
) ENGINE=InnoDB DEFAULT CHARSET=utf8mb4 COLLATE=utf8mb4_hungarian_ci;

--
-- Dumping data for table `szerzo`
--

INSERT INTO `szerzo` (`id`, `nev`, `szulEv`, `halEv`, `nemzetiseg`) VALUES
(1, 'A. J. Cronin', 1896, 1981, 'angol'),
(2, 'Agatha Christie', 1890, 1976, 'angol'),
(3, 'Alan Alexander Milne', 1882, 1956, 'angol'),
(4, 'Alexandre Dumas', 1802, 1870, 'francia'),
(5, 'Antoine de Saint-Exupéry', 1900, 1944, 'francia'),
(6, 'Babits Mihály', 1883, 1941, 'magyar'),
(7, 'Böszörményi Gyula', 1964, NULL, 'magyar'),
(8, 'Charlotte Brontë', 1816, 1855, 'angol'),
(9, 'Dallos Sándor', 1901, 1964, 'magyar'),
(10, 'Dan Brown', 1964, NULL, 'amerikai'),
(11, 'Daniel Defoe', 1660, 1731, 'angol'),
(12, 'Daniel Keyes', 1927, 2014, 'amerikai'),
(13, 'Douglas Adams', 1952, 2001, 'angol'),
(14, 'Emily Brontë', 1818, 1848, 'angol'),
(15, 'Eric Knight', 1897, 1943, 'angol'),
(16, 'Erich Kästner', 1899, 1974, 'német'),
(17, 'Erich Maria Remarque', 1898, 1970, 'német'),
(18, 'Ernest Hemingway', 1899, 1961, 'amerikai'),
(19, 'Esterházy Péter', 1950, 2016, 'magyar'),
(20, 'Faludy György', 1910, 2006, 'magyar'),
(21, 'Fehér Klára', 1919, 1996, 'magyar'),
(22, 'Fekete István', 1900, 1970, 'magyar'),
(23, 'Felix Salten', 1869, 1945, 'osztrák'),
(24, 'Fjodor Mihajlovics Dosztojevszkij', 1821, 1881, 'orosz'),
(25, 'Füst Milán', 1888, 1948, 'magyar'),
(26, 'G. Hajnóczy Rózsa', 1892, 1944, 'magyar'),
(27, 'Gabriel García Márquez', 1927, 2014, 'kolumbiai'),
(28, 'Galgóczi Erzsébet', 1930, 1989, 'magyar'),
(29, 'Gárdonyi Géza', 1963, 1922, 'magyar'),
(30, 'George Orwell', 1903, 1950, 'angol'),
(31, 'Gerald Durrell', 1925, 1995, 'angol'),
(32, 'Hamvas Béla', 1897, 1968, 'magyar'),
(33, 'Henri Charrière', 1906, 1973, 'francia'),
(34, 'Henryk Sienkiewicz', 1846, 1916, 'lengyel'),
(35, 'Honoré de Balzac', 1799, 1850, 'francia'),
(36, 'Irwin Shaw', 1913, 1984, 'amerikai'),
(37, 'Isaac Asimov', 1920, 1992, 'orosz'),
(38, 'J. K. Rowling', 1965, NULL, 'angol'),
(39, 'J. R. R. Tolkien', 1892, 1973, 'angol'),
(40, 'Jack London', 1876, 1916, 'amerikai'),
(41, 'James Jones', 1921, 1977, 'amerikai'),
(42, 'Jane Austen', 1775, 1817, 'angol'),
(43, 'Jaroslav Hašek', 1883, 1923, 'cseh'),
(44, 'Jerome David Salinger', 1919, 2010, 'amerikai'),
(45, 'Joanne Kathleen Rowling', 1956, NULL, 'angol'),
(46, 'John Steinbeck', 1902, 1968, 'amerikai'),
(47, 'Jókai Anna', 1932, 2017, 'magyar'),
(48, 'Jókai Mór', 1825, 1904, 'magyar'),
(49, 'Joseph Heller', 1923, 1999, 'amerikai'),
(50, 'Jules Verne', 1828, 1905, 'francia'),
(51, 'Kálnay Adél', 1952, NULL, 'magyar'),
(52, 'Karinthy Frigyes', 1887, 1938, 'magyar'),
(53, 'Karl May', 1842, 1912, 'német'),
(54, 'Ken Follett', 1949, NULL, 'walesi'),
(55, 'Ken Kesey', 1935, 2001, 'amerikai'),
(56, 'Kertész Imre', 1929, 2016, 'magyar'),
(57, 'Kosztolányi Dezső', 1885, 1936, 'magyar'),
(58, 'Lázár Ervin', 1936, 2006, 'magyar'),
(59, 'Leon Uris', 1924, 2003, 'amerikai'),
(60, 'Lev Nyikolajevics Tolsztoj', 1828, 1910, 'orosz'),
(61, 'Lőrincz L. László', 1939, NULL, 'magyar'),
(62, 'Márai Sándor', 1900, 1989, 'magyar'),
(63, 'Margaret Mitchell', 1900, 1949, 'amerikai'),
(64, 'Mark Twain', 1835, 1910, 'amerikai'),
(65, 'Maurice Druon', 1918, 2009, 'francia'),
(66, 'Meg Cabot', 1967, NULL, 'amerikai'),
(67, 'Michael Ende', 1929, 1995, 'német'),
(68, 'Mihail Afanaszjevics Bulgakov', 1891, 1940, 'orosz'),
(69, 'Mihail Alekszandrovics Solohov', 1905, 1984, 'orosz'),
(70, 'Mika Waltari', 1908, 1979, 'finn'),
(71, 'Mikszáth Kálmán', 1847, 1910, 'magyar'),
(72, 'Milan Kundera', 1929, NULL, 'cseh'),
(73, 'Molnár Ferenc', 1878, 1952, 'magyar'),
(74, 'Móra Ferenc', 1879, 1934, 'magyar'),
(75, 'Móricz Zsigmond', 1879, 1942, 'magyar'),
(76, 'Nádas Péter', 1942, NULL, 'magyar'),
(77, 'Németh László', 1901, 1975, 'magyar'),
(78, 'Nógrádi Gábor', 1947, NULL, 'magyar'),
(79, 'Ottlik Géza', 1912, 1990, 'magyar'),
(80, 'Örkény István', 1912, 1979, 'magyar'),
(81, 'Passuth László', 1900, 1979, 'magyar'),
(82, 'Paulo Coelho', 1947, NULL, 'brazil'),
(83, 'Rácz Zsuzsa', 1972, NULL, 'magyar'),
(84, 'Rejtő Jenő', 1905, 1943, 'magyar'),
(85, 'Rideg Sándor', 1903, 1966, 'magyar'),
(86, 'Robert Merle', 1908, 2004, 'francia'),
(87, 'Rudyard Kipling', 1865, 1936, 'angol'),
(88, 'Sánta Ferenc', 1927, 2008, 'magyar'),
(89, 'Stendhal', 1783, 1842, 'francia'),
(90, 'Stephen King', 1947, NULL, 'amerikai'),
(91, 'Szabó Magda', 1917, 2007, 'magyar'),
(92, 'Szepes Mária', 1908, 2007, 'magyar'),
(93, 'Szerb Antal', 1901, 1945, 'magyar'),
(94, 'Szilvási Lajos', 1932, 1996, 'magyar'),
(95, 'Tamási Áron', 1897, 1966, 'magyar'),
(96, 'Thomas Mann', 1875, 1955, 'német'),
(97, 'Umberto Eco', 1932, 2016, 'olasz'),
(98, 'Vámos Miklós', 1950, NULL, 'magyar'),
(99, 'Vavyan Fable', 1956, NULL, 'magyar'),
(100, 'Victor Hugo', 1802, 1885, 'francia'),
(101, 'Wass Albert', 1908, 1998, 'magyar'),
(102, 'William Golding', 1911, 1993, 'angol'),
(103, 'Závada Pál', 1954, NULL, 'magyar');

--
-- Indexes for dumped tables
--

--
-- Indexes for table `konyv`
--
ALTER TABLE `konyv`
  ADD PRIMARY KEY (`id`),
  ADD KEY `fk_konyvSzerzo` (`szerzoId`);

--
-- Indexes for table `szerzo`
--
ALTER TABLE `szerzo`
  ADD PRIMARY KEY (`id`);

--
-- Constraints for dumped tables
--

--
-- Constraints for table `konyv`
--
ALTER TABLE `konyv`
  ADD CONSTRAINT `fk_konyvSzerzo` FOREIGN KEY (`szerzoId`) REFERENCES `szerzo` (`id`);
--
-- Database: `napsutes`
--
CREATE DATABASE IF NOT EXISTS `napsutes` DEFAULT CHARACTER SET utf8mb4 COLLATE utf8mb4_hungarian_ci;
USE `napsutes`;

-- --------------------------------------------------------

--
-- Table structure for table `meresek`
--

CREATE TABLE `meresek` (
  `id` int(11) NOT NULL,
  `ev` int(11) NOT NULL,
  `ho` int(11) NOT NULL,
  `regioId` int(11) NOT NULL,
  `perc` int(11) NOT NULL
) ENGINE=InnoDB DEFAULT CHARSET=utf8mb4 COLLATE=utf8mb4_hungarian_ci;

--
-- Dumping data for table `meresek`
--

INSERT INTO `meresek` (`id`, `ev`, `ho`, `regioId`, `perc`) VALUES
(1, 1929, 1, 1, 2292),
(2, 1929, 1, 2, 2340),
(3, 1929, 1, 3, 3030),
(4, 1929, 1, 4, 2292),
(5, 1929, 2, 1, 3018),
(6, 1929, 2, 2, 3288),
(7, 1929, 2, 3, 3480),
(8, 1929, 2, 4, 2214),
(9, 1929, 3, 1, 10368),
(10, 1929, 3, 2, 9180),
(11, 1929, 3, 3, 12564),
(12, 1929, 3, 4, 10368),
(13, 1929, 4, 1, 9114),
(14, 1929, 4, 2, 9006),
(15, 1929, 4, 3, 10434),
(16, 1929, 4, 4, 8976),
(17, 1929, 5, 1, 13590),
(18, 1929, 5, 2, 10950),
(19, 1929, 5, 3, 13872),
(20, 1929, 5, 4, 12198),
(21, 1929, 6, 1, 12342),
(22, 1929, 6, 1, 12828),
(23, 1929, 6, 2, 10782),
(24, 1929, 6, 2, 8358),
(25, 1929, 6, 3, 11988),
(26, 1929, 6, 3, 14298),
(27, 1929, 6, 4, 11298),
(28, 1929, 6, 4, 8190),
(29, 1929, 8, 1, 10056),
(30, 1929, 8, 2, 6330),
(31, 1929, 8, 3, 8826),
(32, 1929, 8, 4, 5610),
(33, 1929, 9, 1, 10848),
(34, 1929, 9, 2, 6138),
(35, 1929, 9, 3, 10326),
(36, 1929, 9, 4, 7536),
(37, 1929, 10, 1, 6558),
(38, 1929, 10, 2, 4770),
(39, 1929, 10, 3, 5970),
(40, 1929, 10, 4, 6594),
(41, 1929, 11, 1, 3726),
(42, 1929, 11, 2, 2766),
(43, 1929, 11, 3, 3000),
(44, 1929, 11, 4, 2814),
(45, 1929, 12, 1, 3432),
(46, 1929, 12, 2, 2058),
(47, 1929, 12, 3, 3270),
(48, 1929, 12, 4, 3108),
(49, 1930, 1, 1, 2982),
(50, 1930, 1, 2, 2256),
(51, 1930, 1, 3, 2694),
(52, 1930, 1, 4, 2364),
(53, 1930, 2, 1, 3450),
(54, 1930, 2, 2, 4986),
(55, 1930, 2, 3, 4530),
(56, 1930, 2, 4, 4524),
(57, 1930, 3, 1, 6528),
(58, 1930, 3, 2, 6150),
(59, 1930, 3, 3, 5754),
(60, 1930, 3, 4, 5574),
(61, 1930, 4, 1, 6762),
(62, 1930, 4, 2, 7680),
(63, 1930, 4, 3, 7536),
(64, 1930, 4, 4, 10038),
(65, 1930, 5, 1, 9180),
(66, 1930, 5, 2, 10344),
(67, 1930, 5, 3, 8148),
(68, 1930, 5, 4, 10716),
(69, 1930, 6, 1, 10116),
(70, 1930, 6, 1, 13104),
(71, 1930, 6, 2, 12042),
(72, 1930, 6, 2, 6678),
(73, 1930, 6, 3, 14232),
(74, 1930, 6, 3, 9234),
(75, 1930, 6, 4, 13872),
(76, 1930, 6, 4, 6054),
(77, 1930, 8, 1, 11496),
(78, 1930, 8, 2, 6810),
(79, 1930, 8, 3, 9366),
(80, 1930, 8, 4, 6240),
(81, 1930, 9, 1, 7038),
(82, 1930, 9, 2, 4812),
(83, 1930, 9, 3, 7068),
(84, 1930, 9, 4, 7404),
(85, 1930, 10, 1, 6858),
(86, 1930, 10, 2, 4146),
(87, 1930, 10, 3, 5418),
(88, 1930, 10, 4, 3882),
(89, 1930, 11, 1, 4152),
(90, 1930, 11, 2, 3048),
(91, 1930, 11, 3, 3330),
(92, 1930, 11, 4, 4122),
(93, 1930, 12, 1, 1758),
(94, 1930, 12, 2, 1656),
(95, 1930, 12, 3, 1836),
(96, 1930, 12, 4, 1884),
(97, 1931, 1, 1, 3612),
(98, 1931, 1, 2, 2520),
(99, 1931, 1, 3, 3618),
(100, 1931, 1, 4, 3396),
(101, 1931, 2, 1, 3576),
(102, 1931, 2, 2, 3408),
(103, 1931, 2, 3, 3630),
(104, 1931, 2, 4, 3264),
(105, 1931, 3, 1, 8394),
(106, 1931, 3, 2, 7290),
(107, 1931, 3, 3, 8148),
(108, 1931, 3, 4, 7104),
(109, 1931, 4, 1, 6642),
(110, 1931, 4, 2, 6834),
(111, 1931, 4, 3, 6258),
(112, 1931, 4, 4, 6762),
(113, 1931, 5, 1, 9972),
(114, 1931, 5, 2, 9594),
(115, 1931, 5, 3, 9246),
(116, 1931, 5, 4, 10314),
(117, 1931, 6, 1, 8208),
(118, 1931, 6, 1, 9852),
(119, 1931, 6, 2, 5028),
(120, 1931, 6, 2, 7392),
(121, 1931, 6, 3, 7776),
(122, 1931, 6, 3, 8568),
(123, 1931, 6, 4, 5322),
(124, 1931, 6, 4, 7788),
(125, 1931, 8, 1, 9294),
(126, 1931, 8, 2, 8610),
(127, 1931, 8, 3, 9660),
(128, 1931, 8, 4, 10518),
(129, 1931, 9, 1, 6066),
(130, 1931, 9, 2, 6096),
(131, 1931, 9, 3, 6276),
(132, 1931, 9, 4, 5910),
(133, 1931, 10, 1, 7260),
(134, 1931, 10, 2, 5052),
(135, 1931, 10, 3, 6990),
(136, 1931, 10, 4, 6198),
(137, 1931, 11, 1, 3246),
(138, 1931, 11, 2, 2226),
(139, 1931, 11, 3, 3114),
(140, 1931, 11, 4, 3522),
(141, 1931, 12, 1, 2304),
(142, 1931, 12, 2, 1272),
(143, 1931, 12, 3, 1884),
(144, 1931, 12, 4, 1086),
(145, 1932, 1, 1, 3168),
(146, 1932, 1, 2, 2586),
(147, 1932, 1, 3, 2472),
(148, 1932, 1, 4, 1956),
(149, 1932, 2, 1, 3966),
(150, 1932, 2, 2, 4374),
(151, 1932, 2, 3, 4878),
(152, 1932, 2, 4, 4944),
(153, 1932, 3, 1, 7146),
(154, 1932, 3, 2, 4584),
(155, 1932, 3, 3, 7782),
(156, 1932, 3, 4, 6792),
(157, 1932, 4, 1, 7626),
(158, 1932, 4, 2, 8004),
(159, 1932, 4, 3, 7464),
(160, 1932, 4, 4, 9714),
(161, 1932, 5, 1, 6498),
(162, 1932, 5, 2, 9126),
(163, 1932, 5, 3, 6798),
(164, 1932, 5, 4, 9894),
(165, 1932, 6, 1, 12120),
(166, 1932, 6, 1, 7848),
(167, 1932, 6, 2, 10674),
(168, 1932, 6, 2, 6744),
(169, 1932, 6, 3, 13818),
(170, 1932, 6, 3, 7548),
(171, 1932, 6, 4, 12264),
(172, 1932, 6, 4, 6954),
(173, 1932, 8, 1, 9834),
(174, 1932, 8, 2, 7356),
(175, 1932, 8, 3, 8868),
(176, 1932, 8, 4, 6402),
(177, 1932, 9, 1, 7164),
(178, 1932, 9, 2, 5496),
(179, 1932, 9, 3, 7092),
(180, 1932, 9, 4, 6030),
(181, 1932, 10, 1, 5472),
(182, 1932, 10, 2, 3780),
(183, 1932, 10, 3, 5136),
(184, 1932, 10, 4, 5694),
(185, 1932, 11, 1, 2484),
(186, 1932, 11, 2, 2736),
(187, 1932, 11, 3, 3018),
(188, 1932, 11, 4, 3876),
(189, 1932, 12, 1, 2808),
(190, 1932, 12, 2, 1800),
(191, 1932, 12, 3, 2658),
(192, 1932, 12, 4, 2556),
(193, 1933, 1, 1, 3498),
(194, 1933, 1, 2, 2622),
(195, 1933, 1, 3, 4950),
(196, 1933, 1, 4, 4032),
(197, 1933, 2, 1, 4878),
(198, 1933, 2, 2, 3522),
(199, 1933, 2, 3, 5118),
(200, 1933, 2, 4, 3372),
(201, 1933, 3, 1, 9906),
(202, 1933, 3, 2, 6894),
(203, 1933, 3, 3, 8772),
(204, 1933, 3, 4, 6948),
(205, 1933, 4, 1, 8556),
(206, 1933, 4, 2, 6000),
(207, 1933, 4, 3, 8856),
(208, 1933, 4, 4, 6366),
(209, 1933, 5, 1, 9096),
(210, 1933, 5, 2, 7686),
(211, 1933, 5, 3, 9114),
(212, 1933, 5, 4, 7422),
(213, 1933, 6, 1, 13272),
(214, 1933, 6, 1, 13320),
(215, 1933, 6, 2, 11748),
(216, 1933, 6, 2, 8448),
(217, 1933, 6, 3, 11400),
(218, 1933, 6, 3, 11904),
(219, 1933, 6, 4, 8490),
(220, 1933, 6, 4, 9564),
(221, 1933, 8, 1, 13194),
(222, 1933, 8, 2, 8970),
(223, 1933, 8, 3, 11754),
(224, 1933, 8, 4, 7410),
(225, 1933, 9, 1, 10140),
(226, 1933, 9, 2, 8184),
(227, 1933, 9, 3, 10764),
(228, 1933, 9, 4, 9768),
(229, 1933, 10, 1, 5334),
(230, 1933, 10, 2, 3360),
(231, 1933, 10, 3, 4896),
(232, 1933, 10, 4, 3564),
(233, 1933, 11, 1, 3186),
(234, 1933, 11, 2, 2628),
(235, 1933, 11, 3, 4362),
(236, 1933, 11, 4, 3426),
(237, 1933, 12, 1, 2310),
(238, 1933, 12, 2, 1638),
(239, 1933, 12, 3, 3186),
(240, 1933, 12, 4, 1962),
(241, 1934, 1, 1, 3354),
(242, 1934, 1, 2, 1950),
(243, 1934, 1, 3, 3270),
(244, 1934, 1, 4, 2532),
(245, 1934, 2, 1, 5514),
(246, 1934, 2, 2, 3558),
(247, 1934, 2, 3, 5862),
(248, 1934, 2, 4, 3720),
(249, 1934, 3, 1, 6372),
(250, 1934, 3, 2, 6462),
(251, 1934, 3, 3, 6654),
(252, 1934, 3, 4, 6498),
(253, 1934, 4, 1, 7374),
(254, 1934, 4, 2, 6432),
(255, 1934, 4, 3, 8040),
(256, 1934, 4, 4, 6726),
(257, 1934, 5, 1, 11700),
(258, 1934, 5, 2, 8826),
(259, 1934, 5, 3, 11346),
(260, 1934, 5, 4, 9342),
(261, 1934, 6, 1, 11700),
(262, 1934, 6, 1, 15300),
(263, 1934, 6, 2, 10218),
(264, 1934, 6, 2, 11382),
(265, 1934, 6, 3, 12780),
(266, 1934, 6, 3, 14118),
(267, 1934, 6, 4, 11724),
(268, 1934, 6, 4, 12114),
(269, 1934, 8, 1, 10524),
(270, 1934, 8, 2, 6474),
(271, 1934, 8, 3, 9894),
(272, 1934, 8, 4, 6216),
(273, 1934, 9, 1, 9462),
(274, 1934, 9, 2, 7488),
(275, 1934, 9, 3, 8184),
(276, 1934, 9, 4, 7374),
(277, 1934, 10, 1, 4866),
(278, 1934, 10, 2, 3876),
(279, 1934, 10, 3, 3930),
(280, 1934, 10, 4, 3540),
(281, 1934, 11, 1, 2238),
(282, 1934, 11, 2, 2754),
(283, 1934, 11, 3, 2064),
(284, 1934, 11, 4, 2868),
(285, 1934, 12, 1, 1428),
(286, 1934, 12, 2, 936),
(287, 1934, 12, 3, 1350),
(288, 1934, 12, 4, 1404),
(289, 1935, 1, 1, 2910),
(290, 1935, 1, 2, 2016),
(291, 1935, 1, 3, 2730),
(292, 1935, 1, 4, 2136),
(293, 1935, 2, 1, 3144),
(294, 1935, 2, 2, 3264),
(295, 1935, 2, 3, 3282),
(296, 1935, 2, 4, 3852),
(297, 1935, 3, 1, 6714),
(298, 1935, 3, 2, 6450),
(299, 1935, 3, 3, 7152),
(300, 1935, 3, 4, 5688),
(301, 1935, 4, 1, 8244),
(302, 1935, 4, 2, 7008),
(303, 1935, 4, 3, 8958),
(304, 1935, 4, 4, 9114),
(305, 1935, 5, 1, 12648),
(306, 1935, 5, 2, 13206),
(307, 1935, 5, 3, 12774),
(308, 1935, 5, 4, 15156),
(309, 1935, 6, 1, 11286),
(310, 1935, 6, 1, 15048),
(311, 1935, 6, 2, 11322),
(312, 1935, 6, 2, 8244),
(313, 1935, 6, 3, 13134),
(314, 1935, 6, 3, 9756),
(315, 1935, 6, 4, 11418),
(316, 1935, 6, 4, 8742),
(317, 1935, 8, 1, 11676),
(318, 1935, 8, 2, 6894),
(319, 1935, 8, 3, 11118),
(320, 1935, 8, 4, 7662),
(321, 1935, 9, 1, 8394),
(322, 1935, 9, 2, 6186),
(323, 1935, 9, 3, 7464),
(324, 1935, 9, 4, 6804),
(325, 1935, 10, 1, 5358),
(326, 1935, 10, 2, 2946),
(327, 1935, 10, 3, 4104),
(328, 1935, 10, 4, 4518),
(329, 1935, 11, 1, 3282),
(330, 1935, 11, 2, 2784),
(331, 1935, 11, 3, 3666),
(332, 1935, 11, 4, 4530),
(333, 1935, 12, 1, 2616),
(334, 1935, 12, 2, 2346),
(335, 1935, 12, 3, 2922),
(336, 1935, 12, 4, 3546),
(337, 1936, 1, 1, 2364),
(338, 1936, 1, 2, 2136),
(339, 1936, 1, 3, 2268),
(340, 1936, 1, 4, 2448),
(341, 1936, 2, 1, 4488),
(342, 1936, 2, 2, 3690),
(343, 1936, 2, 3, 4866),
(344, 1936, 2, 4, 4332),
(345, 1936, 3, 1, 4158),
(346, 1936, 3, 2, 3492),
(347, 1936, 3, 3, 3630),
(348, 1936, 3, 4, 4356),
(349, 1936, 4, 1, 9324),
(350, 1936, 4, 2, 9552),
(351, 1936, 4, 3, 10056),
(352, 1936, 4, 4, 10188),
(353, 1936, 5, 1, 10830),
(354, 1936, 5, 2, 10458),
(355, 1936, 5, 3, 11376),
(356, 1936, 5, 4, 11256),
(357, 1936, 6, 1, 10362),
(358, 1936, 6, 1, 8232),
(359, 1936, 6, 2, 12354),
(360, 1936, 6, 2, 7500),
(361, 1936, 6, 3, 7224),
(362, 1936, 6, 3, 9414),
(363, 1936, 6, 4, 11490),
(364, 1936, 6, 4, 7110),
(365, 1936, 8, 1, 10782),
(366, 1936, 8, 2, 7830),
(367, 1936, 8, 3, 10398),
(368, 1936, 8, 4, 8118),
(369, 1936, 9, 1, 6018),
(370, 1936, 9, 2, 5568),
(371, 1936, 9, 3, 6480),
(372, 1936, 9, 4, 6564),
(373, 1936, 10, 1, 6204),
(374, 1936, 10, 2, 5310),
(375, 1936, 10, 3, 6060),
(376, 1936, 10, 4, 5580),
(377, 1936, 11, 1, 2976),
(378, 1936, 11, 2, 2574),
(379, 1936, 11, 3, 3318),
(380, 1936, 11, 4, 2904),
(381, 1936, 12, 1, 3150),
(382, 1936, 12, 2, 1428),
(383, 1936, 12, 3, 2406),
(384, 1936, 12, 4, 1872),
(385, 1937, 1, 1, 2412),
(386, 1937, 1, 2, 1788),
(387, 1937, 1, 3, 1896),
(388, 1937, 1, 4, 2268),
(389, 1937, 2, 1, 3768),
(390, 1937, 2, 2, 4128),
(391, 1937, 2, 3, 2802),
(392, 1937, 2, 4, 3912),
(393, 1937, 3, 1, 5904),
(394, 1937, 3, 2, 6312),
(395, 1937, 3, 3, 6696),
(396, 1937, 3, 4, 7530),
(397, 1937, 4, 1, 5790),
(398, 1937, 4, 2, 5118),
(399, 1937, 4, 3, 6684),
(400, 1937, 4, 4, 3006),
(401, 1937, 5, 1, 10566),
(402, 1937, 5, 2, 11508),
(403, 1937, 5, 3, 11670),
(404, 1937, 5, 4, 12600),
(405, 1937, 6, 1, 10452),
(406, 1937, 6, 1, 7626),
(407, 1937, 6, 2, 6552),
(408, 1937, 6, 2, 9276),
(409, 1937, 6, 3, 7212),
(410, 1937, 6, 3, 9528),
(411, 1937, 6, 4, 6180),
(412, 1937, 6, 4, 7968),
(413, 1937, 8, 1, 10938),
(414, 1937, 8, 2, 8160),
(415, 1937, 8, 3, 11586),
(416, 1937, 8, 4, 8430),
(417, 1937, 9, 1, 8538),
(418, 1937, 9, 2, 6786),
(419, 1937, 9, 3, 8442),
(420, 1937, 9, 4, 6720),
(421, 1937, 10, 1, 4710),
(422, 1937, 10, 2, 4260),
(423, 1937, 10, 3, 5352),
(424, 1937, 10, 4, 4656),
(425, 1937, 11, 1, 3672),
(426, 1937, 11, 2, 2640),
(427, 1937, 11, 3, 3666),
(428, 1937, 11, 4, 2784),
(429, 1937, 12, 1, 1926),
(430, 1937, 12, 2, 1962),
(431, 1937, 12, 3, 2220),
(432, 1937, 12, 4, 2202),
(433, 1938, 1, 1, 2622),
(434, 1938, 1, 2, 1884),
(435, 1938, 1, 3, 2070),
(436, 1938, 1, 4, 1524),
(437, 1938, 2, 1, 3840),
(438, 1938, 2, 2, 3240),
(439, 1938, 2, 3, 3576),
(440, 1938, 2, 4, 3798),
(441, 1938, 3, 1, 8490),
(442, 1938, 3, 2, 4524),
(443, 1938, 3, 3, 7320),
(444, 1938, 3, 4, 5046),
(445, 1938, 4, 1, 9966),
(446, 1938, 4, 2, 8484),
(447, 1938, 4, 3, 12486),
(448, 1938, 4, 4, 11964),
(449, 1938, 5, 1, 9672),
(450, 1938, 5, 2, 9648),
(451, 1938, 5, 3, 9438),
(452, 1938, 5, 4, 9126),
(453, 1938, 6, 1, 11424),
(454, 1938, 6, 1, 8694),
(455, 1938, 6, 2, 7218),
(456, 1938, 6, 2, 8682),
(457, 1938, 6, 3, 10506),
(458, 1938, 6, 3, 7410),
(459, 1938, 6, 4, 6672),
(460, 1938, 6, 4, 7518),
(461, 1938, 8, 1, 9186),
(462, 1938, 8, 2, 10506),
(463, 1938, 8, 3, 8484),
(464, 1938, 8, 4, 9414),
(465, 1938, 9, 1, 6852),
(466, 1938, 9, 2, 5814),
(467, 1938, 9, 3, 6642),
(468, 1938, 9, 4, 5964),
(469, 1938, 10, 1, 6366),
(470, 1938, 10, 2, 4578),
(471, 1938, 10, 3, 5448),
(472, 1938, 10, 4, 5178),
(473, 1938, 11, 1, 3888),
(474, 1938, 11, 2, 2232),
(475, 1938, 11, 3, 3432),
(476, 1938, 11, 4, 2790),
(477, 1938, 12, 1, 2700),
(478, 1938, 12, 2, 2286),
(479, 1938, 12, 3, 2832),
(480, 1938, 12, 4, 3186),
(481, 1939, 1, 1, 2448),
(482, 1939, 1, 2, 2358),
(483, 1939, 1, 3, 1920),
(484, 1939, 1, 4, 3630),
(485, 1939, 2, 1, 5046),
(486, 1939, 2, 2, 2700),
(487, 1939, 2, 3, 4296),
(488, 1939, 2, 4, 2220),
(489, 1939, 3, 1, 5448),
(490, 1939, 3, 2, 6048),
(491, 1939, 3, 3, 4794),
(492, 1939, 3, 4, 6306),
(493, 1939, 4, 1, 10200),
(494, 1939, 4, 2, 7962),
(495, 1939, 4, 3, 10638),
(496, 1939, 4, 4, 8892),
(497, 1939, 5, 1, 11604),
(498, 1939, 5, 2, 10086),
(499, 1939, 5, 3, 12156),
(500, 1939, 5, 4, 11160),
(501, 1939, 6, 1, 12930),
(502, 1939, 6, 1, 8850),
(503, 1939, 6, 2, 12192),
(504, 1939, 6, 2, 5598),
(505, 1939, 6, 3, 13938),
(506, 1939, 6, 3, 7074),
(507, 1939, 6, 4, 14394),
(508, 1939, 6, 4, 5646),
(509, 1939, 8, 1, 9516),
(510, 1939, 8, 2, 8358),
(511, 1939, 8, 3, 10560),
(512, 1939, 8, 4, 8958),
(513, 1939, 9, 1, 7920),
(514, 1939, 9, 2, 6588),
(515, 1939, 9, 3, 9048),
(516, 1939, 9, 4, 6006),
(517, 1939, 10, 1, 5838),
(518, 1939, 10, 2, 6090),
(519, 1939, 10, 3, 6642),
(520, 1939, 10, 4, 6882),
(521, 1939, 11, 1, 2532),
(522, 1939, 11, 2, 2064),
(523, 1939, 11, 3, 2118),
(524, 1939, 11, 4, 2484),
(525, 1939, 12, 1, 2328),
(526, 1939, 12, 2, 1278),
(527, 1939, 12, 3, 2526),
(528, 1939, 12, 4, 1872),
(529, 1940, 1, 1, 3726),
(530, 1940, 1, 2, 2172),
(531, 1940, 1, 3, 4620),
(532, 1940, 1, 4, 3030),
(533, 1940, 2, 1, 1686),
(534, 1940, 2, 2, 3066),
(535, 1940, 2, 3, 2346),
(536, 1940, 2, 4, 2376),
(537, 1940, 3, 1, 6870),
(538, 1940, 3, 2, 5454),
(539, 1940, 3, 3, 6738),
(540, 1940, 3, 4, 5160),
(541, 1940, 4, 1, 6924),
(542, 1940, 4, 2, 6378),
(543, 1940, 4, 3, 7038),
(544, 1940, 4, 4, 6486),
(545, 1940, 5, 1, 13146),
(546, 1940, 5, 2, 10476),
(547, 1940, 5, 3, 11766),
(548, 1940, 5, 4, 9876),
(549, 1940, 6, 1, 10494),
(550, 1940, 6, 1, 16524),
(551, 1940, 6, 2, 14406),
(552, 1940, 6, 2, 6600),
(553, 1940, 6, 3, 10728),
(554, 1940, 6, 3, 16644),
(555, 1940, 6, 4, 15534),
(556, 1940, 6, 4, 7512),
(557, 1940, 8, 1, 10914),
(558, 1940, 8, 2, 7452),
(559, 1940, 8, 3, 10536),
(560, 1940, 8, 4, 6522),
(561, 1940, 9, 1, 9882),
(562, 1940, 9, 2, 6390),
(563, 1940, 9, 3, 9936),
(564, 1940, 9, 4, 6144),
(565, 1940, 10, 1, 5004),
(566, 1940, 10, 2, 3252),
(567, 1940, 10, 3, 4902),
(568, 1940, 10, 4, 3426),
(569, 1940, 11, 1, 3852),
(570, 1940, 11, 2, 2208),
(571, 1940, 11, 3, 2748),
(572, 1940, 11, 4, 3204),
(573, 1940, 12, 1, 2364),
(574, 1940, 12, 2, 1584),
(575, 1940, 12, 3, 2370),
(576, 1940, 12, 4, 1740),
(577, 1941, 1, 1, 2124),
(578, 1941, 1, 2, 2274),
(579, 1941, 1, 3, 2874),
(580, 1941, 1, 4, 2706),
(581, 1941, 2, 1, 3822),
(582, 1941, 2, 2, 3066),
(583, 1941, 2, 3, 4158),
(584, 1941, 2, 4, 4662),
(585, 1941, 3, 1, 6282),
(586, 1941, 3, 2, 6180),
(587, 1941, 3, 3, 6132),
(588, 1941, 3, 4, 6486),
(589, 1941, 4, 1, 6384),
(590, 1941, 4, 2, 5988),
(591, 1941, 4, 3, 7044),
(592, 1941, 4, 4, 7428),
(593, 1941, 5, 1, 9060),
(594, 1941, 5, 2, 9216),
(595, 1941, 5, 3, 10170),
(596, 1941, 5, 4, 10212),
(597, 1941, 6, 1, 12234),
(598, 1941, 6, 1, 12678),
(599, 1941, 6, 2, 10452),
(600, 1941, 6, 2, 7392),
(601, 1941, 6, 3, 11382),
(602, 1941, 6, 3, 11796),
(603, 1941, 6, 4, 6462),
(604, 1941, 6, 4, 9066),
(605, 1941, 8, 1, 9912),
(606, 1941, 8, 2, 6726),
(607, 1941, 8, 3, 9534),
(608, 1941, 8, 4, 7338),
(609, 1941, 9, 1, 6138),
(610, 1941, 9, 2, 5274),
(611, 1941, 9, 3, 6768),
(612, 1941, 9, 4, 6006),
(613, 1941, 10, 1, 6156),
(614, 1941, 10, 2, 4572),
(615, 1941, 10, 3, 6222),
(616, 1941, 10, 4, 5352),
(617, 1941, 11, 1, 2466),
(618, 1941, 11, 2, 2328),
(619, 1941, 11, 3, 2610),
(620, 1941, 11, 4, 3414),
(621, 1941, 12, 1, 2370),
(622, 1941, 12, 2, 1548),
(623, 1941, 12, 3, 1914),
(624, 1941, 12, 4, 1452),
(625, 1942, 1, 1, 2100),
(626, 1942, 1, 2, 1458),
(627, 1942, 1, 3, 3036),
(628, 1942, 1, 4, 3144),
(629, 1942, 2, 1, 2844),
(630, 1942, 2, 2, 3570),
(631, 1942, 2, 3, 3780),
(632, 1942, 2, 4, 3558),
(633, 1942, 3, 1, 4470),
(634, 1942, 3, 2, 4800),
(635, 1942, 3, 3, 5004),
(636, 1942, 3, 4, 5208),
(637, 1942, 4, 1, 12570),
(638, 1942, 4, 2, 12126),
(639, 1942, 4, 3, 11238),
(640, 1942, 4, 4, 11910),
(641, 1942, 5, 1, 12066),
(642, 1942, 5, 2, 12306),
(643, 1942, 5, 3, 11628),
(644, 1942, 5, 4, 11910),
(645, 1942, 6, 1, 10416),
(646, 1942, 6, 1, 13614),
(647, 1942, 6, 2, 7674),
(648, 1942, 6, 2, 8382),
(649, 1942, 6, 3, 10266),
(650, 1942, 6, 3, 14304),
(651, 1942, 6, 4, 10386),
(652, 1942, 6, 4, 8868),
(653, 1942, 8, 1, 7932),
(654, 1942, 8, 2, 4716),
(655, 1942, 8, 3, 7440),
(656, 1942, 8, 4, 4998),
(657, 1942, 9, 1, 8232),
(658, 1942, 9, 2, 6480),
(659, 1942, 9, 3, 7518),
(660, 1942, 9, 4, 6498),
(661, 1942, 10, 1, 5178),
(662, 1942, 10, 2, 3792),
(663, 1942, 10, 3, 4602),
(664, 1942, 10, 4, 4326),
(665, 1942, 11, 1, 3156),
(666, 1942, 11, 2, 3072),
(667, 1942, 11, 3, 3246),
(668, 1942, 11, 4, 4080),
(669, 1942, 12, 1, 2124),
(670, 1942, 12, 2, 1476),
(671, 1942, 12, 3, 1620),
(672, 1942, 12, 4, 1644),
(673, 1943, 1, 1, 2616),
(674, 1943, 1, 2, 1716),
(675, 1943, 1, 3, 2232),
(676, 1943, 1, 4, 3312),
(677, 1943, 2, 1, 5112),
(678, 1943, 2, 2, 3270),
(679, 1943, 2, 3, 4224),
(680, 1943, 2, 4, 3732),
(681, 1943, 3, 1, 7836),
(682, 1943, 3, 2, 6096),
(683, 1943, 3, 3, 8124),
(684, 1943, 3, 4, 6330),
(685, 1943, 4, 1, 9726),
(686, 1943, 4, 2, 6858),
(687, 1943, 4, 3, 9570),
(688, 1943, 4, 4, 6654),
(689, 1943, 5, 1, 14106),
(690, 1943, 5, 2, 10482),
(691, 1943, 5, 3, 12804),
(692, 1943, 5, 4, 12612),
(693, 1943, 6, 1, 11910),
(694, 1943, 6, 1, 12198),
(695, 1943, 6, 2, 10692),
(696, 1943, 6, 2, 9444),
(697, 1943, 6, 3, 11790),
(698, 1943, 6, 3, 12324),
(699, 1943, 6, 4, 10302),
(700, 1943, 6, 4, 11742),
(701, 1943, 8, 1, 9246),
(702, 1943, 8, 2, 5658),
(703, 1943, 8, 3, 8118),
(704, 1943, 8, 4, 5424),
(705, 1943, 9, 1, 8292),
(706, 1943, 9, 2, 5946),
(707, 1943, 9, 3, 7218),
(708, 1943, 9, 4, 5334),
(709, 1943, 10, 1, 5898),
(710, 1943, 10, 2, 3636),
(711, 1943, 10, 3, 6144),
(712, 1943, 10, 4, 5082),
(713, 1943, 11, 1, 3960),
(714, 1943, 11, 2, 2568),
(715, 1943, 11, 3, 3354),
(716, 1943, 11, 4, 3006),
(717, 1943, 12, 1, 2532),
(718, 1943, 12, 2, 1668),
(719, 1943, 12, 3, 2976),
(720, 1943, 12, 4, 1734),
(721, 1944, 1, 1, 2334),
(722, 1944, 1, 2, 1356),
(723, 1944, 1, 3, 1704),
(724, 1944, 1, 4, 1578),
(725, 1944, 2, 1, 3594),
(726, 1944, 2, 2, 3768),
(727, 1944, 2, 3, 4416),
(728, 1944, 2, 4, 4950),
(729, 1944, 3, 1, 7548),
(730, 1944, 3, 2, 5376),
(731, 1944, 3, 3, 8664),
(732, 1944, 3, 4, 6918),
(733, 1944, 4, 1, 8610),
(734, 1944, 4, 2, 6276),
(735, 1944, 4, 3, 9186),
(736, 1944, 4, 4, 6984),
(737, 1944, 5, 1, 12420),
(738, 1944, 5, 2, 7104),
(739, 1944, 5, 3, 12432),
(740, 1944, 5, 4, 9312),
(741, 1944, 6, 1, 6786),
(742, 1944, 6, 1, 9678),
(743, 1944, 6, 2, 6168),
(744, 1944, 6, 2, 7482),
(745, 1944, 6, 3, 5940),
(746, 1944, 6, 3, 9384),
(747, 1944, 6, 4, 5352),
(748, 1944, 6, 4, 6660),
(749, 1944, 8, 1, 11136),
(750, 1944, 8, 2, 8730),
(751, 1944, 8, 3, 11520),
(752, 1944, 8, 4, 9882),
(753, 1944, 9, 1, 8112),
(754, 1944, 9, 2, 6114),
(755, 1944, 9, 3, 7878),
(756, 1944, 9, 4, 6666),
(757, 1944, 10, 1, 5580),
(758, 1944, 10, 2, 3924),
(759, 1944, 10, 3, 5556),
(760, 1944, 10, 4, 5418),
(761, 1944, 11, 1, 2790),
(762, 1944, 11, 2, 2784),
(763, 1944, 11, 3, 1998),
(764, 1944, 11, 4, 3006),
(765, 1944, 12, 1, 2946),
(766, 1944, 12, 2, 1572),
(767, 1944, 12, 3, 3222),
(768, 1944, 12, 4, 1830),
(769, 1945, 1, 1, 2988),
(770, 1945, 1, 2, 2454),
(771, 1945, 1, 3, 3540),
(772, 1945, 1, 4, 2868),
(773, 1945, 2, 1, 3876),
(774, 1945, 2, 2, 3462),
(775, 1945, 2, 3, 3912),
(776, 1945, 2, 4, 3510),
(777, 1945, 3, 1, 7752),
(778, 1945, 3, 2, 4806),
(779, 1945, 3, 3, 7092),
(780, 1945, 3, 4, 4896),
(781, 1945, 4, 1, 11310),
(782, 1945, 4, 2, 8634),
(783, 1945, 4, 3, 12066),
(784, 1945, 4, 4, 9738),
(785, 1945, 5, 1, 10272),
(786, 1945, 5, 2, 9522),
(787, 1945, 5, 3, 9348),
(788, 1945, 5, 4, 9096),
(789, 1945, 6, 1, 10722),
(790, 1945, 6, 1, 11142),
(791, 1945, 6, 2, 7410),
(792, 1945, 6, 2, 9324),
(793, 1945, 6, 3, 10260),
(794, 1945, 6, 3, 7968),
(795, 1945, 6, 4, 7500),
(796, 1945, 6, 4, 8100),
(797, 1945, 8, 1, 9522),
(798, 1945, 8, 2, 9198),
(799, 1945, 8, 3, 9882),
(800, 1945, 8, 4, 9330),
(801, 1945, 9, 1, 5424),
(802, 1945, 9, 2, 5508),
(803, 1945, 9, 3, 5574),
(804, 1945, 9, 4, 5706),
(805, 1945, 10, 1, 6012),
(806, 1945, 10, 2, 5016),
(807, 1945, 10, 3, 5964),
(808, 1945, 10, 4, 4452),
(809, 1945, 11, 1, 2508),
(810, 1945, 11, 2, 2442),
(811, 1945, 11, 3, 2976),
(812, 1945, 11, 4, 2778),
(813, 1945, 12, 1, 2298),
(814, 1945, 12, 2, 1530),
(815, 1945, 12, 3, 2016),
(816, 1945, 12, 4, 2526),
(817, 1946, 1, 1, 2898),
(818, 1946, 1, 2, 2304),
(819, 1946, 1, 3, 3216),
(820, 1946, 1, 4, 3144),
(821, 1946, 2, 1, 4428),
(822, 1946, 2, 2, 4260),
(823, 1946, 2, 3, 3516),
(824, 1946, 2, 4, 3852),
(825, 1946, 3, 1, 6192),
(826, 1946, 3, 2, 5232),
(827, 1946, 3, 3, 7728),
(828, 1946, 3, 4, 6282),
(829, 1946, 4, 1, 11130),
(830, 1946, 4, 2, 8646),
(831, 1946, 4, 3, 10590),
(832, 1946, 4, 4, 8538),
(833, 1946, 5, 1, 11532),
(834, 1946, 5, 2, 13698),
(835, 1946, 5, 3, 12432),
(836, 1946, 5, 4, 16674),
(837, 1946, 6, 1, 10278),
(838, 1946, 6, 1, 11634),
(839, 1946, 6, 2, 6780),
(840, 1946, 6, 2, 8478),
(841, 1946, 6, 3, 10434),
(842, 1946, 6, 3, 9198),
(843, 1946, 6, 4, 7464),
(844, 1946, 6, 4, 8862),
(845, 1946, 8, 1, 8574),
(846, 1946, 8, 2, 7974),
(847, 1946, 8, 3, 7842),
(848, 1946, 8, 4, 8100),
(849, 1946, 9, 1, 6390),
(850, 1946, 9, 2, 5100),
(851, 1946, 9, 3, 5670),
(852, 1946, 9, 4, 4518),
(853, 1946, 10, 1, 4572),
(854, 1946, 10, 2, 4890),
(855, 1946, 10, 3, 4944),
(856, 1946, 10, 4, 3774),
(857, 1946, 11, 1, 2352),
(858, 1946, 11, 2, 2214),
(859, 1946, 11, 3, 2124),
(860, 1946, 11, 4, 3504),
(861, 1946, 12, 1, 3540),
(862, 1946, 12, 2, 2064),
(863, 1946, 12, 3, 3168),
(864, 1946, 12, 4, 2940),
(865, 1947, 1, 1, 3066),
(866, 1947, 1, 2, 2208),
(867, 1947, 1, 3, 2856),
(868, 1947, 1, 4, 2484),
(869, 1947, 2, 1, 1746),
(870, 1947, 2, 2, 3972),
(871, 1947, 2, 3, 2484),
(872, 1947, 2, 4, 3060),
(873, 1947, 3, 1, 4224),
(874, 1947, 3, 2, 5838),
(875, 1947, 3, 3, 4122),
(876, 1947, 3, 4, 4974),
(877, 1947, 4, 1, 9036),
(878, 1947, 4, 2, 6390),
(879, 1947, 4, 3, 8532),
(880, 1947, 4, 4, 7920),
(881, 1947, 5, 1, 10590),
(882, 1947, 5, 2, 9006),
(883, 1947, 5, 3, 9408),
(884, 1947, 5, 4, 10542),
(885, 1947, 6, 1, 10116),
(886, 1947, 6, 1, 10962),
(887, 1947, 6, 2, 6954),
(888, 1947, 6, 2, 8598),
(889, 1947, 6, 3, 8772),
(890, 1947, 6, 3, 9210),
(891, 1947, 6, 4, 7158),
(892, 1947, 6, 4, 8418),
(893, 1947, 8, 1, 15888),
(894, 1947, 8, 2, 14358),
(895, 1947, 8, 3, 16248),
(896, 1947, 8, 4, 15684),
(897, 1947, 9, 1, 8868),
(898, 1947, 9, 2, 5574),
(899, 1947, 9, 3, 7218),
(900, 1947, 9, 4, 5640),
(901, 1947, 10, 1, 6336),
(902, 1947, 10, 2, 4410),
(903, 1947, 10, 3, 7026),
(904, 1947, 10, 4, 5172),
(905, 1947, 11, 1, 4650),
(906, 1947, 11, 2, 3576),
(907, 1947, 11, 3, 3624),
(908, 1947, 11, 4, 4434),
(909, 1947, 12, 1, 1974),
(910, 1947, 12, 2, 1248),
(911, 1947, 12, 3, 1686),
(912, 1947, 12, 4, 1410),
(913, 1948, 1, 1, 2298),
(914, 1948, 1, 2, 1662),
(915, 1948, 1, 3, 2316),
(916, 1948, 1, 4, 2442),
(917, 1948, 2, 1, 4080),
(918, 1948, 2, 2, 3492),
(919, 1948, 2, 3, 4374),
(920, 1948, 2, 4, 3468),
(921, 1948, 3, 1, 9516),
(922, 1948, 3, 2, 7146),
(923, 1948, 3, 3, 10200),
(924, 1948, 3, 4, 7602),
(925, 1948, 4, 1, 11538),
(926, 1948, 4, 2, 8550),
(927, 1948, 4, 3, 10902),
(928, 1948, 4, 4, 9894),
(929, 1948, 5, 1, 14688),
(930, 1948, 5, 2, 13296),
(931, 1948, 5, 3, 15924),
(932, 1948, 5, 4, 14112),
(933, 1948, 6, 1, 10440),
(934, 1948, 6, 1, 9726),
(935, 1948, 6, 2, 8094),
(936, 1948, 6, 2, 9138),
(937, 1948, 6, 3, 8898),
(938, 1948, 6, 3, 9456),
(939, 1948, 6, 4, 7164),
(940, 1948, 6, 4, 9246),
(941, 1948, 8, 1, 7716),
(942, 1948, 8, 2, 4854),
(943, 1948, 8, 3, 7326),
(944, 1948, 8, 4, 6588),
(945, 1948, 9, 1, 7626),
(946, 1948, 9, 2, 6234),
(947, 1948, 9, 3, 6216),
(948, 1948, 9, 4, 5772),
(949, 1948, 10, 1, 5616),
(950, 1948, 10, 2, 4920),
(951, 1948, 10, 3, 5106),
(952, 1948, 10, 4, 5484),
(953, 1948, 11, 1, 3918),
(954, 1948, 11, 2, 3042),
(955, 1948, 11, 3, 3726),
(956, 1948, 11, 4, 4410),
(957, 1948, 12, 1, 3156),
(958, 1948, 12, 2, 2070),
(959, 1948, 12, 3, 3834),
(960, 1948, 12, 4, 2778),
(961, 1949, 1, 1, 3270),
(962, 1949, 1, 2, 1842),
(963, 1949, 1, 3, 2694),
(964, 1949, 1, 4, 2148),
(965, 1949, 2, 1, 6516),
(966, 1949, 2, 2, 4272),
(967, 1949, 2, 3, 5610),
(968, 1949, 2, 4, 4536),
(969, 1949, 3, 1, 6690),
(970, 1949, 3, 2, 6582),
(971, 1949, 3, 3, 8466),
(972, 1949, 3, 4, 7068),
(973, 1949, 4, 1, 10242),
(974, 1949, 4, 2, 7674),
(975, 1949, 4, 3, 8682),
(976, 1949, 4, 4, 7920),
(977, 1949, 5, 1, 13356),
(978, 1949, 5, 2, 10866),
(979, 1949, 5, 3, 13464),
(980, 1949, 5, 4, 11466),
(981, 1949, 6, 1, 13500),
(982, 1949, 6, 1, 14682),
(983, 1949, 6, 2, 14058),
(984, 1949, 6, 2, 8676),
(985, 1949, 6, 3, 13656),
(986, 1949, 6, 3, 15378),
(987, 1949, 6, 4, 15372),
(988, 1949, 6, 4, 7662),
(989, 1949, 8, 1, 12096),
(990, 1949, 8, 2, 7140),
(991, 1949, 8, 3, 11334),
(992, 1949, 8, 4, 7074),
(993, 1949, 9, 1, 8652),
(994, 1949, 9, 2, 7242),
(995, 1949, 9, 3, 9144),
(996, 1949, 9, 4, 8652),
(997, 1949, 10, 1, 6198),
(998, 1949, 10, 2, 3774),
(999, 1949, 10, 3, 5022),
(1000, 1949, 10, 4, 4182),
(1001, 1949, 11, 1, 3678),
(1002, 1949, 11, 2, 2664),
(1003, 1949, 11, 3, 3174),
(1004, 1949, 11, 4, 3780),
(1005, 1949, 12, 1, 2934),
(1006, 1949, 12, 2, 1524),
(1007, 1949, 12, 3, 2238),
(1008, 1949, 12, 4, 1842),
(1009, 1950, 1, 1, 2082),
(1010, 1950, 1, 2, 2106),
(1011, 1950, 1, 3, 2772),
(1012, 1950, 1, 4, 2604),
(1013, 1950, 2, 1, 3990),
(1014, 1950, 2, 2, 4614),
(1015, 1950, 2, 3, 2886),
(1016, 1950, 2, 4, 3912),
(1017, 1950, 3, 1, 7446),
(1018, 1950, 3, 2, 5688),
(1019, 1950, 3, 3, 7386),
(1020, 1950, 3, 4, 7128),
(1021, 1950, 4, 1, 9366),
(1022, 1950, 4, 2, 7650),
(1023, 1950, 4, 3, 8490),
(1024, 1950, 4, 4, 7740),
(1025, 1950, 5, 1, 10092),
(1026, 1950, 5, 2, 10608),
(1027, 1950, 5, 3, 11970),
(1028, 1950, 5, 4, 12990),
(1029, 1950, 6, 1, 11124),
(1030, 1950, 6, 1, 14382),
(1031, 1950, 6, 2, 9294),
(1032, 1950, 6, 2, 9930),
(1033, 1950, 6, 3, 10140),
(1034, 1950, 6, 3, 13170),
(1035, 1950, 6, 4, 11034),
(1036, 1950, 6, 4, 8796),
(1037, 1950, 8, 1, 10086),
(1038, 1950, 8, 2, 8718),
(1039, 1950, 8, 3, 9486),
(1040, 1950, 8, 4, 8154),
(1041, 1950, 9, 1, 6684),
(1042, 1950, 9, 2, 5442),
(1043, 1950, 9, 3, 5886),
(1044, 1950, 9, 4, 5922),
(1045, 1950, 10, 1, 5898),
(1046, 1950, 10, 2, 4764),
(1047, 1950, 10, 3, 5586),
(1048, 1950, 10, 4, 4902),
(1049, 1950, 11, 1, 3324),
(1050, 1950, 11, 2, 3306),
(1051, 1950, 11, 3, 3450),
(1052, 1950, 11, 4, 4812),
(1053, 1950, 12, 1, 2430),
(1054, 1950, 12, 2, 1824),
(1055, 1950, 12, 3, 2376),
(1056, 1950, 12, 4, 2358),
(1057, 1951, 1, 1, 2646),
(1058, 1951, 1, 2, 2262),
(1059, 1951, 1, 3, 2364),
(1060, 1951, 1, 4, 3108),
(1061, 1951, 2, 1, 3768),
(1062, 1951, 2, 2, 3276),
(1063, 1951, 2, 3, 4422),
(1064, 1951, 2, 4, 4620),
(1065, 1951, 3, 1, 5298),
(1066, 1951, 3, 2, 4944),
(1067, 1951, 3, 3, 4974),
(1068, 1951, 3, 4, 5922),
(1069, 1951, 4, 1, 11028),
(1070, 1951, 4, 2, 9024),
(1071, 1951, 4, 3, 11256),
(1072, 1951, 4, 4, 10002),
(1073, 1951, 5, 1, 9678),
(1074, 1951, 5, 2, 12414),
(1075, 1951, 5, 3, 10500),
(1076, 1951, 5, 4, 12354),
(1077, 1951, 6, 1, 11976),
(1078, 1951, 6, 1, 13686),
(1079, 1951, 6, 2, 11394),
(1080, 1951, 6, 2, 7848),
(1081, 1951, 6, 3, 11640),
(1082, 1951, 6, 3, 13188),
(1083, 1951, 6, 4, 12480),
(1084, 1951, 6, 4, 7332),
(1085, 1951, 8, 1, 9306),
(1086, 1951, 8, 2, 6714),
(1087, 1951, 8, 3, 8544),
(1088, 1951, 8, 4, 8004),
(1089, 1951, 9, 1, 6678),
(1090, 1951, 9, 2, 6834),
(1091, 1951, 9, 3, 4944),
(1092, 1951, 9, 4, 5808),
(1093, 1951, 10, 1, 6630),
(1094, 1951, 10, 2, 4836),
(1095, 1951, 10, 3, 6738),
(1096, 1951, 10, 4, 4956),
(1097, 1951, 11, 1, 3516),
(1098, 1951, 11, 2, 2112),
(1099, 1951, 11, 3, 3084),
(1100, 1951, 11, 4, 2352),
(1101, 1951, 12, 1, 3108),
(1102, 1951, 12, 2, 2058),
(1103, 1951, 12, 3, 2688),
(1104, 1951, 12, 4, 2376),
(1105, 1952, 1, 1, 4428),
(1106, 1952, 1, 2, 2634),
(1107, 1952, 1, 3, 3684),
(1108, 1952, 1, 4, 2712),
(1109, 1952, 2, 1, 4842),
(1110, 1952, 2, 2, 3828),
(1111, 1952, 2, 3, 4980),
(1112, 1952, 2, 4, 3636),
(1113, 1952, 3, 1, 5310),
(1114, 1952, 3, 2, 5916),
(1115, 1952, 3, 3, 5916),
(1116, 1952, 3, 4, 6672),
(1117, 1952, 4, 1, 9708),
(1118, 1952, 4, 2, 9234),
(1119, 1952, 4, 3, 8574),
(1120, 1952, 4, 4, 8724),
(1121, 1952, 5, 1, 12156),
(1122, 1952, 5, 2, 9726),
(1123, 1952, 5, 3, 11358),
(1124, 1952, 5, 4, 10476),
(1125, 1952, 6, 1, 10788),
(1126, 1952, 6, 1, 11598),
(1127, 1952, 6, 2, 8190),
(1128, 1952, 6, 2, 9696),
(1129, 1952, 6, 3, 10728),
(1130, 1952, 6, 3, 9108),
(1131, 1952, 6, 4, 7206),
(1132, 1952, 6, 4, 8802),
(1133, 1952, 8, 1, 10410),
(1134, 1952, 8, 2, 6642),
(1135, 1952, 8, 3, 9150),
(1136, 1952, 8, 4, 7368),
(1137, 1952, 9, 1, 7200),
(1138, 1952, 9, 2, 5814),
(1139, 1952, 9, 3, 7362),
(1140, 1952, 9, 4, 7158),
(1141, 1952, 10, 1, 6240),
(1142, 1952, 10, 2, 5202),
(1143, 1952, 10, 3, 6204),
(1144, 1952, 10, 4, 6726),
(1145, 1952, 11, 1, 4026),
(1146, 1952, 11, 2, 3426),
(1147, 1952, 11, 3, 3948),
(1148, 1952, 11, 4, 3300),
(1149, 1952, 12, 1, 3198),
(1150, 1952, 12, 2, 1800),
(1151, 1952, 12, 3, 2664),
(1152, 1952, 12, 4, 2532),
(1153, 1953, 1, 1, 2292),
(1154, 1953, 1, 2, 2100),
(1155, 1953, 1, 3, 2490),
(1156, 1953, 1, 4, 2418),
(1157, 1953, 2, 1, 3816),
(1158, 1953, 2, 2, 3762),
(1159, 1953, 2, 3, 3432),
(1160, 1953, 2, 4, 3558),
(1161, 1953, 3, 1, 7962),
(1162, 1953, 3, 2, 7764),
(1163, 1953, 3, 3, 9036),
(1164, 1953, 3, 4, 6954),
(1165, 1953, 4, 1, 10080),
(1166, 1953, 4, 2, 8922),
(1167, 1953, 4, 3, 11388),
(1168, 1953, 4, 4, 9756),
(1169, 1953, 5, 1, 12660),
(1170, 1953, 5, 2, 10050),
(1171, 1953, 5, 3, 12510),
(1172, 1953, 5, 4, 11772),
(1173, 1953, 6, 1, 11220),
(1174, 1953, 6, 1, 8814),
(1175, 1953, 6, 2, 6018),
(1176, 1953, 6, 2, 9210),
(1177, 1953, 6, 3, 10464),
(1178, 1953, 6, 3, 11202),
(1179, 1953, 6, 4, 10260),
(1180, 1953, 6, 4, 8322),
(1181, 1953, 8, 1, 12000),
(1182, 1953, 8, 2, 7716),
(1183, 1953, 8, 3, 10410),
(1184, 1953, 8, 4, 7608),
(1185, 1953, 9, 1, 8850),
(1186, 1953, 9, 2, 5568),
(1187, 1953, 9, 3, 7524),
(1188, 1953, 9, 4, 5244),
(1189, 1953, 10, 1, 5274),
(1190, 1953, 10, 2, 4200),
(1191, 1953, 10, 3, 6330),
(1192, 1953, 10, 4, 4782),
(1193, 1953, 11, 1, 2832),
(1194, 1953, 11, 2, 2238),
(1195, 1953, 11, 3, 2952),
(1196, 1953, 11, 4, 2808),
(1197, 1953, 12, 1, 1932),
(1198, 1953, 12, 2, 2178),
(1199, 1953, 12, 3, 1896),
(1200, 1953, 12, 4, 1812),
(1201, 1954, 1, 1, 3324),
(1202, 1954, 1, 2, 2082),
(1203, 1954, 1, 3, 2958),
(1204, 1954, 1, 4, 2106),
(1205, 1954, 2, 1, 3480),
(1206, 1954, 2, 2, 3150),
(1207, 1954, 2, 3, 4470),
(1208, 1954, 2, 4, 2508),
(1209, 1954, 3, 1, 5856),
(1210, 1954, 3, 2, 6300),
(1211, 1954, 3, 3, 6582),
(1212, 1954, 3, 4, 6276),
(1213, 1954, 4, 1, 10734),
(1214, 1954, 4, 2, 10548),
(1215, 1954, 4, 3, 12480),
(1216, 1954, 4, 4, 10572),
(1217, 1954, 5, 1, 8964),
(1218, 1954, 5, 2, 9030),
(1219, 1954, 5, 3, 9498),
(1220, 1954, 5, 4, 9486),
(1221, 1954, 6, 1, 8064),
(1222, 1954, 6, 1, 8406),
(1223, 1954, 6, 2, 6498),
(1224, 1954, 6, 2, 8166),
(1225, 1954, 6, 3, 6594),
(1226, 1954, 6, 3, 8784),
(1227, 1954, 6, 4, 5496),
(1228, 1954, 6, 4, 7722),
(1229, 1954, 8, 1, 7428),
(1230, 1954, 8, 2, 6036),
(1231, 1954, 8, 3, 7572),
(1232, 1954, 8, 4, 7362),
(1233, 1954, 9, 1, 9456),
(1234, 1954, 9, 2, 6516),
(1235, 1954, 9, 3, 9318),
(1236, 1954, 9, 4, 7590),
(1237, 1954, 10, 1, 5064),
(1238, 1954, 10, 2, 4050),
(1239, 1954, 10, 3, 3540),
(1240, 1954, 10, 4, 3522),
(1241, 1954, 11, 1, 3396),
(1242, 1954, 11, 2, 2514),
(1243, 1954, 11, 3, 2772),
(1244, 1954, 11, 4, 3450),
(1245, 1954, 12, 1, 2790),
(1246, 1954, 12, 2, 1320),
(1247, 1954, 12, 3, 2106),
(1248, 1954, 12, 4, 1398),
(1249, 1955, 1, 1, 2094),
(1250, 1955, 1, 2, 2226),
(1251, 1955, 1, 3, 2058),
(1252, 1955, 1, 4, 3090),
(1253, 1955, 2, 1, 4770),
(1254, 1955, 2, 2, 4776),
(1255, 1955, 2, 3, 4848),
(1256, 1955, 2, 4, 4680),
(1257, 1955, 3, 1, 9036),
(1258, 1955, 3, 2, 6828),
(1259, 1955, 3, 3, 9960),
(1260, 1955, 3, 4, 8598),
(1261, 1955, 4, 1, 9858),
(1262, 1955, 4, 2, 9954),
(1263, 1955, 4, 3, 9876),
(1264, 1955, 4, 4, 10728),
(1265, 1955, 5, 1, 12108),
(1266, 1955, 5, 2, 12570),
(1267, 1955, 5, 3, 11388),
(1268, 1955, 5, 4, 12264),
(1269, 1955, 6, 1, 15588),
(1270, 1955, 6, 1, 9564),
(1271, 1955, 6, 2, 10470),
(1272, 1955, 6, 2, 14388),
(1273, 1955, 6, 3, 17856),
(1274, 1955, 6, 3, 8100),
(1275, 1955, 6, 4, 14856),
(1276, 1955, 6, 4, 6282),
(1277, 1955, 8, 1, 11580),
(1278, 1955, 8, 2, 9786),
(1279, 1955, 8, 3, 13434),
(1280, 1955, 8, 4, 8772),
(1281, 1955, 9, 1, 9144),
(1282, 1955, 9, 2, 7110),
(1283, 1955, 9, 3, 9354),
(1284, 1955, 9, 4, 8040),
(1285, 1955, 10, 1, 7182),
(1286, 1955, 10, 2, 4410),
(1287, 1955, 10, 3, 6630),
(1288, 1955, 10, 4, 5268),
(1289, 1955, 11, 1, 3204),
(1290, 1955, 11, 2, 2880),
(1291, 1955, 11, 3, 4014),
(1292, 1955, 11, 4, 2718),
(1293, 1955, 12, 1, 2610),
(1294, 1955, 12, 2, 1980),
(1295, 1955, 12, 3, 1704),
(1296, 1955, 12, 4, 2064),
(1297, 1956, 1, 1, 3318),
(1298, 1956, 1, 2, 2334),
(1299, 1956, 1, 3, 2832),
(1300, 1956, 1, 4, 2496),
(1301, 1956, 2, 1, 4290),
(1302, 1956, 2, 2, 3288),
(1303, 1956, 2, 3, 5310),
(1304, 1956, 2, 4, 4200),
(1305, 1956, 3, 1, 8094),
(1306, 1956, 3, 2, 7158),
(1307, 1956, 3, 3, 8802),
(1308, 1956, 3, 4, 6792),
(1309, 1956, 4, 1, 9636),
(1310, 1956, 4, 2, 9996),
(1311, 1956, 4, 3, 10350),
(1312, 1956, 4, 4, 9564),
(1313, 1956, 5, 1, 14262),
(1314, 1956, 5, 2, 10224),
(1315, 1956, 5, 3, 13854),
(1316, 1956, 5, 4, 10296),
(1317, 1956, 6, 1, 9006),
(1318, 1956, 6, 1, 9552),
(1319, 1956, 6, 2, 10464),
(1320, 1956, 6, 2, 8784),
(1321, 1956, 6, 3, 10800),
(1322, 1956, 6, 3, 9276),
(1323, 1956, 6, 4, 11004),
(1324, 1956, 6, 4, 7974),
(1325, 1956, 8, 1, 9000),
(1326, 1956, 8, 2, 7212),
(1327, 1956, 8, 3, 9534),
(1328, 1956, 8, 4, 8022),
(1329, 1956, 9, 1, 6048),
(1330, 1956, 9, 2, 4968),
(1331, 1956, 9, 3, 4584),
(1332, 1956, 9, 4, 5028),
(1333, 1956, 10, 1, 6678),
(1334, 1956, 10, 2, 5052),
(1335, 1956, 10, 3, 6162),
(1336, 1956, 10, 4, 5784),
(1337, 1956, 11, 1, 3498),
(1338, 1956, 11, 2, 2382),
(1339, 1956, 11, 3, 2808),
(1340, 1956, 11, 4, 2706),
(1341, 1956, 12, 1, 1200),
(1342, 1956, 12, 2, 1038),
(1343, 1956, 12, 3, 1446),
(1344, 1956, 12, 4, 1536),
(1345, 1957, 1, 1, 2880),
(1346, 1957, 1, 2, 2328),
(1347, 1957, 1, 3, 2478),
(1348, 1957, 1, 4, 3816),
(1349, 1957, 2, 1, 4722),
(1350, 1957, 2, 2, 4440),
(1351, 1957, 2, 3, 4878),
(1352, 1957, 2, 4, 5556),
(1353, 1957, 3, 1, 5658),
(1354, 1957, 3, 2, 3714),
(1355, 1957, 3, 3, 5250),
(1356, 1957, 3, 4, 3894),
(1357, 1957, 4, 1, 9300),
(1358, 1957, 4, 2, 9756),
(1359, 1957, 4, 3, 9786),
(1360, 1957, 4, 4, 11190),
(1361, 1957, 5, 1, 12300),
(1362, 1957, 5, 2, 10956),
(1363, 1957, 5, 3, 13176),
(1364, 1957, 5, 4, 11682),
(1365, 1957, 6, 1, 17058),
(1366, 1957, 6, 1, 8478),
(1367, 1957, 6, 2, 13620),
(1368, 1957, 6, 2, 6012),
(1369, 1957, 6, 3, 17172),
(1370, 1957, 6, 3, 7908),
(1371, 1957, 6, 4, 15396),
(1372, 1957, 6, 4, 5814),
(1373, 1957, 8, 1, 8634),
(1374, 1957, 8, 2, 6858),
(1375, 1957, 8, 3, 8256),
(1376, 1957, 8, 4, 6792),
(1377, 1957, 9, 1, 6714),
(1378, 1957, 9, 2, 6252),
(1379, 1957, 9, 3, 5748),
(1380, 1957, 9, 4, 5892),
(1381, 1957, 10, 1, 5220),
(1382, 1957, 10, 2, 3486),
(1383, 1957, 10, 3, 4260),
(1384, 1957, 10, 4, 3444),
(1385, 1957, 11, 1, 3714),
(1386, 1957, 11, 2, 2100),
(1387, 1957, 11, 3, 3642),
(1388, 1957, 11, 4, 3408),
(1389, 1957, 12, 1, 3072),
(1390, 1957, 12, 2, 2334),
(1391, 1957, 12, 3, 3246),
(1392, 1957, 12, 4, 2592),
(1393, 1958, 1, 1, 3042),
(1394, 1958, 1, 2, 2166),
(1395, 1958, 1, 3, 2790),
(1396, 1958, 1, 4, 3270),
(1397, 1958, 2, 1, 3318),
(1398, 1958, 2, 2, 2766),
(1399, 1958, 2, 3, 3054),
(1400, 1958, 2, 4, 3042),
(1401, 1958, 3, 1, 6468),
(1402, 1958, 3, 2, 5976),
(1403, 1958, 3, 3, 6732),
(1404, 1958, 3, 4, 5520),
(1405, 1958, 4, 1, 8754),
(1406, 1958, 4, 2, 7740),
(1407, 1958, 4, 3, 8682),
(1408, 1958, 4, 4, 8130),
(1409, 1958, 5, 1, 10722),
(1410, 1958, 5, 2, 10824),
(1411, 1958, 5, 3, 9894),
(1412, 1958, 5, 4, 11052),
(1413, 1958, 6, 1, 10398),
(1414, 1958, 6, 1, 8358),
(1415, 1958, 6, 2, 7404),
(1416, 1958, 6, 2, 9138),
(1417, 1958, 6, 3, 8844),
(1418, 1958, 6, 3, 9156),
(1419, 1958, 6, 4, 6966),
(1420, 1958, 6, 4, 9162),
(1421, 1958, 8, 1, 7734),
(1422, 1958, 8, 2, 6528),
(1423, 1958, 8, 3, 6426),
(1424, 1958, 8, 4, 6240),
(1425, 1958, 9, 1, 7542),
(1426, 1958, 9, 2, 6978),
(1427, 1958, 9, 3, 6342),
(1428, 1958, 9, 4, 5694),
(1429, 1958, 10, 1, 5694),
(1430, 1958, 10, 2, 4644),
(1431, 1958, 10, 3, 4938),
(1432, 1958, 10, 4, 4668),
(1433, 1958, 11, 1, 2796),
(1434, 1958, 11, 2, 2640),
(1435, 1958, 11, 3, 2460),
(1436, 1958, 11, 4, 2658),
(1437, 1958, 12, 1, 1902),
(1438, 1958, 12, 2, 1776),
(1439, 1958, 12, 3, 1800),
(1440, 1958, 12, 4, 2166),
(1441, 1959, 1, 1, 4638),
(1442, 1959, 1, 2, 3432),
(1443, 1959, 1, 3, 4146),
(1444, 1959, 1, 4, 4626),
(1445, 1959, 2, 1, 3444),
(1446, 1959, 2, 2, 3930),
(1447, 1959, 2, 3, 4674),
(1448, 1959, 2, 4, 3552),
(1449, 1959, 3, 1, 5736),
(1450, 1959, 3, 2, 5616),
(1451, 1959, 3, 3, 5622),
(1452, 1959, 3, 4, 6888),
(1453, 1959, 4, 1, 8808),
(1454, 1959, 4, 2, 7122),
(1455, 1959, 4, 3, 7572),
(1456, 1959, 4, 4, 8676),
(1457, 1959, 5, 1, 13440),
(1458, 1959, 5, 2, 11976),
(1459, 1959, 5, 3, 13272),
(1460, 1959, 5, 4, 13158),
(1461, 1959, 6, 1, 13674),
(1462, 1959, 6, 1, 14484),
(1463, 1959, 6, 2, 10500),
(1464, 1959, 6, 2, 7680),
(1465, 1959, 6, 3, 12480),
(1466, 1959, 6, 3, 13698),
(1467, 1959, 6, 4, 12384),
(1468, 1959, 6, 4, 7518),
(1469, 1959, 8, 1, 12474),
(1470, 1959, 8, 2, 7758),
(1471, 1959, 8, 3, 11574),
(1472, 1959, 8, 4, 8514),
(1473, 1959, 9, 1, 11496),
(1474, 1959, 9, 2, 8496),
(1475, 1959, 9, 3, 11838),
(1476, 1959, 9, 4, 8376),
(1477, 1959, 10, 1, 8304),
(1478, 1959, 10, 2, 5898),
(1479, 1959, 10, 3, 6894),
(1480, 1959, 10, 4, 5442),
(1481, 1959, 11, 1, 3162),
(1482, 1959, 11, 2, 2622),
(1483, 1959, 11, 3, 2706),
(1484, 1959, 11, 4, 4014),
(1485, 1959, 12, 1, 1926),
(1486, 1959, 12, 2, 1200),
(1487, 1959, 12, 3, 1650),
(1488, 1959, 12, 4, 2202),
(1489, 1960, 1, 1, 2154),
(1490, 1960, 1, 2, 2322),
(1491, 1960, 1, 3, 2280),
(1492, 1960, 1, 4, 2568),
(1493, 1960, 2, 1, 4674),
(1494, 1960, 2, 2, 5412),
(1495, 1960, 2, 3, 4242),
(1496, 1960, 2, 4, 6012),
(1497, 1960, 3, 1, 4218),
(1498, 1960, 3, 2, 4992),
(1499, 1960, 3, 3, 4974),
(1500, 1960, 3, 4, 3918),
(1501, 1960, 4, 1, 9408),
(1502, 1960, 4, 2, 7422),
(1503, 1960, 4, 3, 10380),
(1504, 1960, 4, 4, 9564),
(1505, 1960, 5, 1, 11028),
(1506, 1960, 5, 2, 10986),
(1507, 1960, 5, 3, 10500),
(1508, 1960, 5, 4, 11202),
(1509, 1960, 6, 1, 15240),
(1510, 1960, 6, 1, 8976),
(1511, 1960, 6, 2, 11994),
(1512, 1960, 6, 2, 7740),
(1513, 1960, 6, 3, 14580),
(1514, 1960, 6, 3, 9078),
(1515, 1960, 6, 4, 13380),
(1516, 1960, 6, 4, 8154),
(1517, 1960, 8, 1, 9594),
(1518, 1960, 8, 2, 7914),
(1519, 1960, 8, 3, 9294),
(1520, 1960, 8, 4, 9264),
(1521, 1960, 9, 1, 7404),
(1522, 1960, 9, 2, 7572),
(1523, 1960, 9, 3, 7458),
(1524, 1960, 9, 4, 7284),
(1525, 1960, 10, 1, 3960),
(1526, 1960, 10, 2, 3108),
(1527, 1960, 10, 3, 4188),
(1528, 1960, 10, 4, 3762),
(1529, 1960, 11, 1, 3792),
(1530, 1960, 11, 2, 3180),
(1531, 1960, 11, 3, 3204),
(1532, 1960, 11, 4, 3672),
(1533, 1960, 12, 1, 3000),
(1534, 1960, 12, 2, 2310),
(1535, 1960, 12, 3, 3342),
(1536, 1960, 12, 4, 3414),
(1537, 1961, 1, 1, 2406),
(1538, 1961, 1, 2, 2184),
(1539, 1961, 1, 3, 2004),
(1540, 1961, 1, 4, 3522),
(1541, 1961, 2, 1, 3594),
(1542, 1961, 2, 2, 3720),
(1543, 1961, 2, 3, 3144),
(1544, 1961, 2, 4, 3666),
(1545, 1961, 3, 1, 8490),
(1546, 1961, 3, 2, 5064),
(1547, 1961, 3, 3, 6810),
(1548, 1961, 3, 4, 4872),
(1549, 1961, 4, 1, 5748),
(1550, 1961, 4, 2, 6558),
(1551, 1961, 4, 3, 5844),
(1552, 1961, 4, 4, 6252),
(1553, 1961, 5, 1, 12108),
(1554, 1961, 5, 2, 10602),
(1555, 1961, 5, 3, 12756),
(1556, 1961, 5, 4, 10884),
(1557, 1961, 6, 1, 12852),
(1558, 1961, 6, 1, 9930),
(1559, 1961, 6, 2, 5760),
(1560, 1961, 6, 2, 8220),
(1561, 1961, 6, 3, 12714),
(1562, 1961, 6, 3, 9888),
(1563, 1961, 6, 4, 5898),
(1564, 1961, 6, 4, 8124),
(1565, 1961, 8, 1, 10488),
(1566, 1961, 8, 2, 7452),
(1567, 1961, 8, 3, 9582),
(1568, 1961, 8, 4, 7638),
(1569, 1961, 9, 1, 7638),
(1570, 1961, 9, 2, 5946),
(1571, 1961, 9, 3, 7212),
(1572, 1961, 9, 4, 6654),
(1573, 1961, 10, 1, 6810),
(1574, 1961, 10, 2, 4608),
(1575, 1961, 10, 3, 5250),
(1576, 1961, 10, 4, 5856),
(1577, 1961, 11, 1, 3762),
(1578, 1961, 11, 2, 3072),
(1579, 1961, 11, 3, 3666),
(1580, 1961, 11, 4, 3312),
(1581, 1961, 12, 1, 3294),
(1582, 1961, 12, 2, 1980),
(1583, 1961, 12, 3, 3348),
(1584, 1961, 12, 4, 2064),
(1585, 1962, 1, 1, 3600),
(1586, 1962, 1, 2, 2286),
(1587, 1962, 1, 3, 2850),
(1588, 1962, 1, 4, 2928),
(1589, 1962, 2, 1, 4248),
(1590, 1962, 2, 2, 3924),
(1591, 1962, 2, 3, 3810),
(1592, 1962, 2, 4, 3672),
(1593, 1962, 3, 1, 6906),
(1594, 1962, 3, 2, 5958),
(1595, 1962, 3, 3, 7308),
(1596, 1962, 3, 4, 7242),
(1597, 1962, 4, 1, 9060),
(1598, 1962, 4, 2, 11286),
(1599, 1962, 4, 3, 9804),
(1600, 1962, 4, 4, 12378),
(1601, 1962, 5, 1, 9780),
(1602, 1962, 5, 2, 9312),
(1603, 1962, 5, 3, 10110),
(1604, 1962, 5, 4, 12144),
(1605, 1962, 6, 1, 14292),
(1606, 1962, 6, 1, 7836),
(1607, 1962, 6, 2, 8250),
(1608, 1962, 6, 2, 9546),
(1609, 1962, 6, 3, 13290),
(1610, 1962, 6, 3, 8190),
(1611, 1962, 6, 4, 10380),
(1612, 1962, 6, 4, 6342),
(1613, 1962, 8, 1, 9258),
(1614, 1962, 8, 2, 7872),
(1615, 1962, 8, 3, 8166),
(1616, 1962, 8, 4, 8958),
(1617, 1962, 9, 1, 6996),
(1618, 1962, 9, 2, 4110),
(1619, 1962, 9, 3, 5856),
(1620, 1962, 9, 4, 4350),
(1621, 1962, 10, 1, 6324),
(1622, 1962, 10, 2, 4068),
(1623, 1962, 10, 3, 6972),
(1624, 1962, 10, 4, 5478),
(1625, 1962, 11, 1, 2520),
(1626, 1962, 11, 2, 1944),
(1627, 1962, 11, 3, 2640),
(1628, 1962, 11, 4, 1866),
(1629, 1962, 12, 1, 3954),
(1630, 1962, 12, 2, 1722),
(1631, 1962, 12, 3, 3396),
(1632, 1962, 12, 4, 2136),
(1633, 1963, 1, 1, 3672),
(1634, 1963, 1, 2, 2808),
(1635, 1963, 1, 3, 4224),
(1636, 1963, 1, 4, 3552),
(1637, 1963, 2, 1, 4320),
(1638, 1963, 2, 2, 5376),
(1639, 1963, 2, 3, 5340),
(1640, 1963, 2, 4, 4644),
(1641, 1963, 3, 1, 6072),
(1642, 1963, 3, 2, 5862),
(1643, 1963, 3, 3, 5940),
(1644, 1963, 3, 4, 6858),
(1645, 1963, 4, 1, 6978),
(1646, 1963, 4, 2, 7800),
(1647, 1963, 4, 3, 6618),
(1648, 1963, 4, 4, 7740),
(1649, 1963, 5, 1, 11106),
(1650, 1963, 5, 2, 10554),
(1651, 1963, 5, 3, 10266),
(1652, 1963, 5, 4, 10710),
(1653, 1963, 6, 1, 10878),
(1654, 1963, 6, 1, 11532),
(1655, 1963, 6, 2, 9276),
(1656, 1963, 6, 2, 9390),
(1657, 1963, 6, 3, 11052),
(1658, 1963, 6, 3, 9078),
(1659, 1963, 6, 4, 10662),
(1660, 1963, 6, 4, 9330),
(1661, 1963, 8, 1, 7602),
(1662, 1963, 8, 2, 5214),
(1663, 1963, 8, 3, 7296),
(1664, 1963, 8, 4, 6204),
(1665, 1963, 9, 1, 8166),
(1666, 1963, 9, 2, 6684),
(1667, 1963, 9, 3, 7848),
(1668, 1963, 9, 4, 7008),
(1669, 1963, 10, 1, 4848),
(1670, 1963, 10, 2, 4116),
(1671, 1963, 10, 3, 4122),
(1672, 1963, 10, 4, 4488),
(1673, 1963, 11, 1, 3084),
(1674, 1963, 11, 2, 2226),
(1675, 1963, 11, 3, 3204),
(1676, 1963, 11, 4, 3186),
(1677, 1963, 12, 1, 2610),
(1678, 1963, 12, 2, 1704),
(1679, 1963, 12, 3, 3204),
(1680, 1963, 12, 4, 2724),
(1681, 1964, 1, 1, 2562),
(1682, 1964, 1, 2, 2034),
(1683, 1964, 1, 3, 2118),
(1684, 1964, 1, 4, 1680),
(1685, 1964, 2, 1, 3462),
(1686, 1964, 2, 2, 3948),
(1687, 1964, 2, 3, 3354),
(1688, 1964, 2, 4, 3336),
(1689, 1964, 3, 1, 3486),
(1690, 1964, 3, 2, 4164),
(1691, 1964, 3, 3, 4914),
(1692, 1964, 3, 4, 3768),
(1693, 1964, 4, 1, 7038),
(1694, 1964, 4, 2, 6480),
(1695, 1964, 4, 3, 7326),
(1696, 1964, 4, 4, 7584),
(1697, 1964, 5, 1, 11520),
(1698, 1964, 5, 2, 8928),
(1699, 1964, 5, 3, 9660),
(1700, 1964, 5, 4, 9972),
(1701, 1964, 6, 1, 11136),
(1702, 1964, 6, 1, 8700),
(1703, 1964, 6, 2, 7866),
(1704, 1964, 6, 2, 9180),
(1705, 1964, 6, 3, 7860),
(1706, 1964, 6, 3, 8814),
(1707, 1964, 6, 4, 6096),
(1708, 1964, 6, 4, 8070),
(1709, 1964, 8, 1, 11208),
(1710, 1964, 8, 2, 7470),
(1711, 1964, 8, 3, 10752),
(1712, 1964, 8, 4, 8316),
(1713, 1964, 9, 1, 10770),
(1714, 1964, 9, 2, 6312),
(1715, 1964, 9, 3, 9276),
(1716, 1964, 9, 4, 7632),
(1717, 1964, 10, 1, 6714),
(1718, 1964, 10, 2, 4206),
(1719, 1964, 10, 3, 5628),
(1720, 1964, 10, 4, 3882),
(1721, 1964, 11, 1, 3408),
(1722, 1964, 11, 2, 2460),
(1723, 1964, 11, 3, 3540),
(1724, 1964, 11, 4, 4128),
(1725, 1964, 12, 1, 2766),
(1726, 1964, 12, 2, 1644),
(1727, 1964, 12, 3, 2484),
(1728, 1964, 12, 4, 2220),
(1729, 1965, 1, 1, 3888),
(1730, 1965, 1, 2, 2688),
(1731, 1965, 1, 3, 3588),
(1732, 1965, 1, 4, 3468),
(1733, 1965, 2, 1, 2208),
(1734, 1965, 2, 2, 2826),
(1735, 1965, 2, 3, 2448),
(1736, 1965, 2, 4, 3114),
(1737, 1965, 3, 1, 7500),
(1738, 1965, 3, 2, 6120),
(1739, 1965, 3, 3, 7440),
(1740, 1965, 3, 4, 6594),
(1741, 1965, 4, 1, 8634),
(1742, 1965, 4, 2, 8946),
(1743, 1965, 4, 3, 9414),
(1744, 1965, 4, 4, 8928),
(1745, 1965, 5, 1, 9750),
(1746, 1965, 5, 2, 7314),
(1747, 1965, 5, 3, 9288),
(1748, 1965, 5, 4, 8040),
(1749, 1965, 6, 1, 10458),
(1750, 1965, 6, 1, 6786),
(1751, 1965, 6, 2, 7656),
(1752, 1965, 6, 2, 7668),
(1753, 1965, 6, 3, 10254),
(1754, 1965, 6, 3, 7674),
(1755, 1965, 6, 4, 7524),
(1756, 1965, 6, 4, 8442),
(1757, 1965, 8, 1, 10248),
(1758, 1965, 8, 2, 8094),
(1759, 1965, 8, 3, 10464),
(1760, 1965, 8, 4, 7524),
(1761, 1965, 9, 1, 6408),
(1762, 1965, 9, 2, 4074),
(1763, 1965, 9, 3, 5556),
(1764, 1965, 9, 4, 4692),
(1765, 1965, 10, 1, 6486),
(1766, 1965, 10, 2, 4956),
(1767, 1965, 10, 3, 7002),
(1768, 1965, 10, 4, 3786),
(1769, 1965, 11, 1, 4380),
(1770, 1965, 11, 2, 3312),
(1771, 1965, 11, 3, 4134),
(1772, 1965, 11, 4, 4020),
(1773, 1965, 12, 1, 3216),
(1774, 1965, 12, 2, 1716),
(1775, 1965, 12, 3, 2766),
(1776, 1965, 12, 4, 2586),
(1777, 1966, 1, 1, 1830),
(1778, 1966, 1, 2, 1374),
(1779, 1966, 1, 3, 2220),
(1780, 1966, 1, 4, 1716),
(1781, 1966, 2, 1, 2166),
(1782, 1966, 2, 2, 2616),
(1783, 1966, 2, 3, 2142),
(1784, 1966, 2, 4, 2184),
(1785, 1966, 3, 1, 7038),
(1786, 1966, 3, 2, 5562),
(1787, 1966, 3, 3, 6072),
(1788, 1966, 3, 4, 6294),
(1789, 1966, 4, 1, 5334),
(1790, 1966, 4, 2, 7482),
(1791, 1966, 4, 3, 5874),
(1792, 1966, 4, 4, 5436),
(1793, 1966, 5, 1, 12888),
(1794, 1966, 5, 2, 10608),
(1795, 1966, 5, 3, 13266),
(1796, 1966, 5, 4, 12312),
(1797, 1966, 6, 1, 10050),
(1798, 1966, 6, 1, 9744),
(1799, 1966, 6, 2, 5940),
(1800, 1966, 6, 2, 9426),
(1801, 1966, 6, 3, 8472),
(1802, 1966, 6, 3, 9744),
(1803, 1966, 6, 4, 6996),
(1804, 1966, 6, 4, 9420),
(1805, 1966, 8, 1, 10110),
(1806, 1966, 8, 2, 8328),
(1807, 1966, 8, 3, 10086),
(1808, 1966, 8, 4, 8502),
(1809, 1966, 9, 1, 8406),
(1810, 1966, 9, 2, 4716),
(1811, 1966, 9, 3, 8766),
(1812, 1966, 9, 4, 6078),
(1813, 1966, 10, 1, 4950),
(1814, 1966, 10, 2, 3948),
(1815, 1966, 10, 3, 5562),
(1816, 1966, 10, 4, 6054),
(1817, 1966, 11, 1, 3150),
(1818, 1966, 11, 2, 2700),
(1819, 1966, 11, 3, 2652),
(1820, 1966, 11, 4, 3906),
(1821, 1966, 12, 1, 2364),
(1822, 1966, 12, 2, 1506),
(1823, 1966, 12, 3, 1932),
(1824, 1966, 12, 4, 2094),
(1825, 1967, 1, 1, 3552),
(1826, 1967, 1, 2, 1914),
(1827, 1967, 1, 3, 2832),
(1828, 1967, 1, 4, 2772),
(1829, 1967, 2, 1, 4662),
(1830, 1967, 2, 2, 3342),
(1831, 1967, 2, 3, 4494),
(1832, 1967, 2, 4, 4590),
(1833, 1967, 3, 1, 9210),
(1834, 1967, 3, 2, 5622),
(1835, 1967, 3, 3, 8172),
(1836, 1967, 3, 4, 6474),
(1837, 1967, 4, 1, 7338),
(1838, 1967, 4, 2, 8040),
(1839, 1967, 4, 3, 7236),
(1840, 1967, 4, 4, 8418),
(1841, 1967, 5, 1, 9456),
(1842, 1967, 5, 2, 8214),
(1843, 1967, 5, 3, 8916),
(1844, 1967, 5, 4, 9636),
(1845, 1967, 6, 1, 12174),
(1846, 1967, 6, 1, 12750),
(1847, 1967, 6, 2, 11874),
(1848, 1967, 6, 2, 6912),
(1849, 1967, 6, 3, 12666),
(1850, 1967, 6, 3, 9798),
(1851, 1967, 6, 4, 10458),
(1852, 1967, 6, 4, 5826),
(1853, 1967, 8, 1, 9336),
(1854, 1967, 8, 2, 7338),
(1855, 1967, 8, 3, 8940),
(1856, 1967, 8, 4, 7752),
(1857, 1967, 9, 1, 6804),
(1858, 1967, 9, 2, 5244),
(1859, 1967, 9, 3, 7566),
(1860, 1967, 9, 4, 6810),
(1861, 1967, 10, 1, 5724),
(1862, 1967, 10, 2, 4968),
(1863, 1967, 10, 3, 4056),
(1864, 1967, 10, 4, 5130),
(1865, 1967, 11, 1, 3852),
(1866, 1967, 11, 2, 2580),
(1867, 1967, 11, 3, 4344),
(1868, 1967, 11, 4, 3846),
(1869, 1967, 12, 1, 3372),
(1870, 1967, 12, 2, 1998),
(1871, 1967, 12, 3, 2652),
(1872, 1967, 12, 4, 2508),
(1873, 1968, 1, 1, 2286),
(1874, 1968, 1, 2, 1632),
(1875, 1968, 1, 3, 1680),
(1876, 1968, 1, 4, 1932),
(1877, 1968, 2, 1, 3882),
(1878, 1968, 2, 2, 4908),
(1879, 1968, 2, 3, 4896),
(1880, 1968, 2, 4, 5778),
(1881, 1968, 3, 1, 7080),
(1882, 1968, 3, 2, 4812),
(1883, 1968, 3, 3, 6774),
(1884, 1968, 3, 4, 5868),
(1885, 1968, 4, 1, 10362),
(1886, 1968, 4, 2, 9456),
(1887, 1968, 4, 3, 9576),
(1888, 1968, 4, 4, 9876),
(1889, 1968, 5, 1, 9036),
(1890, 1968, 5, 2, 8292),
(1891, 1968, 5, 3, 9030),
(1892, 1968, 5, 4, 9774),
(1893, 1968, 6, 1, 11262),
(1894, 1968, 6, 1, 8472),
(1895, 1968, 6, 2, 11046),
(1896, 1968, 6, 2, 6768),
(1897, 1968, 6, 3, 10494),
(1898, 1968, 6, 3, 11274),
(1899, 1968, 6, 4, 12426),
(1900, 1968, 6, 4, 9360),
(1901, 1968, 8, 1, 7938),
(1902, 1968, 8, 2, 10236),
(1903, 1968, 8, 3, 9624),
(1904, 1968, 8, 4, 11706),
(1905, 1968, 9, 1, 6984),
(1906, 1968, 9, 2, 5370),
(1907, 1968, 9, 3, 6300),
(1908, 1968, 9, 4, 6570),
(1909, 1968, 10, 1, 3630),
(1910, 1968, 10, 2, 3108),
(1911, 1968, 10, 3, 2976),
(1912, 1968, 10, 4, 3516),
(1913, 1968, 11, 1, 2460),
(1914, 1968, 11, 2, 2616),
(1915, 1968, 11, 3, 2964),
(1916, 1968, 11, 4, 2580),
(1917, 1968, 12, 1, 1956),
(1918, 1968, 12, 2, 1386),
(1919, 1968, 12, 3, 2190),
(1920, 1968, 12, 4, 1968),
(1921, 1969, 1, 1, 1938),
(1922, 1969, 1, 2, 1572),
(1923, 1969, 1, 3, 1692),
(1924, 1969, 1, 4, 1878),
(1925, 1969, 2, 1, 3930),
(1926, 1969, 2, 2, 3876),
(1927, 1969, 2, 3, 3258),
(1928, 1969, 2, 4, 3798),
(1929, 1969, 3, 1, 4104),
(1930, 1969, 3, 2, 5682),
(1931, 1969, 3, 3, 5556),
(1932, 1969, 3, 4, 5148),
(1933, 1969, 4, 1, 10998),
(1934, 1969, 4, 2, 9360),
(1935, 1969, 4, 3, 11256),
(1936, 1969, 4, 4, 11046),
(1937, 1969, 5, 1, 8412),
(1938, 1969, 5, 2, 7182),
(1939, 1969, 5, 3, 7902),
(1940, 1969, 5, 4, 8706),
(1941, 1969, 6, 1, 12684),
(1942, 1969, 6, 1, 14910),
(1943, 1969, 6, 2, 11742),
(1944, 1969, 6, 2, 8910),
(1945, 1969, 6, 3, 11184),
(1946, 1969, 6, 3, 14790),
(1947, 1969, 6, 4, 12324),
(1948, 1969, 6, 4, 9678),
(1949, 1969, 8, 1, 8802),
(1950, 1969, 8, 2, 8724),
(1951, 1969, 8, 3, 8478),
(1952, 1969, 8, 4, 8184),
(1953, 1969, 9, 1, 6090),
(1954, 1969, 9, 2, 5922),
(1955, 1969, 9, 3, 4938),
(1956, 1969, 9, 4, 4848),
(1957, 1969, 10, 1, 6054),
(1958, 1969, 10, 2, 4152),
(1959, 1969, 10, 3, 5898),
(1960, 1969, 10, 4, 3876),
(1961, 1969, 11, 1, 4362),
(1962, 1969, 11, 2, 2766),
(1963, 1969, 11, 3, 3684),
(1964, 1969, 11, 4, 3456),
(1965, 1969, 12, 1, 1740),
(1966, 1969, 12, 2, 1506),
(1967, 1969, 12, 3, 2076),
(1968, 1969, 12, 4, 1872),
(1969, 1970, 1, 1, 1836),
(1970, 1970, 1, 2, 1422),
(1971, 1970, 1, 3, 1866),
(1972, 1970, 1, 4, 1770),
(1973, 1970, 2, 1, 5856),
(1974, 1970, 2, 2, 5274),
(1975, 1970, 2, 3, 5184),
(1976, 1970, 2, 4, 5592),
(1977, 1970, 3, 1, 6624),
(1978, 1970, 3, 2, 6738),
(1979, 1970, 3, 3, 6168),
(1980, 1970, 3, 4, 6972),
(1981, 1970, 4, 1, 7722),
(1982, 1970, 4, 2, 8262),
(1983, 1970, 4, 3, 7638),
(1984, 1970, 4, 4, 8544),
(1985, 1970, 5, 1, 11580),
(1986, 1970, 5, 2, 7440),
(1987, 1970, 5, 3, 9528),
(1988, 1970, 5, 4, 7176),
(1989, 1970, 6, 1, 14520),
(1990, 1970, 6, 1, 9744),
(1991, 1970, 6, 2, 13236),
(1992, 1970, 6, 2, 5916),
(1993, 1970, 6, 3, 12570),
(1994, 1970, 6, 3, 8106),
(1995, 1970, 6, 4, 11760),
(1996, 1970, 6, 4, 6048),
(1997, 1970, 8, 1, 10230),
(1998, 1970, 8, 2, 7836),
(1999, 1970, 8, 3, 8706),
(2000, 1970, 8, 4, 8916),
(2001, 1970, 9, 1, 8220),
(2002, 1970, 9, 2, 5004),
(2003, 1970, 9, 3, 6906),
(2004, 1970, 9, 4, 5274),
(2005, 1970, 10, 1, 5904),
(2006, 1970, 10, 2, 3894),
(2007, 1970, 10, 3, 4884),
(2008, 1970, 10, 4, 3642),
(2009, 1970, 11, 1, 3294),
(2010, 1970, 11, 2, 2550),
(2011, 1970, 11, 3, 2586),
(2012, 1970, 11, 4, 3798),
(2013, 1970, 12, 1, 2754),
(2014, 1970, 12, 2, 1794),
(2015, 1970, 12, 3, 2994),
(2016, 1970, 12, 4, 2550),
(2017, 1971, 1, 1, 2202),
(2018, 1971, 1, 2, 1272),
(2019, 1971, 1, 3, 1842),
(2020, 1971, 1, 4, 3354),
(2021, 1971, 2, 1, 4038),
(2022, 1971, 2, 2, 3084),
(2023, 1971, 2, 3, 3234),
(2024, 1971, 2, 4, 3282),
(2025, 1971, 3, 1, 5556),
(2026, 1971, 3, 2, 4800),
(2027, 1971, 3, 3, 4692),
(2028, 1971, 3, 4, 4914),
(2029, 1971, 4, 1, 6942),
(2030, 1971, 4, 2, 7728),
(2031, 1971, 4, 3, 7434),
(2032, 1971, 4, 4, 7932),
(2033, 1971, 5, 1, 13302),
(2034, 1971, 5, 2, 11484),
(2035, 1971, 5, 3, 13476),
(2036, 1971, 5, 4, 10068),
(2037, 1971, 6, 1, 13848),
(2038, 1971, 6, 1, 8340),
(2039, 1971, 6, 2, 10530),
(2040, 1971, 6, 2, 8784),
(2041, 1971, 6, 3, 14178),
(2042, 1971, 6, 3, 7830),
(2043, 1971, 6, 4, 10122),
(2044, 1971, 6, 4, 9258),
(2045, 1971, 8, 1, 7992),
(2046, 1971, 8, 2, 7416),
(2047, 1971, 8, 3, 7524),
(2048, 1971, 8, 4, 6876),
(2049, 1971, 9, 1, 9924),
(2050, 1971, 9, 2, 7458),
(2051, 1971, 9, 3, 9858),
(2052, 1971, 9, 4, 8136),
(2053, 1971, 10, 1, 7716),
(2054, 1971, 10, 2, 5472),
(2055, 1971, 10, 3, 6978),
(2056, 1971, 10, 4, 5490),
(2057, 1971, 11, 1, 5058),
(2058, 1971, 11, 2, 2406),
(2059, 1971, 11, 3, 3774),
(2060, 1971, 11, 4, 3072),
(2061, 1971, 12, 1, 1800),
(2062, 1971, 12, 2, 1194),
(2063, 1971, 12, 3, 1770),
(2064, 1971, 12, 4, 1842),
(2065, 1972, 1, 1, 2310),
(2066, 1972, 1, 2, 1728),
(2067, 1972, 1, 3, 2382),
(2068, 1972, 1, 4, 2220),
(2069, 1972, 2, 1, 2382),
(2070, 1972, 2, 2, 2814),
(2071, 1972, 2, 3, 2700),
(2072, 1972, 2, 4, 3960),
(2073, 1972, 3, 1, 8034),
(2074, 1972, 3, 2, 6030),
(2075, 1972, 3, 3, 7530),
(2076, 1972, 3, 4, 6312),
(2077, 1972, 4, 1, 7842),
(2078, 1972, 4, 2, 7950),
(2079, 1972, 4, 3, 8778),
(2080, 1972, 4, 4, 8682),
(2081, 1972, 5, 1, 9264),
(2082, 1972, 5, 2, 7734),
(2083, 1972, 5, 3, 7974),
(2084, 1972, 5, 4, 8400),
(2085, 1972, 6, 1, 8946),
(2086, 1972, 6, 1, 9846),
(2087, 1972, 6, 2, 10728),
(2088, 1972, 6, 2, 8886),
(2089, 1972, 6, 3, 7296),
(2090, 1972, 6, 3, 9918);
INSERT INTO `meresek` (`id`, `ev`, `ho`, `regioId`, `perc`) VALUES
(2091, 1972, 6, 4, 9414),
(2092, 1972, 6, 4, 9828),
(2093, 1972, 8, 1, 10830),
(2094, 1972, 8, 2, 8028),
(2095, 1972, 8, 3, 10794),
(2096, 1972, 8, 4, 6222),
(2097, 1972, 9, 1, 7146),
(2098, 1972, 9, 2, 6870),
(2099, 1972, 9, 3, 8622),
(2100, 1972, 9, 4, 7848),
(2101, 1972, 10, 1, 5520),
(2102, 1972, 10, 2, 5472),
(2103, 1972, 10, 3, 5280),
(2104, 1972, 10, 4, 5220),
(2105, 1972, 11, 1, 4206),
(2106, 1972, 11, 2, 2646),
(2107, 1972, 11, 3, 3570),
(2108, 1972, 11, 4, 3060),
(2109, 1972, 12, 1, 2418),
(2110, 1972, 12, 2, 1644),
(2111, 1972, 12, 3, 1932),
(2112, 1972, 12, 4, 2142),
(2113, 1973, 1, 1, 2022),
(2114, 1973, 1, 2, 1656),
(2115, 1973, 1, 3, 1806),
(2116, 1973, 1, 4, 1278),
(2117, 1973, 2, 1, 4740),
(2118, 1973, 2, 2, 4236),
(2119, 1973, 2, 3, 3564),
(2120, 1973, 2, 4, 3876),
(2121, 1973, 3, 1, 7884),
(2122, 1973, 3, 2, 6762),
(2123, 1973, 3, 3, 8340),
(2124, 1973, 3, 4, 6636),
(2125, 1973, 4, 1, 9000),
(2126, 1973, 4, 2, 8034),
(2127, 1973, 4, 3, 9942),
(2128, 1973, 4, 4, 8538),
(2129, 1973, 5, 1, 10074),
(2130, 1973, 5, 2, 8478),
(2131, 1973, 5, 3, 9084),
(2132, 1973, 5, 4, 7848),
(2133, 1973, 6, 1, 13410),
(2134, 1973, 6, 1, 9300),
(2135, 1973, 6, 2, 7968),
(2136, 1973, 6, 2, 8364),
(2137, 1973, 6, 3, 11814),
(2138, 1973, 6, 3, 9504),
(2139, 1973, 6, 4, 6870),
(2140, 1973, 6, 4, 9432),
(2141, 1973, 8, 1, 10746),
(2142, 1973, 8, 2, 8796),
(2143, 1973, 8, 3, 9702),
(2144, 1973, 8, 4, 7368),
(2145, 1973, 9, 1, 8562),
(2146, 1973, 9, 2, 6030),
(2147, 1973, 9, 3, 7722),
(2148, 1973, 9, 4, 6852),
(2149, 1973, 10, 1, 5394),
(2150, 1973, 10, 2, 5274),
(2151, 1973, 10, 3, 4974),
(2152, 1973, 10, 4, 5046),
(2153, 1973, 11, 1, 5022),
(2154, 1973, 11, 2, 2850),
(2155, 1973, 11, 3, 3576),
(2156, 1973, 11, 4, 2406),
(2157, 1973, 12, 1, 3090),
(2158, 1973, 12, 2, 1464),
(2159, 1973, 12, 3, 2484),
(2160, 1973, 12, 4, 2226),
(2161, 1974, 1, 1, 2898),
(2162, 1974, 1, 2, 1662),
(2163, 1974, 1, 3, 2334),
(2164, 1974, 1, 4, 1980),
(2165, 1974, 2, 1, 3678),
(2166, 1974, 2, 2, 2652),
(2167, 1974, 2, 3, 3516),
(2168, 1974, 2, 4, 3420),
(2169, 1974, 3, 1, 5832),
(2170, 1974, 3, 2, 5916),
(2171, 1974, 3, 3, 6342),
(2172, 1974, 3, 4, 6126),
(2173, 1974, 4, 1, 8970),
(2174, 1974, 4, 2, 11142),
(2175, 1974, 4, 3, 10350),
(2176, 1974, 4, 4, 12336),
(2177, 1974, 5, 1, 11856),
(2178, 1974, 5, 2, 9474),
(2179, 1974, 5, 3, 10422),
(2180, 1974, 5, 4, 8538),
(2181, 1974, 6, 1, 11544),
(2182, 1974, 6, 1, 9780),
(2183, 1974, 6, 2, 11124),
(2184, 1974, 6, 2, 8184),
(2185, 1974, 6, 3, 11190),
(2186, 1974, 6, 3, 8130),
(2187, 1974, 6, 4, 10698),
(2188, 1974, 6, 4, 7392),
(2189, 1974, 8, 1, 11004),
(2190, 1974, 8, 2, 7914),
(2191, 1974, 8, 3, 9768),
(2192, 1974, 8, 4, 9342),
(2193, 1974, 9, 1, 8052),
(2194, 1974, 9, 2, 6360),
(2195, 1974, 9, 3, 6288),
(2196, 1974, 9, 4, 6522),
(2197, 1974, 10, 1, 5178),
(2198, 1974, 10, 2, 3864),
(2199, 1974, 10, 3, 4620),
(2200, 1974, 10, 4, 5568),
(2201, 1974, 11, 1, 3102),
(2202, 1974, 11, 2, 2628),
(2203, 1974, 11, 3, 2886),
(2204, 1974, 11, 4, 4356),
(2205, 1974, 12, 1, 2772),
(2206, 1974, 12, 2, 1464),
(2207, 1974, 12, 3, 1680),
(2208, 1974, 12, 4, 1662),
(2209, 1975, 1, 1, 2238),
(2210, 1975, 1, 2, 1686),
(2211, 1975, 1, 3, 1782),
(2212, 1975, 1, 4, 2634),
(2213, 1975, 2, 1, 3630),
(2214, 1975, 2, 2, 4854),
(2215, 1975, 2, 3, 5226),
(2216, 1975, 2, 4, 4518),
(2217, 1975, 3, 1, 5142),
(2218, 1975, 3, 2, 6360),
(2219, 1975, 3, 3, 5964),
(2220, 1975, 3, 4, 8550),
(2221, 1975, 4, 1, 7542),
(2222, 1975, 4, 2, 6618),
(2223, 1975, 4, 3, 7896),
(2224, 1975, 4, 4, 8514),
(2225, 1975, 5, 1, 11268),
(2226, 1975, 5, 2, 13098),
(2227, 1975, 5, 3, 13914),
(2228, 1975, 5, 4, 15450),
(2229, 1975, 6, 1, 12282),
(2230, 1975, 6, 1, 16068),
(2231, 1975, 6, 2, 12390),
(2232, 1975, 6, 2, 8586),
(2233, 1975, 6, 3, 10734),
(2234, 1975, 6, 3, 15726),
(2235, 1975, 6, 4, 13560),
(2236, 1975, 6, 4, 9060),
(2237, 1975, 8, 1, 13344),
(2238, 1975, 8, 2, 9552),
(2239, 1975, 8, 3, 11826),
(2240, 1975, 8, 4, 9168),
(2241, 1975, 9, 1, 8556),
(2242, 1975, 9, 2, 5784),
(2243, 1975, 9, 3, 8148),
(2244, 1975, 9, 4, 6426),
(2245, 1975, 10, 1, 6330),
(2246, 1975, 10, 2, 4566),
(2247, 1975, 10, 3, 7116),
(2248, 1975, 10, 4, 4326),
(2249, 1975, 11, 1, 4440),
(2250, 1975, 11, 2, 2778),
(2251, 1975, 11, 3, 3690),
(2252, 1975, 11, 4, 3390),
(2253, 1975, 12, 1, 2562),
(2254, 1975, 12, 2, 1614),
(2255, 1975, 12, 3, 1572),
(2256, 1975, 12, 4, 1584),
(2257, 1976, 1, 1, 2958),
(2258, 1976, 1, 2, 1746),
(2259, 1976, 1, 3, 2106),
(2260, 1976, 1, 4, 2238),
(2261, 1976, 2, 1, 2772),
(2262, 1976, 2, 2, 2862),
(2263, 1976, 2, 3, 3486),
(2264, 1976, 2, 4, 2934),
(2265, 1976, 3, 1, 6378),
(2266, 1976, 3, 2, 5370),
(2267, 1976, 3, 3, 6210),
(2268, 1976, 3, 4, 4452),
(2269, 1976, 4, 1, 9156),
(2270, 1976, 4, 2, 7248),
(2271, 1976, 4, 3, 9318),
(2272, 1976, 4, 4, 9714),
(2273, 1976, 5, 1, 10032),
(2274, 1976, 5, 2, 7638),
(2275, 1976, 5, 3, 9144),
(2276, 1976, 5, 4, 7308),
(2277, 1976, 6, 1, 14838),
(2278, 1976, 6, 1, 15474),
(2279, 1976, 6, 2, 11046),
(2280, 1976, 6, 2, 8388),
(2281, 1976, 6, 3, 12660),
(2282, 1976, 6, 3, 12816),
(2283, 1976, 6, 4, 10440),
(2284, 1976, 6, 4, 7716),
(2285, 1976, 8, 1, 15006),
(2286, 1976, 8, 2, 13068),
(2287, 1976, 8, 3, 15384),
(2288, 1976, 8, 4, 15180),
(2289, 1976, 9, 1, 6216),
(2290, 1976, 9, 2, 4896),
(2291, 1976, 9, 3, 5082),
(2292, 1976, 9, 4, 5838),
(2293, 1976, 10, 1, 3798),
(2294, 1976, 10, 2, 3918),
(2295, 1976, 10, 3, 3864),
(2296, 1976, 10, 4, 4620),
(2297, 1976, 11, 1, 3750),
(2298, 1976, 11, 2, 3276),
(2299, 1976, 11, 3, 3624),
(2300, 1976, 11, 4, 4206),
(2301, 1976, 12, 1, 3210),
(2302, 1976, 12, 2, 1998),
(2303, 1976, 12, 3, 2640),
(2304, 1976, 12, 4, 2064),
(2305, 1977, 1, 1, 2772),
(2306, 1977, 1, 2, 2412),
(2307, 1977, 1, 3, 2310),
(2308, 1977, 1, 4, 3090),
(2309, 1977, 2, 1, 3732),
(2310, 1977, 2, 2, 3858),
(2311, 1977, 2, 3, 3330),
(2312, 1977, 2, 4, 2694),
(2313, 1977, 3, 1, 5280),
(2314, 1977, 3, 2, 4302),
(2315, 1977, 3, 3, 4278),
(2316, 1977, 3, 4, 4866),
(2317, 1977, 4, 1, 9444),
(2318, 1977, 4, 2, 8112),
(2319, 1977, 4, 3, 8934),
(2320, 1977, 4, 4, 8682),
(2321, 1977, 5, 1, 13230),
(2322, 1977, 5, 2, 11724),
(2323, 1977, 5, 3, 15042),
(2324, 1977, 5, 4, 14118),
(2325, 1977, 6, 1, 11448),
(2326, 1977, 6, 1, 9144),
(2327, 1977, 6, 2, 10164),
(2328, 1977, 6, 2, 10848),
(2329, 1977, 6, 3, 10296),
(2330, 1977, 6, 3, 12108),
(2331, 1977, 6, 4, 10602),
(2332, 1977, 6, 4, 11052),
(2333, 1977, 8, 1, 8910),
(2334, 1977, 8, 2, 10062),
(2335, 1977, 8, 3, 9288),
(2336, 1977, 8, 4, 11172),
(2337, 1977, 9, 1, 6702),
(2338, 1977, 9, 2, 5394),
(2339, 1977, 9, 3, 6006),
(2340, 1977, 9, 4, 5982),
(2341, 1977, 10, 1, 6090),
(2342, 1977, 10, 2, 4134),
(2343, 1977, 10, 3, 5568),
(2344, 1977, 10, 4, 4440),
(2345, 1977, 11, 1, 5004),
(2346, 1977, 11, 2, 2838),
(2347, 1977, 11, 3, 3696),
(2348, 1977, 11, 4, 4116),
(2349, 1977, 12, 1, 2358),
(2350, 1977, 12, 2, 1656),
(2351, 1977, 12, 3, 1824),
(2352, 1977, 12, 4, 1122),
(2353, 1978, 1, 1, 2952),
(2354, 1978, 1, 2, 2172),
(2355, 1978, 1, 3, 2940),
(2356, 1978, 1, 4, 3414),
(2357, 1978, 2, 1, 3072),
(2358, 1978, 2, 2, 3924),
(2359, 1978, 2, 3, 2934),
(2360, 1978, 2, 4, 4272),
(2361, 1978, 3, 1, 6894),
(2362, 1978, 3, 2, 5100),
(2363, 1978, 3, 3, 6252),
(2364, 1978, 3, 4, 5832),
(2365, 1978, 4, 1, 6624),
(2366, 1978, 4, 2, 6438),
(2367, 1978, 4, 3, 7494),
(2368, 1978, 4, 4, 7212),
(2369, 1978, 5, 1, 11790),
(2370, 1978, 5, 2, 11118),
(2371, 1978, 5, 3, 12246),
(2372, 1978, 5, 4, 10182),
(2373, 1978, 6, 1, 10068),
(2374, 1978, 6, 1, 8454),
(2375, 1978, 6, 2, 7602),
(2376, 1978, 6, 2, 9228),
(2377, 1978, 6, 3, 7926),
(2378, 1978, 6, 3, 8802),
(2379, 1978, 6, 4, 7674),
(2380, 1978, 6, 4, 7680),
(2381, 1978, 8, 1, 8592),
(2382, 1978, 8, 2, 5418),
(2383, 1978, 8, 3, 7968),
(2384, 1978, 8, 4, 5550),
(2385, 1978, 9, 1, 8628),
(2386, 1978, 9, 2, 4896),
(2387, 1978, 9, 3, 7656),
(2388, 1978, 9, 4, 5436),
(2389, 1978, 10, 1, 5256),
(2390, 1978, 10, 2, 4110),
(2391, 1978, 10, 3, 4368),
(2392, 1978, 10, 4, 5298),
(2393, 1978, 11, 1, 4236),
(2394, 1978, 11, 2, 2442),
(2395, 1978, 11, 3, 3096),
(2396, 1978, 11, 4, 2820),
(2397, 1978, 12, 1, 1872),
(2398, 1978, 12, 2, 1122),
(2399, 1978, 12, 3, 2148),
(2400, 1978, 12, 4, 2394),
(2401, 1979, 1, 1, 3468),
(2402, 1979, 1, 2, 2130),
(2403, 1979, 1, 3, 3390),
(2404, 1979, 1, 4, 2886),
(2405, 1979, 2, 1, 3426),
(2406, 1979, 2, 2, 4632),
(2407, 1979, 2, 3, 3768),
(2408, 1979, 2, 4, 4170),
(2409, 1979, 3, 1, 5244),
(2410, 1979, 3, 2, 5670),
(2411, 1979, 3, 3, 4380),
(2412, 1979, 3, 4, 6348),
(2413, 1979, 4, 1, 7290),
(2414, 1979, 4, 2, 6450),
(2415, 1979, 4, 3, 8430),
(2416, 1979, 4, 4, 7680),
(2417, 1979, 5, 1, 10812),
(2418, 1979, 5, 2, 9144),
(2419, 1979, 5, 3, 9804),
(2420, 1979, 5, 4, 9744),
(2421, 1979, 6, 1, 10044),
(2422, 1979, 6, 1, 10674),
(2423, 1979, 6, 2, 6330),
(2424, 1979, 6, 2, 9372),
(2425, 1979, 6, 3, 10170),
(2426, 1979, 6, 3, 9330),
(2427, 1979, 6, 4, 5910),
(2428, 1979, 6, 4, 8730),
(2429, 1979, 8, 1, 9798),
(2430, 1979, 8, 2, 6720),
(2431, 1979, 8, 3, 9030),
(2432, 1979, 8, 4, 7968),
(2433, 1979, 9, 1, 9654),
(2434, 1979, 9, 2, 6996),
(2435, 1979, 9, 3, 8082),
(2436, 1979, 9, 4, 6420),
(2437, 1979, 10, 1, 6156),
(2438, 1979, 10, 2, 3906),
(2439, 1979, 10, 3, 5430),
(2440, 1979, 10, 4, 5142),
(2441, 1979, 11, 1, 3876),
(2442, 1979, 11, 2, 2490),
(2443, 1979, 11, 3, 2898),
(2444, 1979, 11, 4, 3552),
(2445, 1979, 12, 1, 3060),
(2446, 1979, 12, 2, 1620),
(2447, 1979, 12, 3, 2472),
(2448, 1979, 12, 4, 2286),
(2449, 1980, 1, 1, 3564),
(2450, 1980, 1, 2, 1740),
(2451, 1980, 1, 3, 3282),
(2452, 1980, 1, 4, 2658),
(2453, 1980, 2, 1, 2628),
(2454, 1980, 2, 2, 2496),
(2455, 1980, 2, 3, 2286),
(2456, 1980, 2, 4, 3144),
(2457, 1980, 3, 1, 4926),
(2458, 1980, 3, 2, 4602),
(2459, 1980, 3, 3, 4674),
(2460, 1980, 3, 4, 5670),
(2461, 1980, 4, 1, 9996),
(2462, 1980, 4, 2, 9198),
(2463, 1980, 4, 3, 10212),
(2464, 1980, 4, 4, 8772),
(2465, 1980, 5, 1, 13368),
(2466, 1980, 5, 2, 13200),
(2467, 1980, 5, 3, 13416),
(2468, 1980, 5, 4, 13284),
(2469, 1980, 6, 1, 8790),
(2470, 1980, 6, 1, 9528),
(2471, 1980, 6, 2, 6018),
(2472, 1980, 6, 2, 7224),
(2473, 1980, 6, 3, 8052),
(2474, 1980, 6, 3, 8784),
(2475, 1980, 6, 4, 5646),
(2476, 1980, 6, 4, 6702),
(2477, 1980, 8, 1, 8652),
(2478, 1980, 8, 2, 5958),
(2479, 1980, 8, 3, 7332),
(2480, 1980, 8, 4, 6252),
(2481, 1980, 9, 1, 7998),
(2482, 1980, 9, 2, 4722),
(2483, 1980, 9, 3, 6828),
(2484, 1980, 9, 4, 5436),
(2485, 1980, 10, 1, 6564),
(2486, 1980, 10, 2, 4326),
(2487, 1980, 10, 3, 4794),
(2488, 1980, 10, 4, 4878),
(2489, 1980, 11, 1, 3480),
(2490, 1980, 11, 2, 2190),
(2491, 1980, 11, 3, 3414),
(2492, 1980, 11, 4, 3108),
(2493, 1980, 12, 1, 3192),
(2494, 1980, 12, 2, 1092),
(2495, 1980, 12, 3, 2208),
(2496, 1980, 12, 4, 1644),
(2497, 1981, 1, 1, 2874),
(2498, 1981, 1, 2, 1722),
(2499, 1981, 1, 3, 2166),
(2500, 1981, 1, 4, 2130),
(2501, 1981, 2, 1, 3990),
(2502, 1981, 2, 2, 4038),
(2503, 1981, 2, 3, 4122),
(2504, 1981, 2, 4, 3228),
(2505, 1981, 3, 1, 3780),
(2506, 1981, 3, 2, 5268),
(2507, 1981, 3, 3, 4200),
(2508, 1981, 3, 4, 4968),
(2509, 1981, 4, 1, 7740),
(2510, 1981, 4, 2, 10728),
(2511, 1981, 4, 3, 8670),
(2512, 1981, 4, 4, 9948),
(2513, 1981, 5, 1, 8304),
(2514, 1981, 5, 2, 9462),
(2515, 1981, 5, 3, 7584),
(2516, 1981, 5, 4, 8334),
(2517, 1981, 6, 1, 9102),
(2518, 1981, 6, 1, 9192),
(2519, 1981, 6, 2, 6960),
(2520, 1981, 6, 2, 7860),
(2521, 1981, 6, 3, 7770),
(2522, 1981, 6, 3, 7974),
(2523, 1981, 6, 4, 6078),
(2524, 1981, 6, 4, 7692),
(2525, 1981, 8, 1, 11214),
(2526, 1981, 8, 2, 8316),
(2527, 1981, 8, 3, 10578),
(2528, 1981, 8, 4, 7536),
(2529, 1981, 9, 1, 9222),
(2530, 1981, 9, 2, 5892),
(2531, 1981, 9, 3, 7416),
(2532, 1981, 9, 4, 6528),
(2533, 1981, 10, 1, 6750),
(2534, 1981, 10, 2, 5196),
(2535, 1981, 10, 3, 5184),
(2536, 1981, 10, 4, 5682),
(2537, 1981, 11, 1, 3006),
(2538, 1981, 11, 2, 2334),
(2539, 1981, 11, 3, 2394),
(2540, 1981, 11, 4, 2694),
(2541, 1981, 12, 1, 2622),
(2542, 1981, 12, 2, 1590),
(2543, 1981, 12, 3, 2010),
(2544, 1981, 12, 4, 1614),
(2545, 1982, 1, 1, 3144),
(2546, 1982, 1, 2, 1776),
(2547, 1982, 1, 3, 2700),
(2548, 1982, 1, 4, 2712),
(2549, 1982, 2, 1, 3036),
(2550, 1982, 2, 2, 3402),
(2551, 1982, 2, 3, 3312),
(2552, 1982, 2, 4, 3552),
(2553, 1982, 3, 1, 8694),
(2554, 1982, 3, 2, 6402),
(2555, 1982, 3, 3, 7974),
(2556, 1982, 3, 4, 8652),
(2557, 1982, 4, 1, 10386),
(2558, 1982, 4, 2, 8058),
(2559, 1982, 4, 3, 10248),
(2560, 1982, 4, 4, 9378),
(2561, 1982, 5, 1, 13056),
(2562, 1982, 5, 2, 11598),
(2563, 1982, 5, 3, 11502),
(2564, 1982, 5, 4, 10530),
(2565, 1982, 6, 1, 10062),
(2566, 1982, 6, 1, 9138),
(2567, 1982, 6, 2, 10644),
(2568, 1982, 6, 2, 8574),
(2569, 1982, 6, 3, 9390),
(2570, 1982, 6, 3, 9528),
(2571, 1982, 6, 4, 10638),
(2572, 1982, 6, 4, 7950),
(2573, 1982, 8, 1, 9612),
(2574, 1982, 8, 2, 7356),
(2575, 1982, 8, 3, 8052),
(2576, 1982, 8, 4, 7686),
(2577, 1982, 9, 1, 8604),
(2578, 1982, 9, 2, 5316),
(2579, 1982, 9, 3, 6768),
(2580, 1982, 9, 4, 6450),
(2581, 1982, 10, 1, 4044),
(2582, 1982, 10, 2, 3348),
(2583, 1982, 10, 3, 4002),
(2584, 1982, 10, 4, 4686),
(2585, 1982, 11, 1, 3432),
(2586, 1982, 11, 2, 2220),
(2587, 1982, 11, 3, 2706),
(2588, 1982, 11, 4, 2676),
(2589, 1982, 12, 1, 2526),
(2590, 1982, 12, 2, 1476),
(2591, 1982, 12, 3, 1740),
(2592, 1982, 12, 4, 2298),
(2593, 1983, 1, 1, 2928),
(2594, 1983, 1, 2, 1464),
(2595, 1983, 1, 3, 1716),
(2596, 1983, 1, 4, 2316),
(2597, 1983, 2, 1, 4296),
(2598, 1983, 2, 2, 3846),
(2599, 1983, 2, 3, 4782),
(2600, 1983, 2, 4, 3984),
(2601, 1983, 3, 1, 4878),
(2602, 1983, 3, 2, 3576),
(2603, 1983, 3, 3, 3924),
(2604, 1983, 3, 4, 3474),
(2605, 1983, 4, 1, 8160),
(2606, 1983, 4, 2, 7416),
(2607, 1983, 4, 3, 8520),
(2608, 1983, 4, 4, 9240),
(2609, 1983, 5, 1, 7374),
(2610, 1983, 5, 2, 5958),
(2611, 1983, 5, 3, 7380),
(2612, 1983, 5, 4, 7416),
(2613, 1983, 6, 1, 10170),
(2614, 1983, 6, 1, 13848),
(2615, 1983, 6, 2, 10350),
(2616, 1983, 6, 2, 8922),
(2617, 1983, 6, 3, 14376),
(2618, 1983, 6, 3, 8700),
(2619, 1983, 6, 4, 10542),
(2620, 1983, 6, 4, 7326),
(2621, 1983, 8, 1, 12876),
(2622, 1983, 8, 2, 8994),
(2623, 1983, 8, 3, 12882),
(2624, 1983, 8, 4, 8262),
(2625, 1983, 9, 1, 6450),
(2626, 1983, 9, 2, 4698),
(2627, 1983, 9, 3, 5700),
(2628, 1983, 9, 4, 4692),
(2629, 1983, 10, 1, 6522),
(2630, 1983, 10, 2, 3894),
(2631, 1983, 10, 3, 5448),
(2632, 1983, 10, 4, 5004),
(2633, 1983, 11, 1, 2562),
(2634, 1983, 11, 2, 2292),
(2635, 1983, 11, 3, 2658),
(2636, 1983, 11, 4, 2004),
(2637, 1983, 12, 1, 3078),
(2638, 1983, 12, 2, 1116),
(2639, 1983, 12, 3, 2544),
(2640, 1983, 12, 4, 1530),
(2641, 1984, 1, 1, 4020),
(2642, 1984, 1, 2, 1788),
(2643, 1984, 1, 3, 2724),
(2644, 1984, 1, 4, 2514),
(2645, 1984, 2, 1, 3582),
(2646, 1984, 2, 2, 2628),
(2647, 1984, 2, 3, 3210),
(2648, 1984, 2, 4, 2760),
(2649, 1984, 3, 1, 3432),
(2650, 1984, 3, 2, 3696),
(2651, 1984, 3, 3, 4086),
(2652, 1984, 3, 4, 4356),
(2653, 1984, 4, 1, 13026),
(2654, 1984, 4, 2, 10416),
(2655, 1984, 4, 3, 12798),
(2656, 1984, 4, 4, 10524),
(2657, 1984, 5, 1, 9726),
(2658, 1984, 5, 2, 11820),
(2659, 1984, 5, 3, 11874),
(2660, 1984, 5, 4, 14250),
(2661, 1984, 6, 1, 12546),
(2662, 1984, 6, 1, 14094),
(2663, 1984, 6, 2, 8232),
(2664, 1984, 6, 2, 9984),
(2665, 1984, 6, 3, 11124),
(2666, 1984, 6, 3, 15636),
(2667, 1984, 6, 4, 10872),
(2668, 1984, 6, 4, 8634),
(2669, 1984, 8, 1, 11550),
(2670, 1984, 8, 2, 9816),
(2671, 1984, 8, 3, 10974),
(2672, 1984, 8, 4, 8526),
(2673, 1984, 9, 1, 6426),
(2674, 1984, 9, 2, 4614),
(2675, 1984, 9, 3, 6546),
(2676, 1984, 9, 4, 5946),
(2677, 1984, 10, 1, 5754),
(2678, 1984, 10, 2, 4224),
(2679, 1984, 10, 3, 5274),
(2680, 1984, 10, 4, 5556),
(2681, 1984, 11, 1, 2976),
(2682, 1984, 11, 2, 1800),
(2683, 1984, 11, 3, 2634),
(2684, 1984, 11, 4, 2934),
(2685, 1984, 12, 1, 3186),
(2686, 1984, 12, 2, 1608),
(2687, 1984, 12, 3, 2496),
(2688, 1984, 12, 4, 1554),
(2689, 1985, 1, 1, 2838),
(2690, 1985, 1, 2, 2316),
(2691, 1985, 1, 3, 3180),
(2692, 1985, 1, 4, 3336),
(2693, 1985, 2, 1, 4566),
(2694, 1985, 2, 2, 4542),
(2695, 1985, 2, 3, 4974),
(2696, 1985, 2, 4, 3894),
(2697, 1985, 3, 1, 6468),
(2698, 1985, 3, 2, 5652),
(2699, 1985, 3, 3, 6684),
(2700, 1985, 3, 4, 5118),
(2701, 1985, 4, 1, 7686),
(2702, 1985, 4, 2, 6480),
(2703, 1985, 4, 3, 7338),
(2704, 1985, 4, 4, 7770),
(2705, 1985, 5, 1, 9582),
(2706, 1985, 5, 2, 9342),
(2707, 1985, 5, 3, 10266),
(2708, 1985, 5, 4, 9282),
(2709, 1985, 6, 1, 10020),
(2710, 1985, 6, 1, 11514),
(2711, 1985, 6, 2, 6024),
(2712, 1985, 6, 2, 9216),
(2713, 1985, 6, 3, 10518),
(2714, 1985, 6, 3, 9708),
(2715, 1985, 6, 4, 10080),
(2716, 1985, 6, 4, 6120),
(2717, 1985, 8, 1, 9564),
(2718, 1985, 8, 2, 6636),
(2719, 1985, 8, 3, 8124),
(2720, 1985, 8, 4, 6372),
(2721, 1985, 9, 1, 7728),
(2722, 1985, 9, 2, 4770),
(2723, 1985, 9, 3, 6852),
(2724, 1985, 9, 4, 4956),
(2725, 1985, 10, 1, 6060),
(2726, 1985, 10, 2, 5184),
(2727, 1985, 10, 3, 5394),
(2728, 1985, 10, 4, 4968),
(2729, 1985, 11, 1, 4848),
(2730, 1985, 11, 2, 2508),
(2731, 1985, 11, 3, 3648),
(2732, 1985, 11, 4, 3456),
(2733, 1985, 12, 1, 2142),
(2734, 1985, 12, 2, 1266),
(2735, 1985, 12, 3, 1902),
(2736, 1985, 12, 4, 2190),
(2737, 1986, 1, 1, 3486),
(2738, 1986, 1, 2, 1740),
(2739, 1986, 1, 3, 1986),
(2740, 1986, 1, 4, 2214),
(2741, 1986, 2, 1, 4128),
(2742, 1986, 2, 2, 4482),
(2743, 1986, 2, 3, 5856),
(2744, 1986, 2, 4, 4374),
(2745, 1986, 3, 1, 6996),
(2746, 1986, 3, 2, 6354),
(2747, 1986, 3, 3, 6348),
(2748, 1986, 3, 4, 6864),
(2749, 1986, 4, 1, 7668),
(2750, 1986, 4, 2, 7086),
(2751, 1986, 4, 3, 7446),
(2752, 1986, 4, 4, 9096),
(2753, 1986, 5, 1, 11286),
(2754, 1986, 5, 2, 8334),
(2755, 1986, 5, 3, 10494),
(2756, 1986, 5, 4, 9390),
(2757, 1986, 6, 1, 10152),
(2758, 1986, 6, 1, 12150),
(2759, 1986, 6, 2, 11154),
(2760, 1986, 6, 2, 7242),
(2761, 1986, 6, 3, 10398),
(2762, 1986, 6, 3, 7554),
(2763, 1986, 6, 4, 4932),
(2764, 1986, 6, 4, 9432),
(2765, 1986, 8, 1, 8040),
(2766, 1986, 8, 2, 7488),
(2767, 1986, 8, 3, 7224),
(2768, 1986, 8, 4, 7146),
(2769, 1986, 9, 1, 10014),
(2770, 1986, 9, 2, 7086),
(2771, 1986, 9, 3, 9054),
(2772, 1986, 9, 4, 9474),
(2773, 1986, 10, 1, 6642),
(2774, 1986, 10, 2, 5088),
(2775, 1986, 10, 3, 5586),
(2776, 1986, 10, 4, 6264),
(2777, 1986, 11, 1, 4404),
(2778, 1986, 11, 2, 2430),
(2779, 1986, 11, 3, 3948),
(2780, 1986, 11, 4, 4080),
(2781, 1986, 12, 1, 3126),
(2782, 1986, 12, 2, 1290),
(2783, 1986, 12, 3, 2292),
(2784, 1986, 12, 4, 1974),
(2785, 1987, 1, 1, 3042),
(2786, 1987, 1, 2, 1830),
(2787, 1987, 1, 3, 3150),
(2788, 1987, 1, 4, 2706),
(2789, 1987, 2, 1, 3858),
(2790, 1987, 2, 2, 3456),
(2791, 1987, 2, 3, 3654),
(2792, 1987, 2, 4, 3936),
(2793, 1987, 3, 1, 5964),
(2794, 1987, 3, 2, 5988),
(2795, 1987, 3, 3, 5250),
(2796, 1987, 3, 4, 4698),
(2797, 1987, 4, 1, 9252),
(2798, 1987, 4, 2, 6816),
(2799, 1987, 4, 3, 8958),
(2800, 1987, 4, 4, 6072),
(2801, 1987, 5, 1, 11226),
(2802, 1987, 5, 2, 10062),
(2803, 1987, 5, 3, 11484),
(2804, 1987, 5, 4, 10758),
(2805, 1987, 6, 1, 10164),
(2806, 1987, 6, 1, 7026),
(2807, 1987, 6, 2, 6438),
(2808, 1987, 6, 2, 6966),
(2809, 1987, 6, 3, 6642),
(2810, 1987, 6, 3, 9714),
(2811, 1987, 6, 4, 6402),
(2812, 1987, 6, 4, 6720),
(2813, 1987, 8, 1, 9054),
(2814, 1987, 8, 2, 7428),
(2815, 1987, 8, 3, 9456),
(2816, 1987, 8, 4, 6750),
(2817, 1987, 9, 1, 8766),
(2818, 1987, 9, 2, 8010),
(2819, 1987, 9, 3, 8256),
(2820, 1987, 9, 4, 9078),
(2821, 1987, 10, 1, 6228),
(2822, 1987, 10, 2, 4512),
(2823, 1987, 10, 3, 5814),
(2824, 1987, 10, 4, 6642),
(2825, 1987, 11, 1, 2898),
(2826, 1987, 11, 2, 2292),
(2827, 1987, 11, 3, 3342),
(2828, 1987, 11, 4, 2862),
(2829, 1987, 12, 1, 1842),
(2830, 1987, 12, 2, 1422),
(2831, 1987, 12, 3, 1986),
(2832, 1987, 12, 4, 1764),
(2833, 1988, 1, 1, 3090),
(2834, 1988, 1, 2, 2052),
(2835, 1988, 1, 3, 2730),
(2836, 1988, 1, 4, 3114),
(2837, 1988, 2, 1, 6522),
(2838, 1988, 2, 2, 3318),
(2839, 1988, 2, 3, 4992),
(2840, 1988, 2, 4, 4122),
(2841, 1988, 3, 1, 5520),
(2842, 1988, 3, 2, 5166),
(2843, 1988, 3, 3, 4926),
(2844, 1988, 3, 4, 4752),
(2845, 1988, 4, 1, 7776),
(2846, 1988, 4, 2, 7044),
(2847, 1988, 4, 3, 9150),
(2848, 1988, 4, 4, 8274),
(2849, 1988, 5, 1, 11550),
(2850, 1988, 5, 2, 11136),
(2851, 1988, 5, 3, 11664),
(2852, 1988, 5, 4, 10866),
(2853, 1988, 6, 1, 8760),
(2854, 1988, 6, 1, 9948),
(2855, 1988, 6, 2, 10338),
(2856, 1988, 6, 2, 6486),
(2857, 1988, 6, 3, 10782),
(2858, 1988, 6, 3, 7170),
(2859, 1988, 6, 4, 10614),
(2860, 1988, 6, 4, 6924),
(2861, 1988, 8, 1, 10662),
(2862, 1988, 8, 2, 6834),
(2863, 1988, 8, 3, 8832),
(2864, 1988, 8, 4, 6888),
(2865, 1988, 9, 1, 8286),
(2866, 1988, 9, 2, 6198),
(2867, 1988, 9, 3, 7824),
(2868, 1988, 9, 4, 6096),
(2869, 1988, 10, 1, 5946),
(2870, 1988, 10, 2, 3834),
(2871, 1988, 10, 3, 5730),
(2872, 1988, 10, 4, 5484),
(2873, 1988, 11, 1, 5172),
(2874, 1988, 11, 2, 3306),
(2875, 1988, 11, 3, 4734),
(2876, 1988, 11, 4, 3630),
(2877, 1988, 12, 1, 2454),
(2878, 1988, 12, 2, 1260),
(2879, 1988, 12, 3, 1338),
(2880, 1988, 12, 4, 1698),
(2881, 1989, 1, 1, 3696),
(2882, 1989, 1, 2, 1938),
(2883, 1989, 1, 3, 3288),
(2884, 1989, 1, 4, 2664),
(2885, 1989, 2, 1, 5484),
(2886, 1989, 2, 2, 4002),
(2887, 1989, 2, 3, 4716),
(2888, 1989, 2, 4, 4830),
(2889, 1989, 3, 1, 6162),
(2890, 1989, 3, 2, 5856),
(2891, 1989, 3, 3, 5466),
(2892, 1989, 3, 4, 6414),
(2893, 1989, 4, 1, 7926),
(2894, 1989, 4, 2, 7434),
(2895, 1989, 4, 3, 8694),
(2896, 1989, 4, 4, 7848),
(2897, 1989, 5, 1, 16134),
(2898, 1989, 5, 2, 12006),
(2899, 1989, 5, 3, 14388),
(2900, 1989, 5, 4, 13452),
(2901, 1989, 6, 1, 14058),
(2902, 1989, 6, 1, 15684),
(2903, 1989, 6, 2, 10386),
(2904, 1989, 6, 2, 12798),
(2905, 1989, 6, 3, 12912),
(2906, 1989, 6, 3, 15198),
(2907, 1989, 6, 4, 11346),
(2908, 1989, 6, 4, 13950),
(2909, 1989, 8, 1, 14112),
(2910, 1989, 8, 2, 7260),
(2911, 1989, 8, 3, 12636),
(2912, 1989, 8, 4, 6948),
(2913, 1989, 9, 1, 7686),
(2914, 1989, 9, 2, 6114),
(2915, 1989, 9, 3, 6720),
(2916, 1989, 9, 4, 5682),
(2917, 1989, 10, 1, 5376),
(2918, 1989, 10, 2, 3978),
(2919, 1989, 10, 3, 4068),
(2920, 1989, 10, 4, 3948),
(2921, 1989, 11, 1, 5034),
(2922, 1989, 11, 2, 3636),
(2923, 1989, 11, 3, 4452),
(2924, 1989, 11, 4, 2778),
(2925, 1989, 12, 1, 1548),
(2926, 1989, 12, 2, 1728),
(2927, 1989, 12, 3, 1638),
(2928, 1989, 12, 4, 1938),
(2929, 1990, 1, 1, 3246),
(2930, 1990, 1, 2, 1794),
(2931, 1990, 1, 3, 2598),
(2932, 1990, 1, 4, 2970),
(2933, 1990, 2, 1, 4620),
(2934, 1990, 2, 2, 3162),
(2935, 1990, 2, 3, 3534),
(2936, 1990, 2, 4, 3378),
(2937, 1990, 3, 1, 8268),
(2938, 1990, 3, 2, 4674),
(2939, 1990, 3, 3, 6330),
(2940, 1990, 3, 4, 4782),
(2941, 1990, 4, 1, 12390),
(2942, 1990, 4, 2, 9366),
(2943, 1990, 4, 3, 11058),
(2944, 1990, 4, 4, 9594),
(2945, 1990, 5, 1, 14664),
(2946, 1990, 5, 2, 11286),
(2947, 1990, 5, 3, 14616),
(2948, 1990, 5, 4, 11688),
(2949, 1990, 6, 1, 15672),
(2950, 1990, 6, 1, 7302),
(2951, 1990, 6, 2, 11922),
(2952, 1990, 6, 2, 6984),
(2953, 1990, 6, 3, 16086),
(2954, 1990, 6, 3, 7350),
(2955, 1990, 6, 4, 12540),
(2956, 1990, 6, 4, 8172),
(2957, 1990, 8, 1, 13026),
(2958, 1990, 8, 2, 6900),
(2959, 1990, 8, 3, 10398),
(2960, 1990, 8, 4, 6192),
(2961, 1990, 9, 1, 8700),
(2962, 1990, 9, 2, 5700),
(2963, 1990, 9, 3, 8832),
(2964, 1990, 9, 4, 6582),
(2965, 1990, 10, 1, 5880),
(2966, 1990, 10, 2, 3888),
(2967, 1990, 10, 3, 5004),
(2968, 1990, 10, 4, 3924),
(2969, 1990, 11, 1, 3648),
(2970, 1990, 11, 2, 2790),
(2971, 1990, 11, 3, 3618),
(2972, 1990, 11, 4, 3954),
(2973, 1990, 12, 1, 2706),
(2974, 1990, 12, 2, 1302),
(2975, 1990, 12, 3, 2208),
(2976, 1990, 12, 4, 2682),
(2977, 1991, 1, 1, 4020),
(2978, 1991, 1, 2, 2472),
(2979, 1991, 1, 3, 3474),
(2980, 1991, 1, 4, 3504),
(2981, 1991, 2, 1, 3450),
(2982, 1991, 2, 2, 3588),
(2983, 1991, 2, 3, 3948),
(2984, 1991, 2, 4, 3312),
(2985, 1991, 3, 1, 4998),
(2986, 1991, 3, 2, 4422),
(2987, 1991, 3, 3, 5052),
(2988, 1991, 3, 4, 4866),
(2989, 1991, 4, 1, 8928),
(2990, 1991, 4, 2, 8670),
(2991, 1991, 4, 3, 8364),
(2992, 1991, 4, 4, 8640),
(2993, 1991, 5, 1, 8316),
(2994, 1991, 5, 2, 9150),
(2995, 1991, 5, 3, 9420),
(2996, 1991, 5, 4, 9228),
(2997, 1991, 6, 1, 11400),
(2998, 1991, 6, 1, 8130),
(2999, 1991, 6, 2, 7782),
(3000, 1991, 6, 2, 8226),
(3001, 1991, 6, 3, 7806),
(3002, 1991, 6, 3, 9258),
(3003, 1991, 6, 4, 7416),
(3004, 1991, 6, 4, 7998),
(3005, 1991, 8, 1, 12744),
(3006, 1991, 8, 2, 8478),
(3007, 1991, 8, 3, 10860),
(3008, 1991, 8, 4, 9108),
(3009, 1991, 9, 1, 10416),
(3010, 1991, 9, 2, 8094),
(3011, 1991, 9, 3, 9828),
(3012, 1991, 9, 4, 9864),
(3013, 1991, 10, 1, 4890),
(3014, 1991, 10, 2, 3606),
(3015, 1991, 10, 3, 4962),
(3016, 1991, 10, 4, 4350),
(3017, 1991, 11, 1, 3150),
(3018, 1991, 11, 2, 2310),
(3019, 1991, 11, 3, 2442),
(3020, 1991, 11, 4, 3150),
(3021, 1991, 12, 1, 2604),
(3022, 1991, 12, 2, 1200),
(3023, 1991, 12, 3, 2058),
(3024, 1991, 12, 4, 1386),
(3025, 1992, 1, 1, 2988),
(3026, 1992, 1, 2, 2286),
(3027, 1992, 1, 3, 3330),
(3028, 1992, 1, 4, 1638),
(3029, 1992, 2, 1, 3930),
(3030, 1992, 2, 2, 3084),
(3031, 1992, 2, 3, 3156),
(3032, 1992, 2, 4, 3102),
(3033, 1992, 3, 1, 4476),
(3034, 1992, 3, 2, 3828),
(3035, 1992, 3, 3, 3822),
(3036, 1992, 3, 4, 3996),
(3037, 1992, 4, 1, 7464),
(3038, 1992, 4, 2, 5394),
(3039, 1992, 4, 3, 6954),
(3040, 1992, 4, 4, 4920),
(3041, 1992, 5, 1, 14922),
(3042, 1992, 5, 2, 12960),
(3043, 1992, 5, 3, 14034),
(3044, 1992, 5, 4, 11214),
(3045, 1992, 6, 1, 12576),
(3046, 1992, 6, 1, 9594),
(3047, 1992, 6, 2, 10128),
(3048, 1992, 6, 2, 6846),
(3049, 1992, 6, 3, 11880),
(3050, 1992, 6, 3, 8796),
(3051, 1992, 6, 4, 7620),
(3052, 1992, 6, 4, 9708),
(3053, 1992, 8, 1, 9714),
(3054, 1992, 8, 2, 7908),
(3055, 1992, 8, 3, 9018),
(3056, 1992, 8, 4, 8940),
(3057, 1992, 9, 1, 6900),
(3058, 1992, 9, 2, 5004),
(3059, 1992, 9, 3, 6060),
(3060, 1992, 9, 4, 5640),
(3061, 1992, 10, 1, 5604),
(3062, 1992, 10, 2, 4296),
(3063, 1992, 10, 3, 4428),
(3064, 1992, 10, 4, 4908),
(3065, 1992, 11, 1, 3462),
(3066, 1992, 11, 2, 2358),
(3067, 1992, 11, 3, 2478),
(3068, 1992, 11, 4, 2724),
(3069, 1992, 12, 1, 2424),
(3070, 1992, 12, 2, 1386),
(3071, 1992, 12, 3, 2766),
(3072, 1992, 12, 4, 1992),
(3073, 1993, 1, 1, 2250),
(3074, 1993, 1, 2, 1410),
(3075, 1993, 1, 3, 1614),
(3076, 1993, 1, 4, 1998),
(3077, 1993, 2, 1, 2868),
(3078, 1993, 2, 2, 2088),
(3079, 1993, 2, 3, 2628),
(3080, 1993, 2, 4, 1464),
(3081, 1993, 3, 1, 6912),
(3082, 1993, 3, 2, 5730),
(3083, 1993, 3, 3, 5370),
(3084, 1993, 3, 4, 4932),
(3085, 1993, 4, 1, 6822),
(3086, 1993, 4, 2, 6264),
(3087, 1993, 4, 3, 7218),
(3088, 1993, 4, 4, 6936),
(3089, 1993, 5, 1, 10446),
(3090, 1993, 5, 2, 8472),
(3091, 1993, 5, 3, 9252),
(3092, 1993, 5, 4, 8262),
(3093, 1993, 6, 1, 10248),
(3094, 1993, 6, 1, 11616),
(3095, 1993, 6, 2, 6444),
(3096, 1993, 6, 2, 6552),
(3097, 1993, 6, 3, 10884),
(3098, 1993, 6, 3, 9018),
(3099, 1993, 6, 4, 5958),
(3100, 1993, 6, 4, 6228),
(3101, 1993, 8, 1, 11238),
(3102, 1993, 8, 2, 7206),
(3103, 1993, 8, 3, 9630),
(3104, 1993, 8, 4, 8250),
(3105, 1993, 9, 1, 5994),
(3106, 1993, 9, 2, 6306),
(3107, 1993, 9, 3, 6594),
(3108, 1993, 9, 4, 5910),
(3109, 1993, 10, 1, 6408),
(3110, 1993, 10, 2, 4566),
(3111, 1993, 10, 3, 6558),
(3112, 1993, 10, 4, 5508),
(3113, 1993, 11, 1, 3318),
(3114, 1993, 11, 2, 2886),
(3115, 1993, 11, 3, 3582),
(3116, 1993, 11, 4, 3408),
(3117, 1993, 12, 1, 2652),
(3118, 1993, 12, 2, 1380),
(3119, 1993, 12, 3, 1590),
(3120, 1993, 12, 4, 1986),
(3121, 1994, 1, 1, 3846),
(3122, 1994, 1, 2, 1656),
(3123, 1994, 1, 3, 3078),
(3124, 1994, 1, 4, 2676),
(3125, 1994, 2, 1, 3816),
(3126, 1994, 2, 2, 3288),
(3127, 1994, 2, 3, 3360),
(3128, 1994, 2, 4, 2262),
(3129, 1994, 3, 1, 6882),
(3130, 1994, 3, 2, 5250),
(3131, 1994, 3, 3, 5952),
(3132, 1994, 3, 4, 5712),
(3133, 1994, 4, 1, 9966),
(3134, 1994, 4, 2, 7596),
(3135, 1994, 4, 3, 9240),
(3136, 1994, 4, 4, 9864),
(3137, 1994, 5, 1, 9030),
(3138, 1994, 5, 2, 12228),
(3139, 1994, 5, 3, 8598),
(3140, 1994, 5, 4, 9498),
(3141, 1994, 6, 1, 12912),
(3142, 1994, 6, 1, 13398),
(3143, 1994, 6, 2, 8466),
(3144, 1994, 6, 2, 8868),
(3145, 1994, 6, 3, 11676),
(3146, 1994, 6, 3, 9834),
(3147, 1994, 6, 4, 6288),
(3148, 1994, 6, 4, 7524),
(3149, 1994, 8, 1, 10242),
(3150, 1994, 8, 2, 7818),
(3151, 1994, 8, 3, 9072),
(3152, 1994, 8, 4, 7194),
(3153, 1994, 9, 1, 6594),
(3154, 1994, 9, 2, 6336),
(3155, 1994, 9, 3, 6144),
(3156, 1994, 9, 4, 6840),
(3157, 1994, 10, 1, 6900),
(3158, 1994, 10, 2, 4302),
(3159, 1994, 10, 3, 7152),
(3160, 1994, 10, 4, 5838),
(3161, 1994, 11, 1, 2592),
(3162, 1994, 11, 2, 2106),
(3163, 1994, 11, 3, 2172),
(3164, 1994, 11, 4, 3210),
(3165, 1994, 12, 1, 3204),
(3166, 1994, 12, 2, 1710),
(3167, 1994, 12, 3, 2346),
(3168, 1994, 12, 4, 2364),
(3169, 1995, 1, 1, 3054),
(3170, 1995, 1, 2, 1932),
(3171, 1995, 1, 3, 2112),
(3172, 1995, 1, 4, 1902),
(3173, 1995, 2, 1, 4410),
(3174, 1995, 2, 2, 3630),
(3175, 1995, 2, 3, 2874),
(3176, 1995, 2, 4, 3402),
(3177, 1995, 3, 1, 9588),
(3178, 1995, 3, 2, 5562),
(3179, 1995, 3, 3, 7518),
(3180, 1995, 3, 4, 5298),
(3181, 1995, 4, 1, 10386),
(3182, 1995, 4, 2, 7212),
(3183, 1995, 4, 3, 10458),
(3184, 1995, 4, 4, 9192),
(3185, 1995, 5, 1, 12576),
(3186, 1995, 5, 2, 9894),
(3187, 1995, 5, 3, 10986),
(3188, 1995, 5, 4, 9774),
(3189, 1995, 6, 1, 11790),
(3190, 1995, 6, 1, 13794),
(3191, 1995, 6, 2, 10872),
(3192, 1995, 6, 2, 12744),
(3193, 1995, 6, 3, 11718),
(3194, 1995, 6, 3, 12972),
(3195, 1995, 6, 4, 13044),
(3196, 1995, 6, 4, 9252),
(3197, 1995, 8, 1, 16140),
(3198, 1995, 8, 2, 13104),
(3199, 1995, 8, 3, 15948),
(3200, 1995, 8, 4, 14016),
(3201, 1995, 9, 1, 7854),
(3202, 1995, 9, 2, 5742),
(3203, 1995, 9, 3, 8106),
(3204, 1995, 9, 4, 7584),
(3205, 1995, 10, 1, 7320),
(3206, 1995, 10, 2, 4536),
(3207, 1995, 10, 3, 6492),
(3208, 1995, 10, 4, 5346),
(3209, 1995, 11, 1, 3960),
(3210, 1995, 11, 2, 2502),
(3211, 1995, 11, 3, 4002),
(3212, 1995, 11, 4, 2652),
(3213, 1995, 12, 1, 2340),
(3214, 1995, 12, 2, 2124),
(3215, 1995, 12, 3, 2724),
(3216, 1995, 12, 4, 2508),
(3217, 1996, 1, 1, 1212),
(3218, 1996, 1, 2, 1218),
(3219, 1996, 1, 3, 1356),
(3220, 1996, 1, 4, 1290),
(3221, 1996, 2, 1, 5154),
(3222, 1996, 2, 2, 4284),
(3223, 1996, 2, 3, 5334),
(3224, 1996, 2, 4, 5808),
(3225, 1996, 3, 1, 3714),
(3226, 1996, 3, 2, 3876),
(3227, 1996, 3, 3, 3924),
(3228, 1996, 3, 4, 3012),
(3229, 1996, 4, 1, 7896),
(3230, 1996, 4, 2, 5940),
(3231, 1996, 4, 3, 7422),
(3232, 1996, 4, 4, 6996),
(3233, 1996, 5, 1, 10632),
(3234, 1996, 5, 2, 10194),
(3235, 1996, 5, 3, 11154),
(3236, 1996, 5, 4, 11052),
(3237, 1996, 6, 1, 13344),
(3238, 1996, 6, 1, 14478),
(3239, 1996, 6, 2, 11220),
(3240, 1996, 6, 2, 8586),
(3241, 1996, 6, 3, 12324),
(3242, 1996, 6, 3, 13104),
(3243, 1996, 6, 4, 11142),
(3244, 1996, 6, 4, 8394),
(3245, 1996, 8, 1, 11580),
(3246, 1996, 8, 2, 7374),
(3247, 1996, 8, 3, 10488),
(3248, 1996, 8, 4, 5922),
(3249, 1996, 9, 1, 8034),
(3250, 1996, 9, 2, 8280),
(3251, 1996, 9, 3, 9336),
(3252, 1996, 9, 4, 8784),
(3253, 1996, 10, 1, 6750),
(3254, 1996, 10, 2, 3918),
(3255, 1996, 10, 3, 4578),
(3256, 1996, 10, 4, 3660),
(3257, 1996, 11, 1, 5088),
(3258, 1996, 11, 2, 3588),
(3259, 1996, 11, 3, 3912),
(3260, 1996, 11, 4, 3840),
(3261, 1996, 12, 1, 2892),
(3262, 1996, 12, 2, 1752),
(3263, 1996, 12, 3, 3102),
(3264, 1996, 12, 4, 2250),
(3265, 1997, 1, 1, 2736),
(3266, 1997, 1, 2, 1914),
(3267, 1997, 1, 3, 3156),
(3268, 1997, 1, 4, 1362),
(3269, 1997, 2, 1, 3972),
(3270, 1997, 2, 2, 3444),
(3271, 1997, 2, 3, 3408),
(3272, 1997, 2, 4, 3864),
(3273, 1997, 3, 1, 7656),
(3274, 1997, 3, 2, 5622),
(3275, 1997, 3, 3, 6792),
(3276, 1997, 3, 4, 5166),
(3277, 1997, 4, 1, 9918),
(3278, 1997, 4, 2, 6258),
(3279, 1997, 4, 3, 9144),
(3280, 1997, 4, 4, 4866),
(3281, 1997, 5, 1, 14070),
(3282, 1997, 5, 2, 10056),
(3283, 1997, 5, 3, 13182),
(3284, 1997, 5, 4, 12480),
(3285, 1997, 6, 1, 13350),
(3286, 1997, 6, 1, 8076),
(3287, 1997, 6, 2, 8688),
(3288, 1997, 6, 2, 9102),
(3289, 1997, 6, 3, 12840),
(3290, 1997, 6, 3, 6852),
(3291, 1997, 6, 4, 7830),
(3292, 1997, 6, 4, 8796),
(3293, 1997, 8, 1, 11130),
(3294, 1997, 8, 2, 10248),
(3295, 1997, 8, 3, 10026),
(3296, 1997, 8, 4, 10914),
(3297, 1997, 9, 1, 9534),
(3298, 1997, 9, 2, 7908),
(3299, 1997, 9, 3, 7662),
(3300, 1997, 9, 4, 7938),
(3301, 1997, 10, 1, 7800),
(3302, 1997, 10, 2, 5562),
(3303, 1997, 10, 3, 7044),
(3304, 1997, 10, 4, 4674),
(3305, 1997, 11, 1, 2850),
(3306, 1997, 11, 2, 1728),
(3307, 1997, 11, 3, 2448),
(3308, 1997, 11, 4, 2004),
(3309, 1997, 12, 1, 2448),
(3310, 1997, 12, 2, 1290),
(3311, 1997, 12, 3, 2430),
(3312, 1997, 12, 4, 1878),
(3313, 1998, 1, 1, 3066),
(3314, 1998, 1, 2, 1752),
(3315, 1998, 1, 3, 2976),
(3316, 1998, 1, 4, 2646),
(3317, 1998, 2, 1, 5460),
(3318, 1998, 2, 2, 2166),
(3319, 1998, 2, 3, 4356),
(3320, 1998, 2, 4, 2976),
(3321, 1998, 3, 1, 4650),
(3322, 1998, 3, 2, 3840),
(3323, 1998, 3, 3, 4308),
(3324, 1998, 3, 4, 3102),
(3325, 1998, 4, 1, 7200),
(3326, 1998, 4, 2, 7920),
(3327, 1998, 4, 3, 8010),
(3328, 1998, 4, 4, 8202),
(3329, 1998, 5, 1, 12084),
(3330, 1998, 5, 2, 9480),
(3331, 1998, 5, 3, 12840),
(3332, 1998, 5, 4, 9366),
(3333, 1998, 6, 1, 8346),
(3334, 1998, 6, 1, 9252),
(3335, 1998, 6, 2, 6294),
(3336, 1998, 6, 2, 8412),
(3337, 1998, 6, 3, 7668),
(3338, 1998, 6, 3, 8154),
(3339, 1998, 6, 4, 6336),
(3340, 1998, 6, 4, 8442),
(3341, 1998, 8, 1, 12396),
(3342, 1998, 8, 2, 7170),
(3343, 1998, 8, 3, 11448),
(3344, 1998, 8, 4, 7878),
(3345, 1998, 9, 1, 7200),
(3346, 1998, 9, 2, 6324),
(3347, 1998, 9, 3, 6936),
(3348, 1998, 9, 4, 6402),
(3349, 1998, 10, 1, 5916),
(3350, 1998, 10, 2, 5778),
(3351, 1998, 10, 3, 5220),
(3352, 1998, 10, 4, 6126),
(3353, 1998, 11, 1, 4404),
(3354, 1998, 11, 2, 3054),
(3355, 1998, 11, 3, 3720),
(3356, 1998, 11, 4, 3570),
(3357, 1998, 12, 1, 2388),
(3358, 1998, 12, 2, 1482),
(3359, 1998, 12, 3, 1728),
(3360, 1998, 12, 4, 1530),
(3361, 1999, 1, 1, 3636),
(3362, 1999, 1, 2, 1962),
(3363, 1999, 1, 3, 2532),
(3364, 1999, 1, 4, 2334),
(3365, 1999, 2, 1, 4980),
(3366, 1999, 2, 2, 4200),
(3367, 1999, 2, 3, 3282),
(3368, 1999, 2, 4, 3264),
(3369, 1999, 3, 1, 6486),
(3370, 1999, 3, 2, 6150),
(3371, 1999, 3, 3, 5586),
(3372, 1999, 3, 4, 7092),
(3373, 1999, 4, 1, 9294),
(3374, 1999, 4, 2, 7818),
(3375, 1999, 4, 3, 8670),
(3376, 1999, 4, 4, 8790),
(3377, 1999, 5, 1, 9852),
(3378, 1999, 5, 2, 9384),
(3379, 1999, 5, 3, 7920),
(3380, 1999, 5, 4, 8376),
(3381, 1999, 6, 1, 11412),
(3382, 1999, 6, 1, 14016),
(3383, 1999, 6, 2, 8022),
(3384, 1999, 6, 2, 9684),
(3385, 1999, 6, 3, 10500),
(3386, 1999, 6, 3, 13578),
(3387, 1999, 6, 4, 10566),
(3388, 1999, 6, 4, 7314),
(3389, 1999, 8, 1, 9228),
(3390, 1999, 8, 2, 8964),
(3391, 1999, 8, 3, 8646),
(3392, 1999, 8, 4, 7002),
(3393, 1999, 9, 1, 9360),
(3394, 1999, 9, 2, 5988),
(3395, 1999, 9, 3, 9000),
(3396, 1999, 9, 4, 6006),
(3397, 1999, 10, 1, 7506),
(3398, 1999, 10, 2, 3906),
(3399, 1999, 10, 3, 6750),
(3400, 1999, 10, 4, 4860),
(3401, 1999, 11, 1, 4302),
(3402, 1999, 11, 2, 2508),
(3403, 1999, 11, 3, 3672),
(3404, 1999, 11, 4, 2988),
(3405, 1999, 12, 1, 3612),
(3406, 1999, 12, 2, 1812),
(3407, 1999, 12, 3, 2136),
(3408, 1999, 12, 4, 2028),
(3409, 2000, 1, 1, 4116),
(3410, 2000, 1, 2, 2502),
(3411, 2000, 1, 3, 2748),
(3412, 2000, 1, 4, 2130),
(3413, 2000, 2, 1, 5700),
(3414, 2000, 2, 2, 3552),
(3415, 2000, 2, 3, 4860),
(3416, 2000, 2, 4, 3924),
(3417, 2000, 3, 1, 7098),
(3418, 2000, 3, 2, 4860),
(3419, 2000, 3, 3, 6720),
(3420, 2000, 3, 4, 4440),
(3421, 2000, 4, 1, 8202),
(3422, 2000, 4, 2, 7548),
(3423, 2000, 4, 3, 8490),
(3424, 2000, 4, 4, 8154),
(3425, 2000, 5, 1, 11508),
(3426, 2000, 5, 2, 13758),
(3427, 2000, 5, 3, 12180),
(3428, 2000, 5, 4, 14670),
(3429, 2000, 6, 1, 9222),
(3430, 2000, 6, 1, 9906),
(3431, 2000, 6, 2, 8496),
(3432, 2000, 6, 2, 8802),
(3433, 2000, 6, 3, 10944),
(3434, 2000, 6, 3, 9498),
(3435, 2000, 6, 4, 8088),
(3436, 2000, 6, 4, 8640),
(3437, 2000, 8, 1, 11628),
(3438, 2000, 8, 2, 8124),
(3439, 2000, 8, 3, 10278),
(3440, 2000, 8, 4, 10122),
(3441, 2000, 9, 1, 6948),
(3442, 2000, 9, 2, 5802),
(3443, 2000, 9, 3, 6264),
(3444, 2000, 9, 4, 6390),
(3445, 2000, 10, 1, 5520),
(3446, 2000, 10, 2, 4794),
(3447, 2000, 10, 3, 4656),
(3448, 2000, 10, 4, 5562),
(3449, 2000, 11, 1, 3636),
(3450, 2000, 11, 2, 2952),
(3451, 2000, 11, 3, 2298),
(3452, 2000, 11, 4, 2076),
(3453, 2000, 12, 1, 2808),
(3454, 2000, 12, 2, 1704),
(3455, 2000, 12, 3, 1986),
(3456, 2000, 12, 4, 1938),
(3457, 2001, 1, 1, 4524),
(3458, 2001, 1, 2, 3138),
(3459, 2001, 1, 3, 4134),
(3460, 2001, 1, 4, 3990),
(3461, 2001, 2, 1, 5238),
(3462, 2001, 2, 2, 4578),
(3463, 2001, 2, 3, 4998),
(3464, 2001, 2, 4, 5274),
(3465, 2001, 3, 1, 5382),
(3466, 2001, 3, 2, 7098),
(3467, 2001, 3, 3, 5568),
(3468, 2001, 3, 4, 6852),
(3469, 2001, 4, 1, 8040),
(3470, 2001, 4, 2, 8256),
(3471, 2001, 4, 3, 8298),
(3472, 2001, 4, 4, 7752),
(3473, 2001, 5, 1, 13764),
(3474, 2001, 5, 2, 12666),
(3475, 2001, 5, 3, 12372),
(3476, 2001, 5, 4, 12174),
(3477, 2001, 6, 1, 11610),
(3478, 2001, 6, 1, 11682),
(3479, 2001, 6, 2, 6438),
(3480, 2001, 6, 2, 7884),
(3481, 2001, 6, 3, 10062),
(3482, 2001, 6, 3, 10824),
(3483, 2001, 6, 4, 7074),
(3484, 2001, 6, 4, 7908),
(3485, 2001, 8, 1, 10884),
(3486, 2001, 8, 2, 7728),
(3487, 2001, 8, 3, 9336),
(3488, 2001, 8, 4, 8862),
(3489, 2001, 9, 1, 6864),
(3490, 2001, 9, 2, 5754),
(3491, 2001, 9, 3, 6576),
(3492, 2001, 9, 4, 6966),
(3493, 2001, 10, 1, 6276),
(3494, 2001, 10, 2, 3762),
(3495, 2001, 10, 3, 5850),
(3496, 2001, 10, 4, 4380),
(3497, 2001, 11, 1, 4122),
(3498, 2001, 11, 2, 2274),
(3499, 2001, 11, 3, 2886),
(3500, 2001, 11, 4, 2322),
(3501, 2001, 12, 1, 4542),
(3502, 2001, 12, 2, 2622),
(3503, 2001, 12, 3, 4410),
(3504, 2001, 12, 4, 3588),
(3505, 2002, 1, 1, 2550),
(3506, 2002, 1, 2, 1674),
(3507, 2002, 1, 3, 1986),
(3508, 2002, 1, 4, 2508),
(3509, 2002, 2, 1, 4686),
(3510, 2002, 2, 2, 3222),
(3511, 2002, 2, 3, 3498),
(3512, 2002, 2, 4, 4170),
(3513, 2002, 3, 1, 6828),
(3514, 2002, 3, 2, 6288),
(3515, 2002, 3, 3, 6216),
(3516, 2002, 3, 4, 6990),
(3517, 2002, 4, 1, 11610),
(3518, 2002, 4, 2, 8328),
(3519, 2002, 4, 3, 9822),
(3520, 2002, 4, 4, 9564),
(3521, 2002, 5, 1, 10890),
(3522, 2002, 5, 2, 9588),
(3523, 2002, 5, 3, 10302),
(3524, 2002, 5, 4, 10164),
(3525, 2002, 6, 1, 10020),
(3526, 2002, 6, 1, 10026),
(3527, 2002, 6, 2, 6030),
(3528, 2002, 6, 2, 7740),
(3529, 2002, 6, 3, 8484),
(3530, 2002, 6, 3, 8700),
(3531, 2002, 6, 4, 6288),
(3532, 2002, 6, 4, 7368),
(3533, 2002, 8, 1, 9588),
(3534, 2002, 8, 2, 8022),
(3535, 2002, 8, 3, 8946),
(3536, 2002, 8, 4, 7698),
(3537, 2002, 9, 1, 9306),
(3538, 2002, 9, 2, 6606),
(3539, 2002, 9, 3, 9096),
(3540, 2002, 9, 4, 7446),
(3541, 2002, 10, 1, 5658),
(3542, 2002, 10, 2, 4434),
(3543, 2002, 10, 3, 5298),
(3544, 2002, 10, 4, 4572),
(3545, 2002, 11, 1, 3282),
(3546, 2002, 11, 2, 2334),
(3547, 2002, 11, 3, 3510),
(3548, 2002, 11, 4, 2778),
(3549, 2002, 12, 1, 2022),
(3550, 2002, 12, 2, 1398),
(3551, 2002, 12, 3, 2274),
(3552, 2002, 12, 4, 2148),
(3553, 2003, 1, 1, 4266),
(3554, 2003, 1, 2, 2376),
(3555, 2003, 1, 3, 4014),
(3556, 2003, 1, 4, 3402),
(3557, 2003, 2, 1, 5796),
(3558, 2003, 2, 2, 5502),
(3559, 2003, 2, 3, 5232),
(3560, 2003, 2, 4, 4884),
(3561, 2003, 3, 1, 9906),
(3562, 2003, 3, 2, 8652),
(3563, 2003, 3, 3, 9966),
(3564, 2003, 3, 4, 9132),
(3565, 2003, 4, 1, 11520),
(3566, 2003, 4, 2, 9936),
(3567, 2003, 4, 3, 11232),
(3568, 2003, 4, 4, 10122),
(3569, 2003, 5, 1, 11550),
(3570, 2003, 5, 2, 8466),
(3571, 2003, 5, 3, 10416),
(3572, 2003, 5, 4, 7944),
(3573, 2003, 6, 1, 10740),
(3574, 2003, 6, 1, 12762),
(3575, 2003, 6, 2, 8280),
(3576, 2003, 6, 2, 9804),
(3577, 2003, 6, 3, 11334),
(3578, 2003, 6, 3, 7932),
(3579, 2003, 6, 4, 6834),
(3580, 2003, 6, 4, 9306),
(3581, 2003, 8, 1, 12666),
(3582, 2003, 8, 2, 10932),
(3583, 2003, 8, 3, 11124),
(3584, 2003, 8, 4, 10944),
(3585, 2003, 9, 1, 10248),
(3586, 2003, 9, 2, 6900),
(3587, 2003, 9, 3, 8142),
(3588, 2003, 9, 4, 6018),
(3589, 2003, 10, 1, 8022),
(3590, 2003, 10, 2, 6384),
(3591, 2003, 10, 3, 6546),
(3592, 2003, 10, 4, 5712),
(3593, 2003, 11, 1, 4110),
(3594, 2003, 11, 2, 3480),
(3595, 2003, 11, 3, 3630),
(3596, 2003, 11, 4, 4116),
(3597, 2003, 12, 1, 3210),
(3598, 2003, 12, 2, 1914),
(3599, 2003, 12, 3, 2592),
(3600, 2003, 12, 4, 2442),
(3601, 2004, 1, 1, 3054),
(3602, 2004, 1, 2, 1806),
(3603, 2004, 1, 3, 2436),
(3604, 2004, 1, 4, 2232),
(3605, 2004, 2, 1, 5202),
(3606, 2004, 2, 2, 4884),
(3607, 2004, 2, 3, 5892),
(3608, 2004, 2, 4, 6066),
(3609, 2004, 3, 1, 6420),
(3610, 2004, 3, 2, 6588),
(3611, 2004, 3, 3, 6924),
(3612, 2004, 3, 4, 7344),
(3613, 2004, 4, 1, 8148),
(3614, 2004, 4, 2, 6288),
(3615, 2004, 4, 3, 7032),
(3616, 2004, 4, 4, 8106),
(3617, 2004, 5, 1, 12264),
(3618, 2004, 5, 2, 11028),
(3619, 2004, 5, 3, 12348),
(3620, 2004, 5, 4, 10932),
(3621, 2004, 6, 1, 10128),
(3622, 2004, 6, 1, 12006),
(3623, 2004, 6, 2, 7134),
(3624, 2004, 6, 2, 7920),
(3625, 2004, 6, 3, 11196),
(3626, 2004, 6, 3, 8904),
(3627, 2004, 6, 4, 7938),
(3628, 2004, 6, 4, 7944),
(3629, 2004, 8, 1, 10524),
(3630, 2004, 8, 2, 8832),
(3631, 2004, 8, 3, 9792),
(3632, 2004, 8, 4, 8034),
(3633, 2004, 9, 1, 9588),
(3634, 2004, 9, 2, 7140),
(3635, 2004, 9, 3, 7848),
(3636, 2004, 9, 4, 6762),
(3637, 2004, 10, 1, 5796),
(3638, 2004, 10, 2, 3660),
(3639, 2004, 10, 3, 5502),
(3640, 2004, 10, 4, 4794),
(3641, 2004, 11, 1, 2982),
(3642, 2004, 11, 2, 2544),
(3643, 2004, 11, 3, 2220),
(3644, 2004, 11, 4, 2178),
(3645, 2004, 12, 1, 3180),
(3646, 2004, 12, 2, 2010),
(3647, 2004, 12, 3, 2748),
(3648, 2004, 12, 4, 2310),
(3649, 2005, 1, 1, 3492),
(3650, 2005, 1, 2, 1974),
(3651, 2005, 1, 3, 2676),
(3652, 2005, 1, 4, 2256),
(3653, 2005, 2, 1, 4356),
(3654, 2005, 2, 2, 3834),
(3655, 2005, 2, 3, 4062),
(3656, 2005, 2, 4, 4074),
(3657, 2005, 3, 1, 4752),
(3658, 2005, 3, 2, 5106),
(3659, 2005, 3, 3, 4896),
(3660, 2005, 3, 4, 5364),
(3661, 2005, 4, 1, 8844),
(3662, 2005, 4, 2, 8970),
(3663, 2005, 4, 3, 8628),
(3664, 2005, 4, 4, 8442),
(3665, 2005, 5, 1, 13050),
(3666, 2005, 5, 2, 11154),
(3667, 2005, 5, 3, 12684),
(3668, 2005, 5, 4, 10986),
(3669, 2005, 6, 1, 10710),
(3670, 2005, 6, 1, 11580),
(3671, 2005, 6, 2, 8100),
(3672, 2005, 6, 2, 8640),
(3673, 2005, 6, 3, 10602),
(3674, 2005, 6, 3, 10662),
(3675, 2005, 6, 4, 6996),
(3676, 2005, 6, 4, 7524),
(3677, 2005, 8, 1, 12702),
(3678, 2005, 8, 2, 8592),
(3679, 2005, 8, 3, 12228),
(3680, 2005, 8, 4, 7662),
(3681, 2005, 9, 1, 9192),
(3682, 2005, 9, 2, 6102),
(3683, 2005, 9, 3, 8058),
(3684, 2005, 9, 4, 6036),
(3685, 2005, 10, 1, 4920),
(3686, 2005, 10, 2, 3582),
(3687, 2005, 10, 3, 4548),
(3688, 2005, 10, 4, 3924),
(3689, 2005, 11, 1, 5574),
(3690, 2005, 11, 2, 3318),
(3691, 2005, 11, 3, 4668),
(3692, 2005, 11, 4, 4530),
(3693, 2005, 12, 1, 3570),
(3694, 2005, 12, 2, 1824),
(3695, 2005, 12, 3, 2496),
(3696, 2005, 12, 4, 1992),
(3697, 2006, 1, 1, 2982),
(3698, 2006, 1, 2, 2058),
(3699, 2006, 1, 3, 3546),
(3700, 2006, 1, 4, 2442),
(3701, 2006, 2, 1, 4122),
(3702, 2006, 2, 2, 3816),
(3703, 2006, 2, 3, 3948),
(3704, 2006, 2, 4, 5256),
(3705, 2006, 3, 1, 5928),
(3706, 2006, 3, 2, 4338),
(3707, 2006, 3, 3, 5322),
(3708, 2006, 3, 4, 5424),
(3709, 2006, 4, 1, 9594),
(3710, 2006, 4, 2, 10260),
(3711, 2006, 4, 3, 9834),
(3712, 2006, 4, 4, 9822),
(3713, 2006, 5, 1, 10488),
(3714, 2006, 5, 2, 11418),
(3715, 2006, 5, 3, 9738),
(3716, 2006, 5, 4, 11166),
(3717, 2006, 6, 1, 13842),
(3718, 2006, 6, 1, 17514),
(3719, 2006, 6, 2, 10590),
(3720, 2006, 6, 2, 11712),
(3721, 2006, 6, 3, 13428),
(3722, 2006, 6, 3, 15666),
(3723, 2006, 6, 4, 11448),
(3724, 2006, 6, 4, 12462),
(3725, 2006, 8, 1, 9228),
(3726, 2006, 8, 2, 6978),
(3727, 2006, 8, 3, 8184),
(3728, 2006, 8, 4, 6678),
(3729, 2006, 9, 1, 9534),
(3730, 2006, 9, 2, 6726),
(3731, 2006, 9, 3, 8928),
(3732, 2006, 9, 4, 6498),
(3733, 2006, 10, 1, 5766),
(3734, 2006, 10, 2, 4146),
(3735, 2006, 10, 3, 5538),
(3736, 2006, 10, 4, 5226),
(3737, 2006, 11, 1, 5706),
(3738, 2006, 11, 2, 3162),
(3739, 2006, 11, 3, 4842),
(3740, 2006, 11, 4, 4044),
(3741, 2006, 12, 1, 2856),
(3742, 2006, 12, 2, 2292),
(3743, 2006, 12, 3, 2052),
(3744, 2006, 12, 4, 2640),
(3745, 2007, 1, 1, 3744),
(3746, 2007, 1, 2, 2136),
(3747, 2007, 1, 3, 2898),
(3748, 2007, 1, 4, 2934),
(3749, 2007, 2, 1, 4218),
(3750, 2007, 2, 2, 3660),
(3751, 2007, 2, 3, 4278),
(3752, 2007, 2, 4, 4152),
(3753, 2007, 3, 1, 9360),
(3754, 2007, 3, 2, 7506),
(3755, 2007, 3, 3, 8472),
(3756, 2007, 3, 4, 7230),
(3757, 2007, 4, 1, 12936),
(3758, 2007, 4, 2, 10806),
(3759, 2007, 4, 3, 13344),
(3760, 2007, 4, 4, 11586),
(3761, 2007, 5, 1, 9846),
(3762, 2007, 5, 2, 10872),
(3763, 2007, 5, 3, 11148),
(3764, 2007, 5, 4, 13518),
(3765, 2007, 6, 1, 10932),
(3766, 2007, 6, 1, 9114),
(3767, 2007, 6, 2, 7554),
(3768, 2007, 6, 2, 7656),
(3769, 2007, 6, 3, 8208),
(3770, 2007, 6, 3, 9846),
(3771, 2007, 6, 4, 8556),
(3772, 2007, 6, 4, 9006),
(3773, 2007, 8, 1, 12048),
(3774, 2007, 8, 2, 7524),
(3775, 2007, 8, 3, 10866),
(3776, 2007, 8, 4, 7008),
(3777, 2007, 9, 1, 9096),
(3778, 2007, 9, 2, 5838),
(3779, 2007, 9, 3, 8076),
(3780, 2007, 9, 4, 6408),
(3781, 2007, 10, 1, 6588),
(3782, 2007, 10, 2, 5370),
(3783, 2007, 10, 3, 6426),
(3784, 2007, 10, 4, 5292),
(3785, 2007, 11, 1, 4452),
(3786, 2007, 11, 2, 2376),
(3787, 2007, 11, 3, 3162),
(3788, 2007, 11, 4, 1962),
(3789, 2007, 12, 1, 3066),
(3790, 2007, 12, 2, 2334),
(3791, 2007, 12, 3, 3126),
(3792, 2007, 12, 4, 2106),
(3793, 2008, 1, 1, 2964),
(3794, 2008, 1, 2, 1500),
(3795, 2008, 1, 3, 2256),
(3796, 2008, 1, 4, 2184),
(3797, 2008, 2, 1, 7176),
(3798, 2008, 2, 2, 4578),
(3799, 2008, 2, 3, 6546),
(3800, 2008, 2, 4, 5082),
(3801, 2008, 3, 1, 7224),
(3802, 2008, 3, 2, 6600),
(3803, 2008, 3, 3, 7044),
(3804, 2008, 3, 4, 7002),
(3805, 2008, 4, 1, 9180),
(3806, 2008, 4, 2, 9252),
(3807, 2008, 4, 3, 9600),
(3808, 2008, 4, 4, 10464),
(3809, 2008, 5, 1, 11640),
(3810, 2008, 5, 2, 12714),
(3811, 2008, 5, 3, 11232),
(3812, 2008, 5, 4, 14160),
(3813, 2008, 6, 1, 11376),
(3814, 2008, 6, 1, 12036),
(3815, 2008, 6, 2, 8388),
(3816, 2008, 6, 2, 8760),
(3817, 2008, 6, 3, 11502),
(3818, 2008, 6, 3, 9318),
(3819, 2008, 6, 4, 7158),
(3820, 2008, 6, 4, 9462),
(3821, 2008, 8, 1, 6960),
(3822, 2008, 8, 2, 5760),
(3823, 2008, 8, 3, 5550),
(3824, 2008, 8, 4, 4242),
(3825, 2008, 9, 1, 6930),
(3826, 2008, 9, 2, 4968),
(3827, 2008, 9, 3, 6540),
(3828, 2008, 9, 4, 5382),
(3829, 2008, 10, 1, 7554),
(3830, 2008, 10, 2, 5340),
(3831, 2008, 10, 3, 6090),
(3832, 2008, 10, 4, 5862),
(3833, 2008, 11, 1, 3414),
(3834, 2008, 11, 2, 3012),
(3835, 2008, 11, 3, 3252),
(3836, 2008, 11, 4, 2808),
(3837, 2008, 12, 1, 4014),
(3838, 2008, 12, 2, 1938),
(3839, 2008, 12, 3, 3804),
(3840, 2008, 12, 4, 2478),
(3841, 2009, 1, 1, 3360),
(3842, 2009, 1, 2, 2526),
(3843, 2009, 1, 3, 3774),
(3844, 2009, 1, 4, 3156),
(3845, 2009, 2, 1, 3438),
(3846, 2009, 2, 2, 2706),
(3847, 2009, 2, 3, 2682),
(3848, 2009, 2, 4, 3168),
(3849, 2009, 3, 1, 9408),
(3850, 2009, 3, 2, 6792),
(3851, 2009, 3, 3, 7836),
(3852, 2009, 3, 4, 6708),
(3853, 2009, 4, 1, 10320),
(3854, 2009, 4, 2, 8580),
(3855, 2009, 4, 3, 9588),
(3856, 2009, 4, 4, 8850),
(3857, 2009, 5, 1, 12978),
(3858, 2009, 5, 2, 12702),
(3859, 2009, 5, 3, 11406),
(3860, 2009, 5, 4, 11634),
(3861, 2009, 6, 1, 10884),
(3862, 2009, 6, 1, 12132),
(3863, 2009, 6, 2, 12264),
(3864, 2009, 6, 2, 9402),
(3865, 2009, 6, 3, 12066),
(3866, 2009, 6, 3, 9024),
(3867, 2009, 6, 4, 13908),
(3868, 2009, 6, 4, 8826),
(3869, 2009, 8, 1, 10620),
(3870, 2009, 8, 2, 7698),
(3871, 2009, 8, 3, 9102),
(3872, 2009, 8, 4, 6972),
(3873, 2009, 9, 1, 8682),
(3874, 2009, 9, 2, 6228),
(3875, 2009, 9, 3, 7854),
(3876, 2009, 9, 4, 7458),
(3877, 2009, 10, 1, 5460),
(3878, 2009, 10, 2, 4548),
(3879, 2009, 10, 3, 5112),
(3880, 2009, 10, 4, 4332),
(3881, 2009, 11, 1, 4110),
(3882, 2009, 11, 2, 2970),
(3883, 2009, 11, 3, 2880),
(3884, 2009, 11, 4, 3870),
(3885, 2009, 12, 1, 3816),
(3886, 2009, 12, 2, 1764),
(3887, 2009, 12, 3, 3180),
(3888, 2009, 12, 4, 2898),
(3889, 2010, 1, 1, 3636),
(3890, 2010, 1, 2, 2490),
(3891, 2010, 1, 3, 3768),
(3892, 2010, 1, 4, 3288),
(3893, 2010, 2, 1, 3480),
(3894, 2010, 2, 2, 4020),
(3895, 2010, 2, 3, 4368),
(3896, 2010, 2, 4, 3582),
(3897, 2010, 3, 1, 7506),
(3898, 2010, 3, 2, 5802),
(3899, 2010, 3, 3, 7794),
(3900, 2010, 3, 4, 7776),
(3901, 2010, 4, 1, 12078),
(3902, 2010, 4, 2, 9048),
(3903, 2010, 4, 3, 12312),
(3904, 2010, 4, 4, 9432),
(3905, 2010, 5, 1, 12198),
(3906, 2010, 5, 2, 11466),
(3907, 2010, 5, 3, 12870),
(3908, 2010, 5, 4, 11970),
(3909, 2010, 6, 1, 14316),
(3910, 2010, 6, 1, 9492),
(3911, 2010, 6, 2, 7116),
(3912, 2010, 6, 2, 9438),
(3913, 2010, 6, 3, 14394),
(3914, 2010, 6, 3, 6840),
(3915, 2010, 6, 4, 11280),
(3916, 2010, 6, 4, 5988),
(3917, 2010, 8, 1, 8976),
(3918, 2010, 8, 2, 8274),
(3919, 2010, 8, 3, 8958),
(3920, 2010, 8, 4, 9924),
(3921, 2010, 9, 1, 8010),
(3922, 2010, 9, 2, 6756),
(3923, 2010, 9, 3, 7998),
(3924, 2010, 9, 4, 7026),
(3925, 2010, 10, 1, 6948),
(3926, 2010, 10, 2, 5256),
(3927, 2010, 10, 3, 7170),
(3928, 2010, 10, 4, 6324),
(3929, 2010, 11, 1, 4134),
(3930, 2010, 11, 2, 3312),
(3931, 2010, 11, 3, 4218),
(3932, 2010, 11, 4, 4596),
(3933, 2010, 12, 1, 2934),
(3934, 2010, 12, 2, 2508),
(3935, 2010, 12, 3, 3012),
(3936, 2010, 12, 4, 3690),
(3937, 2011, 1, 1, 3096),
(3938, 2011, 1, 2, 2490),
(3939, 2011, 1, 3, 3384),
(3940, 2011, 1, 4, 4278),
(3941, 2011, 2, 1, 2838),
(3942, 2011, 2, 2, 3336),
(3943, 2011, 2, 3, 3090),
(3944, 2011, 2, 4, 4104),
(3945, 2011, 3, 1, 8106),
(3946, 2011, 3, 2, 5442),
(3947, 2011, 3, 3, 9312),
(3948, 2011, 3, 4, 7188),
(3949, 2011, 4, 1, 13098),
(3950, 2011, 4, 2, 10596),
(3951, 2011, 4, 3, 12606),
(3952, 2011, 4, 4, 11676),
(3953, 2011, 5, 1, 12324),
(3954, 2011, 5, 2, 10644),
(3955, 2011, 5, 3, 10374),
(3956, 2011, 5, 4, 10248),
(3957, 2011, 6, 1, 10608),
(3958, 2011, 6, 1, 11754),
(3959, 2011, 6, 2, 8322),
(3960, 2011, 6, 2, 9600),
(3961, 2011, 6, 3, 10782),
(3962, 2011, 6, 3, 12210),
(3963, 2011, 6, 4, 8778),
(3964, 2011, 6, 4, 8874),
(3965, 2011, 8, 1, 8730),
(3966, 2011, 8, 2, 6018),
(3967, 2011, 8, 3, 7830),
(3968, 2011, 8, 4, 6384),
(3969, 2011, 9, 1, 9012),
(3970, 2011, 9, 2, 5850),
(3971, 2011, 9, 3, 7188),
(3972, 2011, 9, 4, 5532),
(3973, 2011, 10, 1, 7008),
(3974, 2011, 10, 2, 3300),
(3975, 2011, 10, 3, 5088),
(3976, 2011, 10, 4, 3204),
(3977, 2011, 11, 1, 3582),
(3978, 2011, 11, 2, 3408),
(3979, 2011, 11, 3, 3756),
(3980, 2011, 11, 4, 3990),
(3981, 2011, 12, 1, 3042),
(3982, 2011, 12, 2, 1404),
(3983, 2011, 12, 3, 1716),
(3984, 2011, 12, 4, 1704),
(3985, 2012, 1, 1, 4188),
(3986, 2012, 1, 2, 2646),
(3987, 2012, 1, 3, 3060),
(3988, 2012, 1, 4, 2574),
(3989, 2012, 2, 1, 4410),
(3990, 2012, 2, 2, 3024),
(3991, 2012, 2, 3, 3630),
(3992, 2012, 2, 4, 1986),
(3993, 2012, 3, 1, 10074),
(3994, 2012, 3, 2, 7608),
(3995, 2012, 3, 3, 9354),
(3996, 2012, 3, 4, 6990),
(3997, 2012, 4, 1, 7764),
(3998, 2012, 4, 2, 7266),
(3999, 2012, 4, 3, 7386),
(4000, 2012, 4, 4, 9444),
(4001, 2012, 5, 1, 11658),
(4002, 2012, 5, 2, 12312),
(4003, 2012, 5, 3, 12570),
(4004, 2012, 5, 4, 11682),
(4005, 2012, 6, 1, 7074),
(4006, 2012, 6, 1, 9654),
(4007, 2012, 6, 2, 5946),
(4008, 2012, 6, 2, 6624),
(4009, 2012, 6, 3, 7104),
(4010, 2012, 6, 3, 8820),
(4011, 2012, 6, 4, 5484),
(4012, 2012, 6, 4, 6774),
(4013, 2012, 8, 1, 9708),
(4014, 2012, 8, 2, 8328),
(4015, 2012, 8, 3, 8190),
(4016, 2012, 8, 4, 9036),
(4017, 2012, 9, 1, 9546),
(4018, 2012, 9, 2, 6822),
(4019, 2012, 9, 3, 7608),
(4020, 2012, 9, 4, 7110),
(4021, 2012, 10, 1, 5742),
(4022, 2012, 10, 2, 4986),
(4023, 2012, 10, 3, 5412),
(4024, 2012, 10, 4, 5628),
(4025, 2012, 11, 1, 4128),
(4026, 2012, 11, 2, 3174),
(4027, 2012, 11, 3, 3558),
(4028, 2012, 11, 4, 3522),
(4029, 2012, 12, 1, 3378),
(4030, 2012, 12, 2, 1764),
(4031, 2012, 12, 3, 2688),
(4032, 2012, 12, 4, 2988),
(4033, 2013, 1, 1, 2628),
(4034, 2013, 1, 2, 1530),
(4035, 2013, 1, 3, 2226),
(4036, 2013, 1, 4, 1608),
(4037, 2013, 2, 1, 4296),
(4038, 2013, 2, 2, 4908),
(4039, 2013, 2, 3, 4212),
(4040, 2013, 2, 4, 4800),
(4041, 2013, 3, 1, 4566),
(4042, 2013, 3, 2, 5286),
(4043, 2013, 3, 3, 6102),
(4044, 2013, 3, 4, 3726),
(4045, 2013, 4, 1, 10104),
(4046, 2013, 4, 2, 10014),
(4047, 2013, 4, 3, 9678),
(4048, 2013, 4, 4, 9984),
(4049, 2013, 5, 1, 11340),
(4050, 2013, 5, 2, 9408),
(4051, 2013, 5, 3, 11148),
(4052, 2013, 5, 4, 10152),
(4053, 2013, 6, 1, 11004),
(4054, 2013, 6, 1, 16314),
(4055, 2013, 6, 2, 12228),
(4056, 2013, 6, 2, 8844),
(4057, 2013, 6, 3, 11460),
(4058, 2013, 6, 3, 17346),
(4059, 2013, 6, 4, 13392),
(4060, 2013, 6, 4, 9504),
(4061, 2013, 8, 1, 11226),
(4062, 2013, 8, 2, 7086),
(4063, 2013, 8, 3, 9330),
(4064, 2013, 8, 4, 6720),
(4065, 2013, 9, 1, 7554),
(4066, 2013, 9, 2, 6120),
(4067, 2013, 9, 3, 6186),
(4068, 2013, 9, 4, 5808),
(4069, 2013, 10, 1, 5238),
(4070, 2013, 10, 2, 3642),
(4071, 2013, 10, 3, 4446),
(4072, 2013, 10, 4, 5610),
(4073, 2013, 11, 1, 4788),
(4074, 2013, 11, 2, 3576),
(4075, 2013, 11, 3, 3786),
(4076, 2013, 11, 4, 4056),
(4077, 2013, 12, 1, 3294),
(4078, 2013, 12, 2, 1338),
(4079, 2013, 12, 3, 2340),
(4080, 2013, 12, 4, 2244),
(4081, 2014, 1, 1, 3300),
(4082, 2014, 1, 2, 1500),
(4083, 2014, 1, 3, 2256),
(4084, 2014, 1, 4, 2274),
(4085, 2014, 2, 1, 5250),
(4086, 2014, 2, 2, 3288),
(4087, 2014, 2, 3, 4494),
(4088, 2014, 2, 4, 4344),
(4089, 2014, 3, 1, 8454),
(4090, 2014, 3, 2, 6516),
(4091, 2014, 3, 3, 7716),
(4092, 2014, 3, 4, 5502),
(4093, 2014, 4, 1, 8784),
(4094, 2014, 4, 2, 8262),
(4095, 2014, 4, 3, 9000),
(4096, 2014, 4, 4, 9690),
(4097, 2014, 5, 1, 10398),
(4098, 2014, 5, 2, 7080),
(4099, 2014, 5, 3, 8658),
(4100, 2014, 5, 4, 6750),
(4101, 2014, 6, 1, 12264),
(4102, 2014, 6, 1, 14772),
(4103, 2014, 6, 2, 11574),
(4104, 2014, 6, 2, 7446),
(4105, 2014, 6, 3, 13452),
(4106, 2014, 6, 3, 14100),
(4107, 2014, 6, 4, 10212),
(4108, 2014, 6, 4, 9420),
(4109, 2014, 8, 1, 11322),
(4110, 2014, 8, 2, 8748),
(4111, 2014, 8, 3, 9978),
(4112, 2014, 8, 4, 9192),
(4113, 2014, 9, 1, 7956),
(4114, 2014, 9, 2, 6096),
(4115, 2014, 9, 3, 9030),
(4116, 2014, 9, 4, 7032),
(4117, 2014, 10, 1, 5592),
(4118, 2014, 10, 2, 3930),
(4119, 2014, 10, 3, 4632),
(4120, 2014, 10, 4, 5490),
(4121, 2014, 11, 1, 3276),
(4122, 2014, 11, 2, 2550),
(4123, 2014, 11, 3, 3924),
(4124, 2014, 11, 4, 3540),
(4125, 2014, 12, 1, 4368),
(4126, 2014, 12, 2, 2076),
(4127, 2014, 12, 3, 3150),
(4128, 2014, 12, 4, 2640),
(4129, 2015, 1, 1, 4164),
(4130, 2015, 1, 2, 2514),
(4131, 2015, 1, 3, 3192),
(4132, 2015, 1, 4, 3522),
(4133, 2015, 2, 1, 4974),
(4134, 2015, 2, 2, 4020);
INSERT INTO `meresek` (`id`, `ev`, `ho`, `regioId`, `perc`) VALUES
(4135, 2015, 2, 3, 4458),
(4136, 2015, 2, 4, 3798),
(4137, 2015, 3, 1, 7698),
(4138, 2015, 3, 2, 6552),
(4139, 2015, 3, 3, 7296),
(4140, 2015, 3, 4, 8034),
(4141, 2015, 4, 1, 13242),
(4142, 2015, 4, 2, 11964),
(4143, 2015, 4, 3, 13158),
(4144, 2015, 4, 4, 12414),
(4145, 2015, 5, 1, 10950),
(4146, 2015, 5, 2, 10074),
(4147, 2015, 5, 3, 9828),
(4148, 2015, 5, 4, 9060),
(4149, 2015, 6, 1, 11166),
(4150, 2015, 6, 1, 13320),
(4151, 2015, 6, 2, 7482),
(4152, 2015, 6, 2, 7752),
(4153, 2015, 6, 3, 10086),
(4154, 2015, 6, 3, 13392),
(4155, 2015, 6, 4, 10680),
(4156, 2015, 6, 4, 6786),
(4157, 2015, 8, 1, 9396),
(4158, 2015, 8, 2, 8280),
(4159, 2015, 8, 3, 8940),
(4160, 2015, 8, 4, 8064),
(4161, 2015, 9, 1, 10482),
(4162, 2015, 9, 2, 7818),
(4163, 2015, 9, 3, 10404),
(4164, 2015, 9, 4, 7824),
(4165, 2015, 10, 1, 5502),
(4166, 2015, 10, 2, 5292),
(4167, 2015, 10, 3, 5550),
(4168, 2015, 10, 4, 6030),
(4169, 2015, 11, 1, 2220),
(4170, 2015, 11, 2, 2034),
(4171, 2015, 11, 3, 1890),
(4172, 2015, 11, 4, 2268),
(4173, 2015, 12, 1, 2112),
(4174, 2015, 12, 2, 1242),
(4175, 2015, 12, 3, 1386),
(4176, 2015, 12, 4, 1830),
(4177, 2016, 1, 1, 2826),
(4178, 2016, 1, 2, 1254),
(4179, 2016, 1, 3, 2232),
(4180, 2016, 1, 4, 2058),
(4181, 2016, 2, 1, 5610),
(4182, 2016, 2, 2, 4506),
(4183, 2016, 2, 3, 4614),
(4184, 2016, 2, 4, 4296),
(4185, 2016, 3, 1, 7398),
(4186, 2016, 3, 2, 6318),
(4187, 2016, 3, 3, 7620),
(4188, 2016, 3, 4, 6822),
(4189, 2016, 4, 1, 10098),
(4190, 2016, 4, 2, 8796),
(4191, 2016, 4, 3, 10440),
(4192, 2016, 4, 4, 8988),
(4193, 2016, 5, 1, 12546),
(4194, 2016, 5, 2, 12336),
(4195, 2016, 5, 3, 13236),
(4196, 2016, 5, 4, 13086),
(4197, 2016, 6, 1, 11436),
(4198, 2016, 6, 1, 7812),
(4199, 2016, 6, 2, 6486),
(4200, 2016, 6, 2, 8550),
(4201, 2016, 6, 3, 9348),
(4202, 2016, 6, 3, 9396),
(4203, 2016, 6, 4, 6522),
(4204, 2016, 6, 4, 7824),
(4205, 2016, 8, 1, 12624),
(4206, 2016, 8, 2, 8760),
(4207, 2016, 8, 3, 10368),
(4208, 2016, 8, 4, 7728),
(4209, 2016, 9, 1, 8154),
(4210, 2016, 9, 2, 5838),
(4211, 2016, 9, 3, 7320),
(4212, 2016, 9, 4, 5688),
(4213, 2016, 10, 1, 6684),
(4214, 2016, 10, 2, 5808),
(4215, 2016, 10, 3, 6540),
(4216, 2016, 10, 4, 5352),
(4217, 2016, 11, 1, 4890),
(4218, 2016, 11, 2, 3840),
(4219, 2016, 11, 3, 4284),
(4220, 2016, 11, 4, 4560),
(4221, 2016, 12, 1, 3168),
(4222, 2016, 12, 2, 1248),
(4223, 2016, 12, 3, 2460),
(4224, 2016, 12, 4, 2346),
(4225, 2017, 1, 1, 3720),
(4226, 2017, 1, 2, 2802),
(4227, 2017, 1, 3, 3000),
(4228, 2017, 1, 4, 2814),
(4229, 2017, 2, 1, 3258),
(4230, 2017, 2, 2, 3648),
(4231, 2017, 2, 3, 2604),
(4232, 2017, 2, 4, 2772),
(4233, 2017, 3, 1, 7410),
(4234, 2017, 3, 2, 7128),
(4235, 2017, 3, 3, 5982),
(4236, 2017, 3, 4, 7152),
(4237, 2017, 4, 1, 10884),
(4238, 2017, 4, 2, 7692),
(4239, 2017, 4, 3, 9648),
(4240, 2017, 4, 4, 6234),
(4241, 2017, 5, 1, 11892),
(4242, 2017, 5, 2, 12852),
(4243, 2017, 5, 3, 13026),
(4244, 2017, 5, 4, 15210),
(4245, 2017, 6, 1, 10896),
(4246, 2017, 6, 1, 11304),
(4247, 2017, 6, 2, 6414),
(4248, 2017, 6, 2, 8658),
(4249, 2017, 6, 3, 10686),
(4250, 2017, 6, 3, 9696),
(4251, 2017, 6, 4, 10116),
(4252, 2017, 6, 4, 6930),
(4253, 2017, 8, 1, 10656),
(4254, 2017, 8, 2, 7548),
(4255, 2017, 8, 3, 8898),
(4256, 2017, 8, 4, 7548),
(4257, 2017, 9, 1, 7098),
(4258, 2017, 9, 2, 5664),
(4259, 2017, 9, 3, 6378),
(4260, 2017, 9, 4, 6438),
(4261, 2017, 10, 1, 5088),
(4262, 2017, 10, 2, 3384),
(4263, 2017, 10, 3, 4236),
(4264, 2017, 10, 4, 3246),
(4265, 2017, 11, 1, 5022),
(4266, 2017, 11, 2, 3354),
(4267, 2017, 11, 3, 3444),
(4268, 2017, 11, 4, 3528),
(4269, 2017, 12, 1, 3360),
(4270, 2017, 12, 2, 1866),
(4271, 2017, 12, 3, 2406),
(4272, 2017, 12, 4, 1998),
(4273, 2018, 1, 1, 3288),
(4274, 2018, 1, 2, 2364),
(4275, 2018, 1, 3, 2838),
(4276, 2018, 1, 4, 2778),
(4277, 2018, 2, 1, 5964),
(4278, 2018, 2, 2, 5430),
(4279, 2018, 2, 3, 5562),
(4280, 2018, 2, 4, 5496),
(4281, 2018, 3, 1, 4824),
(4282, 2018, 3, 2, 5448),
(4283, 2018, 3, 3, 5184),
(4284, 2018, 3, 4, 5424),
(4285, 2018, 4, 1, 7494),
(4286, 2018, 4, 2, 8832),
(4287, 2018, 4, 3, 7560),
(4288, 2018, 4, 4, 7860),
(4289, 2018, 5, 1, 15570),
(4290, 2018, 5, 2, 13848),
(4291, 2018, 5, 3, 13962),
(4292, 2018, 5, 4, 13482),
(4293, 2018, 6, 1, 14910),
(4294, 2018, 6, 1, 16434),
(4295, 2018, 6, 2, 11130),
(4296, 2018, 6, 2, 13194),
(4297, 2018, 6, 3, 15042),
(4298, 2018, 6, 3, 15666),
(4299, 2018, 6, 4, 10404),
(4300, 2018, 6, 4, 14286),
(4301, 2018, 8, 1, 10248),
(4302, 2018, 8, 2, 7098),
(4303, 2018, 8, 3, 8310),
(4304, 2018, 8, 4, 6300),
(4305, 2018, 9, 1, 9432),
(4306, 2018, 9, 2, 6246),
(4307, 2018, 9, 3, 7614),
(4308, 2018, 9, 4, 5916),
(4309, 2018, 10, 1, 7932),
(4310, 2018, 10, 2, 5046),
(4311, 2018, 10, 3, 6936),
(4312, 2018, 10, 4, 5730),
(4313, 2018, 11, 1, 4098),
(4314, 2018, 11, 2, 3312),
(4315, 2018, 11, 3, 3654),
(4316, 2018, 11, 4, 3714),
(4317, 2018, 12, 1, 2724),
(4318, 2018, 12, 2, 1926),
(4319, 2018, 12, 3, 1200),
(4320, 2018, 12, 4, 1356);

-- --------------------------------------------------------

--
-- Table structure for table `regiok`
--

CREATE TABLE `regiok` (
  `id` int(11) NOT NULL,
  `regioNev` varchar(14) COLLATE utf8mb4_hungarian_ci NOT NULL
) ENGINE=InnoDB DEFAULT CHARSET=utf8mb4 COLLATE=utf8mb4_hungarian_ci;

--
-- Dumping data for table `regiok`
--

INSERT INTO `regiok` (`id`, `regioNev`) VALUES
(1, 'Anglia'),
(2, 'Skócia'),
(3, 'Wales'),
(4, 'Észak-Írország');

--
-- Indexes for dumped tables
--

--
-- Indexes for table `meresek`
--
ALTER TABLE `meresek`
  ADD PRIMARY KEY (`id`),
  ADD KEY `fk_meresekRegio` (`regioId`);

--
-- Indexes for table `regiok`
--
ALTER TABLE `regiok`
  ADD PRIMARY KEY (`id`);

--
-- AUTO_INCREMENT for dumped tables
--

--
-- AUTO_INCREMENT for table `meresek`
--
ALTER TABLE `meresek`
  MODIFY `id` int(11) NOT NULL AUTO_INCREMENT, AUTO_INCREMENT=4321;

--
-- Constraints for dumped tables
--

--
-- Constraints for table `meresek`
--
ALTER TABLE `meresek`
  ADD CONSTRAINT `fk_meresekRegio` FOREIGN KEY (`regioId`) REFERENCES `regiok` (`id`);
--
-- Database: `nyelviskola`
--
CREATE DATABASE IF NOT EXISTS `nyelviskola` DEFAULT CHARACTER SET utf8mb4 COLLATE utf8mb4_hungarian_ci;
USE `nyelviskola`;

-- --------------------------------------------------------

--
-- Table structure for table `jelentkezesek`
--

CREATE TABLE `jelentkezesek` (
  `sorsz` int(11) NOT NULL,
  `nev` varchar(18) COLLATE utf8mb4_hungarian_ci NOT NULL,
  `mobil` varchar(8) COLLATE utf8mb4_hungarian_ci NOT NULL,
  `szulev` int(11) NOT NULL,
  `vizsga` int(11) NOT NULL
) ENGINE=InnoDB DEFAULT CHARSET=utf8mb4 COLLATE=utf8mb4_hungarian_ci;

--
-- Dumping data for table `jelentkezesek`
--

INSERT INTO `jelentkezesek` (`sorsz`, `nev`, `mobil`, `szulev`, `vizsga`) VALUES
(1, 'Szilágyi Zsuzsanna', '20506011', 1991, 15),
(2, 'Végh Zsombor', '20153410', 1979, 15),
(3, 'Veres Zsolt', '20880798', 1978, 2),
(4, 'Kelemen Zsófia', '20281520', 1973, 7),
(5, 'Faragó Zsigmond', '20822129', 1970, 15),
(6, 'Balázs Zsigmond', '30166291', 1984, 5),
(7, 'Máté Zoltán', '30429054', 2001, 2),
(8, 'Szabó Zoltán', '30161106', 1987, 11),
(9, 'Dobos Zita', '30784613', 1977, 1),
(10, 'Hegedűs Zita', '20149879', 1978, 9),
(11, 'Orosz Zalán', '20222494', 1997, 12),
(12, 'Gál Virág', '20593863', 1996, 15),
(13, 'Katona Virág', '70792601', 1997, 11),
(14, 'Antal Vilmos', '20252016', 1989, 2),
(15, 'Kelemen Viktória', '20273994', 2001, 7),
(16, 'Fehér Viktória', '20531313', 1983, 8),
(17, 'Major Veronika', '30602396', 1999, 2),
(18, 'Simon Tünde', '20979705', 1973, 8),
(19, 'Bakos Tivadar', '30241891', 2001, 6),
(20, 'Bogdán Tímea', '20291900', 2001, 11),
(21, 'Lakatos Tibor', '30160406', 1988, 15),
(22, 'Szücs Tibor', '70534956', 1969, 14),
(23, 'László Terézia', '30472558', 1987, 11),
(24, 'Orbán Terézia', '20836213', 1986, 3),
(25, 'Somogyi Terézia', '30200672', 1978, 12),
(26, 'Pásztor Szilvia', '20255299', 1971, 3),
(27, 'Pap Szilvia', '30909208', 1973, 9),
(28, 'Kiss Szilvia', '70675548', 1974, 12),
(29, 'Gulyás Szilvia', '70688076', 1999, 3),
(30, 'Molnár Szilvia', '30311906', 1973, 8),
(31, 'Farkas Szilvia', '70184972', 1992, 3),
(32, 'Soós Szabolcs', '20861898', 1993, 8),
(33, 'Király Szabolcs', '20794740', 1993, 6),
(34, 'Orosz Szabolcs', '20846591', 1999, 8),
(35, 'Magyar Szabolcs', '20903584', 1987, 5),
(36, 'Major Szabolcs', '20676786', 1975, 3),
(37, 'Orsós Szabolcs', '70768977', 1982, 10),
(38, 'Jónás Sándor', '20224670', 1979, 3),
(39, 'Váradi Rudolf', '70878547', 1975, 15),
(40, 'Veres Rozália', '70195129', 1983, 5),
(41, 'Csonka Róza', '70490833', 1998, 6),
(42, 'Vass Róza', '30772894', 1998, 1),
(43, 'Németh Roland', '70946647', 1987, 11),
(44, 'Barna Roland', '20212051', 1978, 13),
(45, 'Fodor Roland', '70447306', 2001, 10),
(46, 'Puskás Róbert', '20580701', 1970, 12),
(47, 'Balogh Rita', '70322638', 1997, 14),
(48, 'Kerekes Richárd', '70826069', 1991, 10),
(49, 'Fodor Richárd', '20125873', 1985, 7),
(50, 'Horváth Richárd', '20815096', 1989, 5),
(51, 'Szilágyi Richárd', '70693962', 1969, 11),
(52, 'Gulyás Richárd', '70100302', 1990, 10),
(53, 'Bognár Richárd', '30920518', 1996, 4),
(54, 'Major Richárd', '70333141', 1971, 11),
(55, 'Fehér Renátó', '30829722', 1979, 3),
(56, 'Faragó Renátó', '20602908', 1996, 9),
(57, 'Horváth Renáta', '20604279', 1992, 8),
(58, 'Dudás Renáta', '70690500', 1997, 15),
(59, 'Pataki Renáta', '30857064', 1983, 5),
(60, 'Tamás Renáta', '70994184', 1993, 10),
(61, 'Mészáros Renáta', '20784033', 1990, 10),
(62, 'Nagy Renáta', '20161981', 1973, 2),
(63, 'Bodnár Réka', '70999639', 1985, 9),
(64, 'Király Réka', '30297534', 1994, 12),
(65, 'Török Réka', '70555769', 1988, 5),
(66, 'Gulyás Piroska', '20617194', 1993, 8),
(67, 'Szekeres Petra', '70896813', 1971, 6),
(68, 'Bodnár Petra', '70782770', 1997, 14),
(69, 'Varga Péter', '30467857', 1981, 5),
(70, 'Faragó Patrik', '20143565', 1996, 10),
(71, 'Sipos Pál', '70195171', 1989, 3),
(72, 'Horváth Pál', '70178281', 1978, 9),
(73, 'Antal Olivér', '70285883', 1989, 7),
(74, 'Fazekas Olga', '30277654', 1999, 12),
(75, 'Antal Olga', '30887222', 1985, 1),
(76, 'Máté Olga', '70406113', 1983, 5),
(77, 'Oláh Olga', '70780248', 2000, 7),
(78, 'Mészáros Olga', '20724083', 1971, 7),
(79, 'Varga Nikoletta', '30682171', 1993, 14),
(80, 'Fodor Nándor', '30361549', 1991, 7),
(81, 'Sándor Mónika', '30447574', 1994, 15),
(82, 'Szekeres Milán', '30624351', 1983, 1),
(83, 'Vincze Milán', '20246749', 1995, 14),
(84, 'Soós Mihály', '30892057', 1993, 13),
(85, 'Péter Melinda', '30225162', 1993, 3),
(86, 'Tóth Mátyás', '20836258', 1983, 8),
(87, 'Hegedűs Máté', '30804549', 1971, 8),
(88, 'Nemes Martin', '20712815', 1999, 6),
(89, 'Novák Martin', '20955627', 1997, 7),
(90, 'László Martin', '70185261', 1989, 7),
(91, 'Halász Martin', '20438245', 1995, 11),
(92, 'Nemes Martin', '30842172', 1988, 6),
(93, 'Simon Martin', '70116384', 1972, 4),
(94, 'Pál Márta', '20198193', 1998, 15),
(95, 'Vincze Márta', '20650298', 1985, 4),
(96, 'Takács Márk', '20307172', 1988, 15),
(97, 'Pataki Mariann', '70528003', 2000, 9),
(98, 'Varga Mariann', '70555369', 1998, 9),
(99, 'Pál Mariann', '30576983', 1992, 15),
(100, 'Hegedüs Mária', '20287110', 1980, 9),
(101, 'Illés Marcell', '70403436', 1985, 2),
(102, 'Kocsis Marcell', '70463247', 1989, 8),
(103, 'Varga Marcell', '70265199', 1998, 4),
(104, 'Major Marcell', '20506939', 1970, 14),
(105, 'Balogh Marcell', '20447274', 1995, 10),
(106, 'Borbély Marcell', '30728640', 1972, 9),
(107, 'Péter Marcell', '20867219', 1985, 6),
(108, 'Budai Lóránt', '20889019', 1972, 14),
(109, 'Szilágyi Lóránt', '70745487', 1974, 3),
(110, 'Magyar Lóránt', '30471685', 1989, 12),
(111, 'Oláh Lilla', '30962656', 1982, 6),
(112, 'Somogyi Lilla', '70345062', 1992, 3),
(113, 'Király Lili', '30300939', 1971, 1),
(114, 'Puskás Lili', '70589750', 1994, 13),
(115, 'Végh Lajos', '30262851', 1982, 8),
(116, 'Bodnár Krisztián', '30556313', 1974, 13),
(117, 'Szőke Kornél', '70869529', 1997, 2),
(118, 'Balog Klaudia', '20904269', 1989, 14),
(119, 'Magyar Klaudia', '70182395', 1990, 1),
(120, 'Varga Klaudia', '70726716', 1973, 9),
(121, 'Tamás Klára', '30155281', 1996, 15),
(122, 'Váradi Klára', '70793888', 1976, 6),
(123, 'Vincze Klára', '70867319', 1997, 7),
(124, 'Vincze Klára', '30751495', 1995, 8),
(125, 'Major Klára', '70145029', 1986, 7),
(126, 'Budai Klára', '30493542', 1988, 15),
(127, 'Kovács Kitti', '70619794', 1971, 4),
(128, 'Végh Kitti', '70758413', 1986, 13),
(129, 'Fodor Kitti', '70765452', 1974, 10),
(130, 'Lengyel Kevin', '30329181', 1969, 13),
(131, 'Szilágyi Katalin', '30224091', 1994, 7),
(132, 'Fodor Károly', '70344668', 1982, 2),
(133, 'Kelemen Julianna', '20239997', 1994, 7),
(134, 'Vörös Júlia', '20413889', 1999, 6),
(135, 'Németh Júlia', '20920095', 1976, 15),
(136, 'Novák Júlia', '20158618', 1977, 7),
(137, 'Székely Júlia', '20105552', 1986, 6),
(138, 'Szűcs Júlia', '70600177', 1969, 6),
(139, 'Szőke József', '70717878', 1998, 2),
(140, 'Balogh József', '70538357', 1984, 9),
(141, 'Rácz Jolán', '30647438', 1984, 3),
(142, 'Szalai Jolán', '70205097', 2000, 14),
(143, 'Veres János', '70778769', 1971, 12),
(144, 'Molnár János', '70509319', 1976, 4),
(145, 'Péter János', '20559347', 1997, 5),
(146, 'Balla János', '30239991', 1991, 11),
(147, 'Gál János', '30307252', 1979, 12),
(148, 'Barta János', '70798013', 1972, 8),
(149, 'Fehér Iván', '20321163', 1982, 3),
(150, 'Sándor Irma', '30147774', 1994, 6),
(151, 'Péter Ildikó', '30697909', 1988, 13),
(152, 'Váradi Ildikó', '30987536', 1970, 11),
(153, 'Sándor Ildikó', '20163771', 1973, 14),
(154, 'Kerekes Ida', '30224294', 1974, 2),
(155, 'Pap Henrik', '70673348', 1971, 9),
(156, 'Boros Henrik', '20246215', 1984, 13),
(157, 'Pintér Henrik', '30814768', 1972, 14),
(158, 'Somogyi Henrik', '70185461', 1992, 6),
(159, 'Tóth Henrik', '30830535', 1979, 12),
(160, 'Pásztor Hajnalka', '30872821', 2001, 4),
(161, 'Simon Gyula', '30372526', 1970, 2),
(162, 'Kovács Győző', '20862322', 1997, 11),
(163, 'Bakos Györgyi', '70749825', 1987, 15),
(164, 'Deák Györgyi', '20979870', 1976, 9),
(165, 'Gulyás Györgyi', '70920451', 1972, 11),
(166, 'Barta György', '70291862', 1973, 4),
(167, 'Csonka György', '70651898', 1993, 4),
(168, 'Deák György', '70931212', 1983, 11),
(169, 'Gáspár György', '30311924', 1979, 8),
(170, 'Farkas György', '30964008', 1992, 1),
(171, 'Varga Gizella', '20288189', 1988, 13),
(172, 'Oláh Gizella', '70660867', 2001, 6),
(173, 'Lukács Gizella', '70870118', 1985, 11),
(174, 'Antal Gergő', '30583440', 1977, 1),
(175, 'Végh Gergő', '70570628', 1979, 6),
(176, 'Hajdu Gergő', '30138307', 1991, 6),
(177, 'Jakab Gergő', '70154177', 1987, 8),
(178, 'Szabó Gergő', '70854266', 1975, 4),
(179, 'Pintér Gergely', '20286267', 2000, 12),
(180, 'Szalai Ferenc', '30396361', 1983, 8),
(181, 'Sipos Fanni', '30381650', 1989, 1),
(182, 'Szalai Fanni', '30897169', 1985, 15),
(183, 'Sándor Evelin', '70492659', 1992, 5),
(184, 'Novák Éva', '30876266', 1996, 12),
(185, 'Sipos Eszter', '20770441', 1976, 4),
(186, 'Székely Ervin', '20207489', 2001, 8),
(187, 'Gáspár Ervin', '30906094', 1995, 3),
(188, 'Fazekas Ervin', '70700972', 1978, 6),
(189, 'Magyar Erika', '20786672', 1969, 5),
(190, 'Soós Erika', '70370343', 1983, 5),
(191, 'Pintér Erika', '20453311', 1975, 10),
(192, 'Vass Erika', '30510093', 1982, 13),
(193, 'Vincze Erika', '70255149', 1971, 7),
(194, 'Kovács Enikő', '30911627', 1987, 12),
(195, 'Kocsis Emma', '70779071', 1973, 5),
(196, 'Halász Emil', '30679046', 1995, 10),
(197, 'Kis Emese', '70522945', 1993, 4),
(198, 'Balogh Elek', '70287789', 1984, 5),
(199, 'Horváth Edit', '70835949', 1982, 3),
(200, 'Biró Edit', '20774809', 1972, 6),
(201, 'Pataki Dorina', '70388679', 2001, 13),
(202, 'Vörös Dorina', '20738466', 1980, 11),
(203, 'Barna Dorina', '20576114', 1986, 15),
(204, 'Sándor Dorina', '30336266', 1998, 5),
(205, 'Faragó Dorina', '70713266', 1969, 14),
(206, 'Gulyás Dorina', '70698729', 1974, 4),
(207, 'Borbély Dominik', '30262527', 1989, 7),
(208, 'Szekeres Dominik', '30564459', 1990, 2),
(209, 'Nemes Dezső', '30354924', 1992, 15),
(210, 'László Dezső', '30979320', 1994, 10),
(211, 'Kocsis Dénes', '30600783', 1971, 3),
(212, 'Lengyel Dénes', '30187081', 1971, 11),
(213, 'Gál Dávid', '30264935', 1991, 9),
(214, 'Rácz Dániel', '20672672', 1981, 2),
(215, 'Mészáros Csongor', '30105563', 1986, 14),
(216, 'Faragó Csongor', '20928166', 1993, 1),
(217, 'Varga Csongor', '70102443', 1986, 3),
(218, 'Vincze Csilla', '20635474', 1990, 14),
(219, 'Budai Csilla', '70149007', 1996, 1),
(220, 'Kocsis Csaba', '30268284', 1984, 13),
(221, 'Németh Brigitta', '20261455', 1980, 14),
(222, 'Deák Brigitta', '70499452', 1995, 13),
(223, 'Deák Brigitta', '20368391', 1978, 5),
(224, 'László Brigitta', '70165512', 1995, 8),
(225, 'Szalai Brigitta', '20650234', 1989, 8),
(226, 'Bogdán Brigitta', '20644678', 1979, 10),
(227, 'Antal Brigitta', '30314989', 1990, 14),
(228, 'Szücs Bettina', '70446537', 1969, 11),
(229, 'Deák Bertalan', '30760387', 1989, 5),
(230, 'Papp Bernadett', '20414755', 1997, 8),
(231, 'Orsós Benjámin', '70708728', 1996, 11),
(232, 'Király Benjámin', '20891243', 1969, 10),
(233, 'Váradi Benjámin', '20841327', 2001, 14),
(234, 'Biró Benedek', '30827696', 1989, 9),
(235, 'Fekete Bence', '30280867', 1980, 15),
(236, 'Sipos Béla', '30989866', 1981, 4),
(237, 'Barta Beatrix', '30432621', 1988, 8),
(238, 'Bálint Beáta', '20460548', 1970, 9),
(239, 'Vass Beáta', '70942437', 1999, 8),
(240, 'Oláh Beáta', '20944803', 1999, 6),
(241, 'Balla Barnabás', '70406682', 1980, 4),
(242, 'Rácz Barnabás', '30651304', 1999, 11),
(243, 'Tamás Barnabás', '70442469', 1979, 4),
(244, 'Szilágyi Barna', '30821017', 1982, 8),
(245, 'Lukács Barbara', '30683628', 1977, 1),
(246, 'Nagy Balázs', '30797705', 1983, 1),
(247, 'Katona Balázs', '20689484', 1981, 3),
(248, 'Csonka Balázs', '20799956', 1978, 6),
(249, 'Nemes Balázs', '70360968', 1980, 12),
(250, 'Pál Balázs', '70277383', 1991, 11),
(251, 'Fekete Balázs', '20878708', 1971, 12),
(252, 'Veres Attila', '70984378', 1994, 9),
(253, 'Takács Arnold', '30924461', 1976, 3),
(254, 'Kovács Arnold', '20183537', 1982, 13),
(255, 'Pintér Aranka', '20122560', 1987, 11),
(256, 'Gáspár Antal', '70942678', 1995, 11),
(257, 'Varga Anita', '70542919', 1982, 4),
(258, 'Vincze Anikó', '20153595', 1980, 11),
(259, 'Veres Anikó', '20468783', 1994, 14),
(260, 'Szücs Anikó', '20439565', 1974, 2),
(261, 'Sipos Anikó', '20202615', 1988, 5),
(262, 'Vincze Anikó', '70183582', 1973, 1),
(263, 'Dobos Andrea', '30982557', 1984, 2),
(264, 'Fazekas András', '30841742', 1993, 4),
(265, 'Török András', '30286603', 1998, 2),
(266, 'Kozma András', '20326514', 1979, 6),
(267, 'Szalai András', '30691722', 1992, 7),
(268, 'Puskás András', '20383531', 2001, 11),
(269, 'Budai Andor', '70556127', 1990, 10),
(270, 'Balog Alex', '20526170', 1984, 11),
(271, 'Csonka Alex', '30876080', 1970, 3),
(272, 'Váradi Alex', '20866923', 1989, 1),
(273, 'Kelemen Alex', '20681907', 1981, 9),
(274, 'Virág Alex', '20718180', 1981, 13),
(275, 'Gál Albert', '70912491', 1978, 4),
(276, 'Halász Ákos', '70269910', 1977, 13),
(277, 'Bogdán Ágnes', '30428839', 1980, 13),
(278, 'Pásztor Ágnes', '30313233', 1999, 16),
(279, 'Juhász Adrián', '70214359', 1982, 23),
(280, 'Hegedüs Ábel', '30102472', 1966, 29),
(281, 'Nagy Csongor', '30438721', 1993, 20),
(282, 'Pál Alex', '20272350', 1976, 26),
(283, 'Somogyi Klára', '20997721', 1999, 29),
(284, 'Fehér Barnabás', '70406175', 1975, 17),
(285, 'Kocsis Alex', '20319185', 1970, 25),
(286, 'Jónás Jolán', '20244450', 1997, 27),
(287, 'Major József', '70943090', 1988, 28),
(288, 'Orosz Balázs', '70336770', 1965, 18),
(289, 'Budai Viktória', '30928275', 1992, 16),
(290, 'Bálint Marcell', '20997291', 1982, 23),
(291, 'Fazekas Károly', '20680437', 1981, 28),
(292, 'Varga Rozália', '30125934', 1982, 22),
(293, 'Vörös Szabolcs', '70152585', 1969, 18),
(294, 'Váradi Roland', '20569590', 1982, 24),
(295, 'Simon Lóránt', '70660470', 1992, 16),
(296, 'Fekete Richárd', '30757277', 1965, 19),
(297, 'Vörös Ábel', '30990892', 1987, 25),
(298, 'Kelemen János', '20763903', 1964, 22),
(299, 'Szűcs Gizella', '70823030', 1986, 27),
(300, 'Orsós Gergő', '30927060', 1980, 16),
(301, 'Végh János', '30546765', 1990, 28),
(302, 'Kocsis Terézia', '30414400', 1961, 17),
(303, 'Péter Gergő', '70546633', 1992, 23),
(304, 'Simon Zita', '20829455', 1977, 19),
(305, 'Kelemen Kornél', '30568948', 1994, 21),
(306, 'Major Éva', '30114567', 1980, 26),
(307, 'Bogdán Klára', '70755061', 1976, 18),
(308, 'Gáspár Györgyi', '30583090', 1981, 17),
(309, 'Magyar Zsigmond', '20248918', 1991, 18),
(310, 'Váradi Roland', '30277750', 1964, 21),
(311, 'Gál Szabolcs', '20142908', 1983, 23),
(312, 'Budai Balázs', '70605691', 1974, 16),
(313, 'Kelemen János', '20159466', 1974, 18),
(314, 'Király György', '70485099', 1976, 23),
(315, 'Csonka Klaudia', '30676729', 1985, 27),
(316, 'Faragó Anikó', '20453646', 1999, 18),
(317, 'Faragó Réka', '30370571', 1965, 16),
(318, 'Horváth Emil', '70251079', 1996, 18),
(319, 'Barna Róbert', '20675248', 1998, 16),
(320, 'Rácz Györgyi', '20126317', 1975, 29),
(321, 'Szilágyi Dorina', '20593433', 1977, 22),
(322, 'Sándor Erika', '30440528', 1962, 18),
(323, 'Orosz Dominik', '30915424', 1968, 24),
(324, 'Pásztor Gergő', '20520301', 1964, 28),
(325, 'Csonka Iván', '30166893', 1963, 23),
(326, 'Varga Ferenc', '30263734', 1990, 16),
(327, 'Fehér Szilvia', '70836842', 2001, 16),
(328, 'Fodor Júlia', '30816023', 1996, 25),
(329, 'Novák Klaudia', '20193286', 1981, 20),
(330, 'Farkas András', '20346344', 1969, 22),
(331, 'Szilágyi Henrik', '20102198', 1999, 28),
(332, 'László Barnabás', '20758972', 1981, 16),
(333, 'Oláh György', '30682932', 1983, 23),
(334, 'Simon Richárd', '30490227', 2001, 29),
(335, 'Szekeres Viktória', '30829260', 1985, 18),
(336, 'Somogyi Fanni', '30124715', 1961, 19),
(337, 'Király Brigitta', '30571191', 1982, 29),
(338, 'Somogyi Milán', '70381306', 1976, 18),
(339, 'László Zsombor', '20410655', 1990, 18),
(340, 'Gulyás Ervin', '30237732', 1972, 27),
(341, 'Deák János', '20780959', 1980, 28),
(342, 'Jakab Ildikó', '20895610', 1964, 22),
(343, 'Máté Klára', '30362249', 1984, 28),
(344, 'Gulyás Mária', '70599880', 1985, 22),
(345, 'Sándor Györgyi', '20813365', 1992, 17),
(346, 'Barta Gergő', '20890625', 1981, 20),
(347, 'Vincze Rudolf', '70990719', 1991, 17),
(348, 'Puskás Ervin', '30774837', 1975, 20),
(349, 'Juhász Tivadar', '70936531', 1977, 22),
(350, 'Végh Enikő', '30356512', 2001, 19),
(351, 'Oláh Dorina', '30265736', 1962, 22),
(352, 'Hegedüs Zsigmond', '20840085', 1977, 18),
(353, 'Nemes Dénes', '70472420', 1990, 20),
(354, 'Horváth Lóránt', '70845892', 1989, 16),
(355, 'Németh Ildikó', '30710144', 1990, 26),
(356, 'Király Barbara', '20725518', 2001, 27),
(357, 'Orsós Zalán', '70707089', 1991, 20),
(358, 'Gál Lajos', '70471137', 1991, 24),
(359, 'Fodor Ervin', '70403896', 1970, 22),
(360, 'Gál Lilla', '70754631', 1964, 23),
(361, 'Balogh Martin', '20493943', 1973, 20),
(362, 'Pintér Edit', '30557472', 1978, 22),
(363, 'Lengyel Kitti', '20127107', 1974, 17),
(364, 'Horváth Andor', '70653365', 1975, 24),
(365, 'Borbély András', '70156999', 1979, 19),
(366, 'Soós György', '70214452', 1966, 21),
(367, 'Hegedűs Szilvia', '30263968', 1972, 22),
(368, 'Kovács Dániel', '20887801', 1970, 19),
(369, 'Nemes György', '70752161', 1975, 19),
(370, 'Budai Brigitta', '70800239', 1968, 21),
(371, 'Hegedűs Kevin', '30204968', 2001, 25),
(372, 'Varga Ágnes', '30328888', 1995, 26),
(373, 'Nemes Szabolcs', '70744406', 1963, 26),
(374, 'Bodnár Júlia', '30717273', 1968, 17),
(375, 'László Martin', '70703686', 1991, 22),
(376, 'Kocsis Marcell', '20271884', 1971, 21),
(377, 'László Lóránt', '20638314', 1979, 19),
(378, 'Balog Terézia', '30668260', 1981, 28),
(379, 'Halász Beáta', '30121998', 1987, 24),
(380, 'Fehér Beáta', '30795000', 1968, 24),
(381, 'Katona Pál', '30748140', 1962, 18),
(382, 'Balázs Zsófia', '70476501', 1993, 21),
(383, 'Bognár Balázs', '70426658', 1996, 21),
(384, 'Vincze Mariann', '70257126', 1978, 27),
(385, 'Barta Brigitta', '70886613', 1982, 25),
(386, 'Sipos Péter', '20987078', 1995, 18),
(387, 'Faragó Júlia', '30630598', 1972, 24),
(388, 'Székely Erika', '20468064', 1995, 26),
(389, 'Balogh Mariann', '30402513', 1978, 18),
(390, 'Nagy Pál', '70910224', 1984, 28),
(391, 'Biró Győző', '70230589', 1972, 25),
(392, 'Balogh Fanni', '30273571', 1993, 25),
(393, 'Bodnár Lilla', '70650698', 1974, 24),
(394, 'Nemes Lili', '30373765', 1985, 23),
(395, 'Magyar Attila', '30183040', 1999, 22),
(396, 'Major Erika', '20229595', 1992, 21),
(397, 'Kocsis Renáta', '20900786', 1967, 27),
(398, 'Kovács Klára', '20538791', 1991, 27),
(399, 'Bakos Milán', '70925362', 1997, 18),
(400, 'Veres Erika', '20666730', 1966, 20),
(401, 'Gulyás Hajnalka', '20542456', 1992, 20),
(402, 'Szekeres Beáta', '30370002', 1965, 25),
(403, 'Dobos Olga', '30601856', 1982, 19),
(404, 'Puskás Dezső', '70527886', 1961, 19),
(405, 'Pap Dorina', '20544088', 1983, 25),
(406, 'Orbán Richárd', '30328123', 1972, 27),
(407, 'Balla Dezső', '30384983', 1997, 24),
(408, 'Deák Szabolcs', '20816531', 2000, 16),
(409, 'Papp Renáta', '20797113', 1992, 26),
(410, 'Szilágyi Szilvia', '20150883', 1962, 29),
(411, 'Soós Csilla', '70973408', 1981, 18),
(412, 'Gáspár Mariann', '20856779', 1999, 19),
(413, 'Barna Csilla', '20702960', 1994, 29),
(414, 'Pintér Renáta', '20183701', 1969, 22),
(415, 'Rácz Aranka', '70995330', 1996, 28),
(416, 'Fazekas Roland', '20739236', 1984, 20),
(417, 'Kerekes Richárd', '20270927', 1975, 23),
(418, 'Novák Marcell', '20571724', 1972, 18),
(419, 'Veres Barnabás', '30177065', 1985, 17),
(420, 'Tóth Henrik', '20436050', 1984, 27),
(421, 'Bogdán Júlia', '70138963', 1988, 24),
(422, 'Csonka Márta', '20888957', 1992, 23),
(423, 'Veres Emma', '30231360', 1994, 17),
(424, 'Puskás Benjámin', '70279562', 1995, 24),
(425, 'Bodnár Bernadett', '30864329', 1974, 22),
(426, 'Tamás Petra', '30828564', 1981, 17),
(427, 'Oláh Adrián', '70506897', 1994, 18),
(428, 'Deák Zita', '20727420', 1989, 28),
(429, 'Tamás Beatrix', '30595366', 1992, 24),
(430, 'Székely Máté', '30108398', 1990, 24),
(431, 'Péter Tímea', '70879725', 1994, 27),
(432, 'Molnár Zoltán', '70555299', 1972, 16),
(433, 'Gáspár Klára', '20328727', 1973, 20),
(434, 'Biró Kitti', '70365881', 1964, 18),
(435, 'Sipos Balázs', '70639219', 1962, 29),
(436, 'Gál Réka', '20184605', 1998, 29),
(437, 'Fekete Tibor', '30773373', 1989, 24),
(438, 'Kis Richárd', '20493317', 1976, 29),
(439, 'Varga Alex', '30802261', 1988, 27),
(440, 'Vincze Mónika', '20696078', 1985, 23),
(441, 'Antal Krisztián', '30178666', 1989, 20),
(442, 'Veres Gizella', '30558347', 1977, 27),
(443, 'Váradi Tünde', '20545826', 1967, 23),
(444, 'Lakatos Nándor', '70849548', 1988, 22),
(445, 'Németh Dorina', '30678274', 1964, 25),
(446, 'Rácz Csongor', '70192968', 1972, 28),
(447, 'Magyar Melinda', '30151623', 1980, 19),
(448, 'Végh Jolán', '20746392', 1983, 19),
(449, 'Antal Brigitta', '70482791', 1965, 22),
(450, 'Török Renáta', '20586343', 1989, 28),
(451, 'Váradi Dominik', '30487121', 1985, 28),
(452, 'Takács Marcell', '70605595', 1990, 22),
(453, 'Szabó Irma', '70637810', 1965, 20),
(454, 'Kozma András', '30549410', 1980, 20),
(455, 'Katona Zsuzsanna', '30794271', 1977, 20),
(456, 'Budai Olivér', '20477792', 1974, 26),
(457, 'Fazekas Róza', '70377519', 1998, 24),
(458, 'Pál Dénes', '20796750', 1999, 21),
(459, 'Hajdu Renátó', '20108994', 1962, 20),
(460, 'Balla Mihály', '30308998', 1976, 29),
(461, 'Csonka Marcell', '70938734', 1998, 17),
(462, 'Sándor József', '20202399', 1991, 19),
(463, 'Vincze Benjámin', '20423080', 1974, 24),
(464, 'Máté Benedek', '30152753', 1970, 16),
(465, 'Pataki Renáta', '70637080', 1969, 28),
(466, 'Kerekes Ágnes', '20655983', 1975, 23),
(467, 'Molnár Csongor', '20468444', 1963, 28),
(468, 'Pataki Martin', '30607126', 1985, 19),
(469, 'Pintér Olga', '70559524', 1994, 17),
(470, 'Tamás Alex', '70646868', 2001, 21),
(471, 'Dudás Erika', '30863467', 1966, 16),
(472, 'Szalai Petra', '30253906', 1979, 21),
(473, 'Mészáros Henrik', '30215130', 1999, 18),
(474, 'Szekeres Henrik', '30717439', 1987, 25),
(475, 'Szilágyi Szilvia', '70915792', 1966, 18),
(476, 'Török Martin', '30476983', 1976, 29),
(477, 'Dobos Klaudia', '70451107', 1999, 19),
(478, 'Boros Anikó', '70677323', 1984, 27),
(479, 'Varga Nikoletta', '20893515', 1966, 27),
(480, 'Mészáros Marcell', '20350746', 1965, 17),
(481, 'Bogdán Virág', '20275028', 1996, 20),
(482, 'Vass János', '30164905', 1968, 20),
(483, 'Illés Gergő', '30866829', 1967, 20),
(484, 'Fodor Kitti', '20871608', 2000, 21),
(485, 'Lengyel Albert', '70719524', 1983, 29),
(486, 'Sipos Szilvia', '70844659', 2001, 17),
(487, 'Németh Alex', '30416106', 1962, 28),
(488, 'Szőke Bettina', '30340565', 2000, 17),
(489, 'Pásztor Dorina', '30691441', 1975, 28),
(490, 'Pál Barna', '70578489', 1992, 21),
(491, 'Antal Zoltán', '30828324', 1974, 17),
(492, 'Vass Sándor', '30972917', 1979, 28),
(493, 'Fodor Katalin', '30136501', 1975, 25),
(494, 'Szücs Szabolcs', '70378665', 1986, 16),
(495, 'Antal Richárd', '70316239', 1993, 25),
(496, 'Major Martin', '70882233', 1994, 18),
(497, 'Magyar Bence', '20567201', 1981, 26),
(498, 'Szücs András', '70473337', 1985, 17),
(499, 'Major Piroska', '20372245', 1984, 22),
(500, 'Varga Tibor', '20437884', 1967, 24),
(501, 'Sipos Brigitta', '70659760', 1972, 27),
(502, 'Borbély Lili', '20678981', 1977, 22),
(503, 'Péter Brigitta', '20688707', 1974, 29),
(504, 'Deák Edit', '70943333', 1994, 24),
(505, 'Szőke Elek', '20158404', 1990, 25),
(506, 'Hegedüs Olga', '20797571', 1961, 25),
(507, 'Pataki Réka', '70190472', 1987, 25),
(508, 'Halász Balázs', '20906258', 1978, 20),
(509, 'Fodor Arnold', '70153647', 1976, 22),
(510, 'Vincze Szilvia', '30785887', 1974, 26),
(511, 'Virág Virág', '20316438', 1995, 18),
(512, 'Horváth Márta', '70677323', 1962, 16),
(513, 'Barta Rita', '20482624', 1995, 19),
(514, 'Péter Olga', '30514571', 1982, 25),
(515, 'Varga Klára', '70650723', 1971, 24),
(516, 'Halász Marcell', '70576153', 1984, 26),
(517, 'Végh Vilmos', '70448628', 1996, 26),
(518, 'Sipos Anikó', '70276263', 1981, 20),
(519, 'Szilágyi Ákos', '70891994', 2001, 26),
(520, 'Vincze Anikó', '70735462', 1997, 26),
(521, 'Varga Zsolt', '30761107', 1997, 27),
(522, 'Váradi Béla', '70187004', 1965, 21),
(523, 'Sándor Richárd', '70681401', 1988, 27),
(524, 'Szabó Julianna', '70140088', 1963, 17),
(525, 'Oláh Dávid', '20812652', 1966, 23),
(526, 'Antal Antal', '30945957', 1984, 27),
(527, 'Bakos Olga', '70801573', 1996, 17),
(528, 'Szalai György', '30521349', 1993, 22),
(529, 'Lukács Bertalan', '30973056', 1981, 27),
(530, 'Farkas Patrik', '30225304', 1988, 19),
(531, 'Soós Csaba', '20743630', 1996, 29),
(532, 'Kovács Ildikó', '70307823', 1978, 27),
(533, 'Vincze Gyula', '30626562', 1969, 17),
(534, 'Mészáros Emese', '30611851', 1995, 26),
(535, 'Gulyás Márk', '30356074', 1974, 27),
(536, 'Vass Renátó', '30288185', 1973, 21),
(537, 'Szalai András', '30671173', 1967, 21),
(538, 'Faragó Veronika', '70846209', 1971, 20),
(539, 'Pap Benjámin', '70873067', 1979, 26),
(540, 'Gulyás Szabolcs', '20350910', 1976, 18),
(541, 'Deák János', '30218892', 1978, 23),
(542, 'Kovács Henrik', '30349190', 1971, 20),
(543, 'Veres Ida', '30458616', 1994, 19),
(544, 'Lukács Júlia', '30671929', 1999, 19),
(545, 'Tóth Andrea', '30284764', 1968, 23),
(546, 'Szalai Eszter', '70379160', 1962, 26),
(547, 'Pintér Dorina', '30228506', 1962, 27),
(548, 'Balogh Martin', '30698360', 1986, 27),
(549, 'Kelemen Gergely', '70204206', 1967, 22),
(550, 'Sándor Gizella', '20787303', 1970, 22),
(551, 'Szalai Evelin', '30536991', 1978, 26),
(552, 'Novák Brigitta', '70701437', 1970, 17),
(553, 'Király Mátyás', '70941937', 1971, 26),
(554, 'Pásztor Anita', '70145406', 1989, 17),
(555, 'Vincze Arnold', '30429720', 1976, 27),
(556, 'Takács Renáta', '20217892', 1986, 20),
(557, 'Faragó Balázs', '20776588', 1995, 29),
(558, 'Balog Róza', '70974863', 1993, 23),
(559, 'Kiss Anikó', '20381033', 1988, 30),
(560, 'Szücs Terézia', '30721680', 1987, 41),
(561, 'Varga Ervin', '70488959', 1981, 42),
(562, 'Csonka Richárd', '20900959', 1977, 42),
(563, 'Kovács Zoltán', '20372985', 1973, 37),
(564, 'Szabó Márta', '70661613', 1993, 31),
(565, 'Major Milán', '30914579', 1989, 32),
(566, 'Barta Richárd', '30112025', 1988, 35),
(567, 'Gáspár Csaba', '70885455', 1984, 39),
(568, 'Pataki Beáta', '30687232', 1999, 37),
(569, 'Király Szilvia', '30734536', 1975, 37),
(570, 'Gulyás Klaudia', '70769181', 1966, 31),
(571, 'Illés Mátyás', '70901702', 1991, 31),
(572, 'Faragó János', '20500943', 1981, 38),
(573, 'Kiss Róza', '20306126', 1977, 39),
(574, 'Szalai Brigitta', '30659394', 1998, 31),
(575, 'Pintér Brigitta', '30817348', 1982, 42),
(576, 'Deák Klára', '70919794', 1975, 32),
(577, 'Pásztor Terézia', '20913471', 1961, 30),
(578, 'Fehér Anikó', '20421477', 1985, 39),
(579, 'Fekete Kitti', '30319879', 1989, 33),
(580, 'Fodor Alex', '30104696', 1990, 30),
(581, 'Vincze Anikó', '70904958', 1990, 36),
(582, 'Major Jolán', '20657770', 1975, 32),
(583, 'Vörös Ábel', '70524798', 2001, 34),
(584, 'Vass Klaudia', '70335002', 1968, 32),
(585, 'Antal Brigitta', '30238279', 1966, 35),
(586, 'Somogyi Pál', '30566550', 1983, 33),
(587, 'Varga Zalán', '20570041', 1977, 30),
(588, 'Lakatos Roland', '30693200', 1976, 34),
(589, 'Varga Lóránt', '20523906', 1964, 30),
(590, 'Péter Milán', '70610068', 1992, 30),
(591, 'Sipos Klára', '20999532', 1982, 43),
(592, 'Csonka Renáta', '70883779', 1976, 40),
(593, 'Váradi Fanni', '30695683', 1996, 36),
(594, 'Soós Emese', '20352435', 1980, 43),
(595, 'Balogh Martin', '70199315', 1989, 41),
(596, 'Orsós Olga', '30164916', 1975, 38),
(597, 'Orosz Ágnes', '70206799', 1995, 41),
(598, 'Hegedűs János', '70216720', 1968, 41),
(599, 'Magyar Barna', '30329979', 1995, 41),
(600, 'Veres József', '20935213', 1969, 43),
(601, 'Novák Gergely', '70654991', 1989, 42),
(602, 'Fehér Zita', '70615962', 1971, 35),
(603, 'Puskás Tünde', '70801338', 1987, 40),
(604, 'Kovács János', '70209596', 1979, 41),
(605, 'Kelemen Máté', '20182093', 1981, 34),
(606, 'Németh Marcell', '20125463', 1996, 31),
(607, 'Novák Balázs', '20189898', 1978, 40),
(608, 'Hegedűs Piroska', '30739509', 1984, 31),
(609, 'Virág Júlia', '20659489', 1990, 31),
(610, 'Budai Győző', '20205314', 1962, 33),
(611, 'Fodor Alex', '30252094', 1978, 32),
(612, 'Király Mónika', '70862394', 1970, 32),
(613, 'Jakab Arnold', '20480103', 1974, 38),
(614, 'Váradi Csilla', '20947238', 1968, 34),
(615, 'Oláh Szabolcs', '30737157', 1992, 33),
(616, 'Kocsis Szilvia', '30948190', 1961, 43),
(617, 'Hegedüs Virág', '70852130', 1988, 42),
(618, 'Sándor Tibor', '70879686', 1974, 43),
(619, 'Szekeres Sándor', '30428651', 1993, 35),
(620, 'Pál Edit', '20397516', 1985, 42),
(621, 'Varga Kitti', '20885986', 1981, 35),
(622, 'Tóth Irma', '30747451', 1987, 37),
(623, 'Orsós Klára', '30797384', 1991, 38),
(624, 'Nemes Károly', '70829409', 1983, 41),
(625, 'Soós Beatrix', '70535667', 1968, 35),
(626, 'Pásztor Lajos', '30463648', 1994, 41),
(627, 'Fazekas Renátó', '70545956', 1999, 35),
(628, 'Bodnár Dezső', '20831924', 1977, 40),
(629, 'Szőke Márk', '30628370', 1980, 39),
(630, 'Magyar Renáta', '30995441', 1966, 37),
(631, 'Simon Alex', '70258854', 1982, 33),
(632, 'Nemes Richárd', '20250071', 1962, 42),
(633, 'Deák Alex', '20621680', 1971, 31),
(634, 'Székely Barbara', '30907076', 1963, 30),
(635, 'Kozma Arnold', '70674025', 1977, 33),
(636, 'Molnár Rita', '70386529', 1992, 30),
(637, 'László Edit', '20517072', 1965, 32),
(638, 'Bakos Róbert', '70933715', 1965, 39),
(639, 'Péter Balázs', '70817323', 1991, 42),
(640, 'Fazekas Júlia', '30299415', 1997, 34),
(641, 'Katona Emil', '20610258', 1964, 41),
(642, 'Bodnár Bertalan', '70394312', 1988, 35),
(643, 'Barta Marcell', '20666043', 1973, 41),
(644, 'Vincze György', '30297165', 1962, 38),
(645, 'Kerekes Éva', '70339492', 1989, 38),
(646, 'Bogdán Renáta', '20556913', 1965, 40),
(647, 'Mészáros Elek', '30318531', 1982, 31),
(648, 'Major Marcell', '30388859', 1987, 31),
(649, 'Vincze Erika', '20939594', 1964, 37),
(650, 'Balla Dorina', '30599872', 1961, 31),
(651, 'Szilágyi János', '30311504', 1969, 30),
(652, 'Sándor Dorina', '20328377', 1981, 37),
(653, 'Varga Györgyi', '20457941', 1980, 43),
(654, 'Boros Erika', '30376416', 1990, 40),
(655, 'Biró Ida', '20377586', 1972, 34),
(656, 'Pap Marcell', '30579114', 1986, 30),
(657, 'Major Szabolcs', '70560523', 1990, 30),
(658, 'Simon Andrea', '20933713', 1963, 38),
(659, 'Balogh Kornél', '20662761', 1990, 30),
(660, 'Dobos Henrik', '70619172', 2001, 34),
(661, 'Pintér Marcell', '70338884', 1964, 33),
(662, 'Székely Péter', '30442857', 1994, 43),
(663, 'Vincze Szabolcs', '70860886', 1996, 30),
(664, 'Kis Szabolcs', '20234602', 1988, 32),
(665, 'Antal Gizella', '70170670', 1994, 37),
(666, 'Halász Zsuzsanna', '70948541', 1983, 32),
(667, 'Budai Barnabás', '30810635', 1986, 37),
(668, 'Váradi Júlia', '70942328', 1995, 43),
(669, 'Szalai Martin', '30197769', 1978, 36),
(670, 'Péter Aranka', '70163970', 1987, 42),
(671, 'Antal Szabolcs', '70845063', 1990, 37),
(672, 'Balogh Viktória', '30128401', 1966, 31),
(673, 'Veres György', '30827433', 2001, 43),
(674, 'Vass Julianna', '70219689', 1997, 38),
(675, 'Kovács Krisztián', '30596150', 1985, 33),
(676, 'Bognár Roland', '70762802', 2001, 31),
(677, 'Bodnár Dániel', '20287798', 1970, 33),
(678, 'Barta Barnabás', '20161691', 1978, 35),
(679, 'Gáspár Gergő', '70716130', 1988, 35),
(680, 'Halász Klára', '70518773', 1984, 42),
(681, 'Vincze Beáta', '30858294', 1980, 31),
(682, 'Horváth Lilla', '20629087', 1996, 43),
(683, 'Pásztor Gergő', '70566440', 1996, 31),
(684, 'Németh Anikó', '70549787', 1999, 31),
(685, 'Török Mária', '70363554', 1996, 42),
(686, 'Nemes Gizella', '20311501', 1991, 33),
(687, 'Végh Olga', '20244151', 1992, 38),
(688, 'Farkas Brigitta', '30255036', 1972, 40),
(689, 'Gulyás Balázs', '20644461', 1983, 33),
(690, 'Molnár Mariann', '30630086', 1971, 34),
(691, 'Gál Rozália', '70270966', 1997, 43),
(692, 'Gál Béla', '70326059', 1979, 34),
(693, 'Király Katalin', '70623052', 1972, 30),
(694, 'Barna Gizella', '30543729', 1993, 39),
(695, 'Deák Brigitta', '30524734', 1984, 37),
(696, 'Katona Kevin', '30857687', 1963, 42),
(697, 'Antal Dorina', '70664644', 1963, 42),
(698, 'Pataki Albert', '30671615', 1996, 31),
(699, 'Budai Brigitta', '20190935', 1962, 34),
(700, 'Orbán Richárd', '20345846', 1994, 32),
(701, 'Nagy András', '30681938', 1964, 36),
(702, 'Gulyás Mihály', '70416869', 1994, 31),
(703, 'Varga Terézia', '30336492', 1994, 43),
(704, 'Horváth András', '20336332', 1998, 42),
(705, 'Végh Zsófia', '20953170', 1995, 30),
(706, 'Szücs Zsolt', '30221788', 1969, 33),
(707, 'Budai Petra', '20911186', 1991, 30),
(708, 'Puskás Martin', '20331916', 1966, 43),
(709, 'Szücs Szabolcs', '70800845', 1992, 35),
(710, 'Szalai Lóránt', '30300860', 1965, 32),
(711, 'Szűcs Enikő', '30752172', 2000, 34),
(712, 'Tamás Bence', '20269927', 1967, 39),
(713, 'Szilágyi Anita', '70143916', 1995, 42),
(714, 'Váradi Gergő', '20827161', 1968, 37),
(715, 'Lukács András', '30871491', 1999, 41),
(716, 'Váradi Erika', '70727072', 1970, 36),
(717, 'Faragó Antal', '20736083', 1974, 40),
(718, 'Magyar Evelin', '20799388', 1974, 33),
(719, 'Sipos Veronika', '30681063', 1990, 40),
(720, 'Papp Dorina', '30536460', 1995, 39),
(721, 'Pintér György', '30270971', 2001, 31),
(722, 'Bogdán Róza', '20258244', 1965, 36),
(723, 'Fodor Zsigmond', '20471578', 1968, 37),
(724, 'Pataki Kitti', '30997033', 1971, 38),
(725, 'Kocsis Gergő', '20192941', 1987, 35),
(726, 'Vincze Gergő', '20187003', 1972, 39),
(727, 'Jónás Petra', '20727504', 1980, 39),
(728, 'Deák Csongor', '70817294', 1983, 30),
(729, 'Sipos Szilvia', '30825172', 1974, 42),
(730, 'Balog Alex', '20820880', 1999, 32),
(731, 'Pap András', '20806248', 1990, 33),
(732, 'Takács András', '70293007', 1984, 43),
(733, 'Szilágyi Réka', '30485255', 1963, 37),
(734, 'Király Richárd', '20785904', 1980, 38),
(735, 'Vörös Renáta', '30975252', 1962, 43),
(736, 'Péter Nikoletta', '30854107', 1963, 42),
(737, 'Faragó Zita', '30345158', 1983, 36),
(738, 'Somogyi Szilvia', '20345794', 1966, 40),
(739, 'Balog Tímea', '20320723', 1990, 42),
(740, 'Farkas Zsombor', '30552437', 1961, 35),
(741, 'Dudás János', '30893369', 1989, 39),
(742, 'Kelemen Dávid', '70338195', 1998, 42),
(743, 'Lukács Szilvia', '70388614', 1985, 41),
(744, 'Fekete Ákos', '30469292', 1970, 38),
(745, 'Rácz Balázs', '70176331', 1967, 34),
(746, 'Bálint János', '70225875', 1994, 38),
(747, 'Szekeres Andor', '30552158', 1971, 43),
(748, 'Soós Júlia', '30742560', 1994, 38),
(749, 'Oláh Szilvia', '30322177', 1999, 41),
(750, 'Antal Olga', '20999664', 1990, 36),
(751, 'Fodor Nándor', '70205584', 1975, 32),
(752, 'Halász Richárd', '30239336', 2001, 30),
(753, 'Juhász Henrik', '30978546', 1974, 34),
(754, 'Lengyel Lili', '20804361', 1972, 36),
(755, 'Barna Mariann', '70714125', 1997, 35),
(756, 'Kelemen Dénes', '20731335', 1970, 32),
(757, 'Puskás Gyula', '70671301', 1983, 37),
(758, 'Borbély Lilla', '20848456', 1985, 30),
(759, 'Balla Henrik', '30790637', 1965, 32),
(760, 'Lengyel Vilmos', '70616726', 1965, 34),
(761, 'Vincze Réka', '20638407', 1986, 36),
(762, 'Mészáros Richárd', '20510268', 1993, 36),
(763, 'Szabó Renáta', '30803771', 1974, 37),
(764, 'Kelemen Klára', '30262111', 1971, 40),
(765, 'Vincze József', '30668767', 1978, 31),
(766, 'László Renáta', '20332497', 1987, 39),
(767, 'Pál Ervin', '30639885', 1983, 41),
(768, 'Varga Barnabás', '30644275', 1965, 38),
(769, 'László Márta', '20900957', 1992, 36),
(770, 'Vass Ildikó', '70466445', 1963, 40),
(771, 'Pintér Martin', '20939613', 1984, 42),
(772, 'Fehér Marcell', '20782178', 1989, 43),
(773, 'Török Eszter', '70847669', 1976, 37),
(774, 'Kovács Zsigmond', '20393045', 1974, 41),
(775, 'Biró Dominik', '70841340', 1982, 38),
(776, 'Sipos Olga', '30962651', 1968, 40),
(777, 'Borbély Benjámin', '70496228', 1973, 40),
(778, 'Sándor Dorina', '20928188', 1997, 41),
(779, 'Végh Martin', '30931828', 2000, 42),
(780, 'Major Balázs', '30713304', 1992, 38),
(781, 'Gál Viktória', '30366784', 1973, 31),
(782, 'Rácz Dénes', '70838676', 1978, 39),
(783, 'Szücs Zoltán', '70540899', 1994, 36),
(784, 'Veres Ervin', '20599201', 1963, 39),
(785, 'Veres Erika', '70169686', 1989, 30),
(786, 'Takács Olivér', '20921394', 1961, 32),
(787, 'Szilágyi Benjámin', '30712460', 1991, 30),
(788, 'Bakos Roland', '30962975', 1967, 33),
(789, 'Gáspár Ferenc', '30133896', 1979, 43),
(790, 'Kocsis Erika', '30130350', 1965, 40),
(791, 'Máté Györgyi', '20997899', 1982, 38),
(792, 'Horváth Emma', '30402015', 2001, 32),
(793, 'Végh Bettina', '70496491', 1975, 35),
(794, 'Oláh Bernadett', '20591424', 1975, 43),
(795, 'Veres Klaudia', '20101424', 1976, 40),
(796, 'Fazekas Hajnalka', '70548882', 1985, 36),
(797, 'Sándor Henrik', '30600397', 1967, 40),
(798, 'Pál Beáta', '20876256', 1973, 30),
(799, 'Szőke Lili', '20485752', 1982, 40),
(800, 'Csonka Dorina', '20503340', 1969, 36),
(801, 'Hajdu Anikó', '70237184', 1986, 40),
(802, 'Novák Anikó', '20788290', 1963, 37),
(803, 'Tóth Tivadar', '70247801', 1974, 42),
(804, 'Oláh Dezső', '70889301', 1961, 37),
(805, 'Nagy Benedek', '20173087', 1986, 41),
(806, 'Kerekes Pál', '20939946', 1995, 34),
(807, 'Tamás György', '30761981', 1994, 38),
(808, 'Csonka Fanni', '20875807', 1996, 36),
(809, 'Magyar Ildikó', '30958212', 1965, 36),
(810, 'Balázs Ágnes', '70378070', 2000, 31),
(811, 'Fodor Olga', '70520587', 1970, 31),
(812, 'Máté György', '30743857', 1992, 40),
(813, 'Szalai Csongor', '20504776', 1990, 37),
(814, 'Balogh Martin', '20325726', 1976, 35),
(815, 'Somogyi Terézia', '30991607', 1970, 33),
(816, 'Varga Patrik', '70349561', 1990, 31),
(817, 'Gulyás Mariann', '20407804', 1991, 39),
(818, 'Gulyás Adrián', '20528891', 1984, 35),
(819, 'Deák Júlia', '70504658', 1988, 35),
(820, 'Rácz Henrik', '70474295', 1982, 41),
(821, 'Gál Tibor', '30119988', 1983, 32),
(822, 'Tamás Renátó', '70384900', 1975, 30),
(823, 'Sipos Melinda', '30461196', 1976, 35),
(824, 'Orosz Marcell', '20788461', 1979, 35),
(825, 'Szekeres Csongor', '30570106', 1978, 36),
(826, 'Hegedüs Benjámin', '30708068', 1966, 37),
(827, 'Bogdán Virág', '20670488', 1999, 32),
(828, 'Németh Györgyi', '30951511', 1977, 40),
(829, 'Szalai Rudolf', '70168569', 1996, 31),
(830, 'Kocsis Klára', '30888171', 1971, 42),
(831, 'Sándor Iván', '20979814', 1980, 35),
(832, 'Faragó Ildikó', '30670952', 1993, 37),
(833, 'Faragó Brigitta', '30332984', 1983, 42),
(834, 'Horváth Csilla', '30747598', 1987, 37),
(835, 'Mészáros Dominik', '20503415', 1994, 36),
(836, 'László Réka', '20202113', 1966, 42),
(837, 'Szilágyi Lóránt', '30966409', 1975, 32),
(838, 'Dobos Attila', '30353682', 1963, 38),
(839, 'Nemes Balázs', '70872134', 1964, 34),
(840, 'Simon Jolán', '30400442', 1976, 43);

-- --------------------------------------------------------

--
-- Table structure for table `nyelvek`
--

CREATE TABLE `nyelvek` (
  `id` int(11) NOT NULL,
  `nyelv` varchar(7) COLLATE utf8mb4_hungarian_ci NOT NULL
) ENGINE=InnoDB DEFAULT CHARSET=utf8mb4 COLLATE=utf8mb4_hungarian_ci;

--
-- Dumping data for table `nyelvek`
--

INSERT INTO `nyelvek` (`id`, `nyelv`) VALUES
(1, 'angol'),
(2, 'német'),
(3, 'francia'),
(4, 'olasz'),
(5, 'spanyol'),
(6, 'lengyel'),
(7, 'orosz'),
(8, 'holland');

-- --------------------------------------------------------

--
-- Table structure for table `vizsgak`
--

CREATE TABLE `vizsgak` (
  `sorsz` int(11) NOT NULL,
  `idopont` datetime NOT NULL,
  `nyelvid` int(11) NOT NULL,
  `szint` varchar(2) COLLATE utf8mb4_hungarian_ci NOT NULL
) ENGINE=InnoDB DEFAULT CHARSET=utf8mb4 COLLATE=utf8mb4_hungarian_ci;

--
-- Dumping data for table `vizsgak`
--

INSERT INTO `vizsgak` (`sorsz`, `idopont`, `nyelvid`, `szint`) VALUES
(1, '2018-01-03 15:00:00', 1, 'B2'),
(2, '2018-01-05 15:00:00', 2, 'B1'),
(3, '2018-01-08 15:00:00', 1, 'C1'),
(4, '2018-01-10 15:00:00', 2, 'B2'),
(5, '2018-01-12 15:00:00', 3, 'B1'),
(6, '2018-01-13 10:00:00', 1, 'B2'),
(7, '2018-01-15 15:00:00', 2, 'C1'),
(8, '2018-01-17 15:00:00', 1, 'B2'),
(9, '2018-01-19 15:00:00', 4, 'B1'),
(10, '2018-01-22 15:00:00', 1, 'C1'),
(11, '2018-01-24 15:00:00', 2, 'B2'),
(12, '2018-01-26 15:00:00', 5, 'B1'),
(13, '2018-01-27 10:00:00', 2, 'B2'),
(14, '2018-01-29 15:00:00', 2, 'C1'),
(15, '2018-01-31 15:00:00', 1, 'B2'),
(16, '2018-02-02 15:00:00', 6, 'B1'),
(17, '2018-02-05 15:00:00', 1, 'C1'),
(18, '2018-02-07 15:00:00', 2, 'B2'),
(19, '2018-02-09 15:00:00', 3, 'B1'),
(20, '2018-02-10 10:00:00', 1, 'B2'),
(21, '2018-02-12 15:00:00', 2, 'C1'),
(22, '2018-02-14 15:00:00', 1, 'B2'),
(23, '2018-02-16 15:00:00', 4, 'B1'),
(24, '2018-02-19 15:00:00', 1, 'C1'),
(25, '2018-02-21 15:00:00', 2, 'B2'),
(26, '2018-02-23 15:00:00', 5, 'B1'),
(27, '2018-02-24 10:00:00', 2, 'B2'),
(28, '2018-02-26 15:00:00', 2, 'C1'),
(29, '2018-02-28 15:00:00', 1, 'B2'),
(30, '2018-03-02 15:00:00', 6, 'B1'),
(31, '2018-03-05 15:00:00', 1, 'C1'),
(32, '2018-03-07 15:00:00', 2, 'B2'),
(33, '2018-03-09 15:00:00', 3, 'B1'),
(34, '2018-03-10 10:00:00', 1, 'B2'),
(35, '2018-03-12 15:00:00', 2, 'C1'),
(36, '2018-03-14 15:00:00', 1, 'B2'),
(37, '2018-03-16 15:00:00', 4, 'B1'),
(38, '2018-03-19 15:00:00', 1, 'C1'),
(39, '2018-03-21 15:00:00', 2, 'B2'),
(40, '2018-03-23 15:00:00', 5, 'B1'),
(41, '2018-03-24 10:00:00', 2, 'B2'),
(42, '2018-03-26 15:00:00', 2, 'C1'),
(43, '2018-03-28 15:00:00', 1, 'B2');

--
-- Indexes for dumped tables
--

--
-- Indexes for table `jelentkezesek`
--
ALTER TABLE `jelentkezesek`
  ADD PRIMARY KEY (`sorsz`),
  ADD KEY `vizsga` (`vizsga`);

--
-- Indexes for table `nyelvek`
--
ALTER TABLE `nyelvek`
  ADD PRIMARY KEY (`id`);

--
-- Indexes for table `vizsgak`
--
ALTER TABLE `vizsgak`
  ADD PRIMARY KEY (`sorsz`),
  ADD KEY `nyelvid` (`nyelvid`);

--
-- Constraints for dumped tables
--

--
-- Constraints for table `jelentkezesek`
--
ALTER TABLE `jelentkezesek`
  ADD CONSTRAINT `jelentkezesek_ibfk_1` FOREIGN KEY (`vizsga`) REFERENCES `vizsgak` (`sorsz`),
  ADD CONSTRAINT `jelentkezesek_ibfk_2` FOREIGN KEY (`vizsga`) REFERENCES `vizsgak` (`sorsz`) ON DELETE CASCADE ON UPDATE CASCADE;

--
-- Constraints for table `vizsgak`
--
ALTER TABLE `vizsgak`
  ADD CONSTRAINT `vizsgak_ibfk_1` FOREIGN KEY (`nyelvid`) REFERENCES `nyelvek` (`id`) ON DELETE CASCADE ON UPDATE CASCADE;
--
-- Database: `oldtimer`
--
CREATE DATABASE IF NOT EXISTS `oldtimer` DEFAULT CHARACTER SET utf8mb4 COLLATE utf8mb4_hungarian_ci;
USE `oldtimer`;

-- --------------------------------------------------------

--
-- Table structure for table `velemenyek`
--

CREATE TABLE `velemenyek` (
  `id` int(11) NOT NULL,
  `nev` varchar(30) COLLATE utf8mb4_hungarian_ci NOT NULL,
  `velemeny` varchar(255) COLLATE utf8mb4_hungarian_ci NOT NULL
) ENGINE=InnoDB DEFAULT CHARSET=utf8mb4 COLLATE=utf8mb4_hungarian_ci;

--
-- Dumping data for table `velemenyek`
--

INSERT INTO `velemenyek` (`id`, `nev`, `velemeny`) VALUES
(1, 'Béla', 'Nagyon király volt! ajánlom!'),
(2, 'Kriszti', 'Nagyon nehéz vezetni őket!'),
(3, 'Lajos', 'Mindenki megnézett az utcán...');

--
-- Indexes for dumped tables
--

--
-- Indexes for table `velemenyek`
--
ALTER TABLE `velemenyek`
  ADD PRIMARY KEY (`id`);

--
-- AUTO_INCREMENT for dumped tables
--

--
-- AUTO_INCREMENT for table `velemenyek`
--
ALTER TABLE `velemenyek`
  MODIFY `id` int(11) NOT NULL AUTO_INCREMENT, AUTO_INCREMENT=4;
--
-- Database: `oregfak`
--
CREATE DATABASE IF NOT EXISTS `oregfak` DEFAULT CHARACTER SET utf8mb4 COLLATE utf8mb4_hungarian_ci;
USE `oregfak`;

-- --------------------------------------------------------

--
-- Table structure for table `fa`
--

CREATE TABLE `fa` (
  `azon` int(11) NOT NULL,
  `faj` varchar(23) DEFAULT NULL,
  `kormeret` int(4) DEFAULT NULL,
  `telepules` varchar(18) DEFAULT NULL,
  `megyeid` int(2) DEFAULT NULL,
  `meres` int(4) DEFAULT NULL
) ENGINE=InnoDB DEFAULT CHARSET=utf8;

--
-- Dumping data for table `fa`
--

INSERT INTO `fa` (`azon`, `faj`, `kormeret`, `telepules`, `megyeid`, `meres`) VALUES
(1, 'közönséges bükk', 420, 'Bükkszentkereszt', 4, 2007),
(2, 'kocsányos tölgy', 527, 'Őcsény', 16, 2010),
(3, 'közönséges bükk', 423, 'Vásárosbéc', 2, 2009),
(4, 'közönséges bükk', 470, 'Herend', 18, 2008),
(5, 'kocsányos tölgy', 603, 'Belezna', 19, 2002),
(6, 'közönséges bükk', 407, 'Eszteregnye', 19, 2010),
(7, 'magas kőris', 595, 'Csobád', 4, 2007),
(8, 'kocsányos tölgy', 657, 'Hetényegyháza', 1, 2003),
(9, 'közönséges bükk', 403, 'Sikonda', 2, 2008),
(10, 'hárs', 474, 'Szeleste', 17, 2003),
(11, 'fekete nyár', 760, 'Tahitótfalu', 13, 2011),
(12, 'kocsányos tölgy', 530, 'Kerkafalva', 19, 2004),
(13, 'fehér nyár', 654, 'Fenékpuszta', 19, 2010),
(14, 'közönséges bükk', 415, 'Pénzesgyőr', 18, 2009),
(15, 'kocsányos tölgy', 503, 'Túristvándi', 15, 2009),
(16, 'kocsányos tölgy', 553, 'Kálócfa', 19, 2004),
(17, 'közönséges bükk', 439, 'Monostorapáti', 18, 2009),
(18, 'szelídgesztenye', 694, 'Bak', 19, 2009),
(19, 'házi berkenye', 258, 'Zengővárkony', 2, 2011),
(20, 'hegyi szil', 430, 'Fenékpuszta', 19, 2009),
(21, 'tulipánfa', 415, 'Somogytarnóca', 14, 2010),
(22, 'közönséges bükk', 477, 'Pénzesgyőr', 18, 2006),
(23, 'mocsárciprus', 516, 'Martonvásár', 6, 2003),
(24, 'közönséges bükk', 421, 'Sikonda', 2, 2008),
(25, 'csertölgy', 554, 'Nagyrécse', 19, 2004),
(26, 'ostorfa', 362, 'Mezőhegyes', 3, 2010),
(27, 'juharlevelű platán', 737, 'Eger', 9, 2004),
(28, 'közönséges bükk', 402, 'Háromkő', 9, 2007),
(29, 'közönséges bükk', 616, 'Monostorapáti', 18, 2008),
(30, 'közönséges bükk', 476, 'Eszteregnye', 19, 2010),
(31, 'közönséges bükk', 482, 'Felsőmarác', 17, 2007),
(32, 'hárs', 438, 'Zirc', 18, 2004),
(33, 'fehér eper', 482, 'Pilisvörösvár', 13, 2011),
(34, 'ginkgo', 435, 'Iharos', 14, 2007),
(35, 'közönséges bükk', 434, 'Olaszfalu', 18, 2010),
(36, 'vadcseresznye', 415, 'Olaszfalu', 18, 2010),
(37, 'kocsányos tölgy', 500, 'Golop', 4, 2009),
(38, 'közönséges bükk', 400, 'Püspökszentlászló', 2, 2011),
(39, 'fehér nyár', 602, 'Algyő', 5, 2002),
(40, 'mezei szil', 475, 'Kisgörbő', 19, 2009),
(41, 'közönséges bükk', 476, 'Monostorapáti', 18, 2008),
(42, 'közönséges bükk', 507, 'Monostorapáti', 18, 2008),
(43, 'kocsányos tölgy', 529, 'Lad', 14, 2005),
(44, 'közönséges bükk', 476, 'Tátika', 19, 2004),
(45, 'közönséges bükk', 439, 'Püspökszentlászló', 2, 2011),
(46, 'közönséges bükk', 471, 'Olaszfalu', 18, 2010),
(47, 'ostorfa', 344, 'Kajdacs', 16, 2009),
(48, 'közönséges bükk', 445, 'Sikonda', 2, 2008),
(49, 'kocsányos tölgy', 589, 'Parádfürdő', 9, 2004),
(50, 'magyar kőris', 670, 'Lad', 14, 2009),
(51, 'fekete nyár', 853, 'Rákóczifalva', 10, 2011),
(52, 'fűz', 709, 'Gemenc', 1, 2010),
(53, 'közönséges bükk', 406, 'Pénzesgyőr', 18, 2010),
(54, 'fekete nyár', 685, 'Gemenc', 16, 2003),
(55, 'közönséges bükk', 430, 'Hárskút', 18, 2010),
(56, 'kocsányos tölgy', 510, 'Sárvár', 17, 2003),
(57, 'közönséges bükk', 503, 'Olaszfalu', 18, 2010),
(58, 'csertölgy', 534, 'Somogytúr', 14, 2009),
(59, 'fekete nyár', 699, 'Szekszárd', 16, 2009),
(60, 'fekete nyár', 635, 'Sárvár', 17, 2007),
(61, 'kocsányos tölgy', 624, 'Csokonyavisonta', 14, 2003),
(62, 'közönséges bükk', 435, 'Bükkszentkereszt', 4, 2007),
(63, 'hegyi juhar', 376, 'Kőszeg', 17, 2009),
(64, 'közönséges bükk', 446, 'Monostorapáti', 18, 2008),
(65, 'közönséges bükk', 432, 'Bükkszentkereszt', 4, 2007),
(66, 'kocsányos tölgy', 581, 'Mátraverebély', 12, 2003),
(67, 'óriás mamutfenyő', 663, 'Iharosberény', 14, 2007),
(68, 'fekete nyár', 620, 'Nyergesújfalu', 11, 2006),
(69, 'közönséges bükk', 436, 'Olaszfalu', 18, 2010),
(70, 'kocsányos tölgy', 613, 'Bak', 19, 2003),
(71, 'fekete nyár', 662, 'Karapancsa', 1, 2009),
(72, 'kocsányos tölgy', 606, 'Dénesfa', 7, 2003),
(73, 'kocsányos tölgy', 557, 'Kerkafalva', 19, 2004),
(74, 'közönséges bükk', 472, 'Lókút', 18, 2010),
(75, 'korai juhar', 515, 'Alsóhídvégpuszta', 16, 2009),
(76, 'szelídgesztenye', 551, 'Babócsa', 14, 2005),
(77, 'hárs', 400, 'Bak', 19, 2004),
(78, 'gyertyán', 367, 'Vöröstó', 18, 2009),
(79, 'fekete nyár', 622, 'Hódmezővásárhely', 5, 2007),
(80, 'kocsányos tölgy', 509, 'Bogyiszló', 16, 2007),
(81, 'mocsárciprus', 435, 'Devecser', 18, 2010),
(82, 'kocsányos tölgy', 574, 'Somogytarnóca', 14, 2011),
(83, 'kocsányos tölgy', 652, 'Péterhida', 14, 2003),
(84, 'közönséges bükk', 447, 'Sárszentmihály', 6, 2007),
(85, 'kocsányos tölgy', 585, 'Bácsborsód', 1, 2006),
(86, 'kocsányos tölgy', 525, 'Bóly', 2, 2003),
(87, 'közönséges bükk', 485, 'Püspökszentlászló', 2, 2005),
(88, 'hárs', 458, 'Füzérradvány', 4, 2004),
(89, 'kislevelű hárs', 561, 'Monostorapáti', 18, 2008),
(90, 'kocsányos tölgy', 680, 'Drávasztára', 2, 2002),
(91, 'kocsányos tölgy', 501, 'Letenye', 19, 2011),
(92, 'közönséges bükk', 491, 'Pénzesgyőr', 18, 2009),
(93, 'kocsányos tölgy', 571, 'Óföldeák', 5, 2010),
(94, 'kocsányos tölgy', 596, 'Noszvaj', 9, 2008),
(95, 'kocsányos tölgy', 562, 'Vátyonpuszta', 3, 2002),
(96, 'kocsányos tölgy', 532, 'Sárvár', 17, 2005),
(97, 'kislevelű hárs', 491, 'Zirc', 18, 2009),
(98, 'kocsánytalan tölgy', 538, 'Sikonda', 2, 2008),
(99, 'közönséges bükk', 473, 'Püspökszentlászló', 2, 2011),
(100, 'szelídgesztenye', 570, 'Iharosberény', 14, 2004),
(101, 'közönséges bükk', 403, 'Bükkszentkereszt', 4, 2007),
(102, 'fehér akác', 358, 'Tardos', 11, 2010),
(103, 'kocsányos tölgy', 600, 'Somogytúr', 14, 2009),
(104, 'közönséges bükk', 400, 'Sikonda', 2, 2008),
(105, 'közönséges bükk', 419, 'Magyarlukafa', 2, 2009),
(106, 'ginkgo', 527, 'Acsád', 17, 2006),
(107, 'juharlevelű platán', 635, 'Fót', 13, 2008),
(108, 'fekete nyár', 642, 'Szekszárd', 16, 2009),
(109, 'zöld juhar', 352, 'Gemenc', 16, 2009),
(110, 'csertölgy', 558, 'Kaposvár', 14, 2008),
(111, 'közönséges bükk', 415, 'Bükkszentkereszt', 4, 2007),
(112, 'gyertyán', 362, 'Hárskút', 18, 2010),
(113, 'közönséges bükk', 574, 'Lillafüred', 4, 2009),
(114, 'kocsányos tölgy', 507, 'Lepsény', 6, 2008),
(115, 'kocsányos tölgy', 528, 'Iklódbördőce', 19, 2004),
(116, 'fehér fűz', 689, 'Drégelypalánk', 12, 2008),
(117, 'kocsányos tölgy', 502, 'Tápióság', 13, 2011),
(118, 'kocsányos tölgy', 514, 'Dénesfa', 7, 2003),
(119, 'juharlevelű platán', 600, 'Cégénydányád', 15, 2003),
(120, 'szelídgesztenye', 515, 'Egervár', 19, 2011),
(121, 'kocsányos tölgy', 611, 'Mike', 14, 2005),
(122, 'kocsányos tölgy', 564, 'Pacsérvisnye', 14, 2010),
(123, 'közönséges bükk', 430, 'Bánkút', 4, 2009),
(124, 'juharlevelű platán', 660, 'Pápa', 18, 2004),
(125, 'fekete nyár', 735, 'Szegvár', 5, 2007),
(126, 'tulipánfa', 552, 'Csokonyavisonta', 14, 2010),
(127, 'kocsányos tölgy', 606, 'Somogytarnóca', 14, 2011),
(128, 'közönséges bükk', 439, 'Püspökszentlászló', 2, 2011),
(129, 'gyertyán', 355, 'Sikonda', 2, 2008),
(130, 'borostyán', 85, 'Kőszeg', 17, 2008),
(131, 'kocsányos tölgy', 512, 'Gemenc', 16, 2003),
(132, 'kocsányos tölgy', 501, 'Diósjenő', 12, 2005),
(133, 'közönséges bükk', 441, 'Püspökszentlászló', 2, 2011),
(134, 'kocsányos tölgy', 591, 'Lad', 14, 2009),
(135, 'közönséges bükk', 435, 'Monostorapáti', 18, 2009),
(136, 'közönséges bükk', 425, 'Magyarlukafa', 2, 2009),
(137, 'közönséges bükk', 553, 'Lillafüred', 4, 2009),
(138, 'közönséges bükk', 412, 'Monostorapáti', 18, 2008),
(139, 'közönséges bükk', 403, 'Püspökszentlászló', 2, 2011),
(140, 'vénic szil', 463, 'Nagykáta', 13, 2011),
(141, 'közönséges bükk', 495, 'Bükkszentkereszt', 4, 2007),
(142, 'kislevelű hárs', 475, 'Mezőcsokonya', 14, 2008),
(143, 'hárs', 475, 'Kislőd', 18, 2008),
(144, 'lucfenyő', 330, 'Sopron', 7, 2009),
(145, 'kocsányos tölgy', 534, 'Fadd', 16, 2010),
(146, 'közönséges bükk', 412, 'Szászvár', 2, 2011),
(147, 'fehér akác', 435, 'Somogytarnóca', 14, 2011),
(148, 'magas kőris', 579, 'Kéked', 4, 2010),
(149, 'közönséges bükk', 502, 'Lad', 14, 2009),
(150, 'kocsányos tölgy', 586, 'Sárvár', 17, 2003),
(151, 'kocsányos tölgy', 510, 'Gemenc', 16, 2009),
(152, 'kocsányos tölgy', 508, 'Bogyiszló', 16, 2007),
(153, 'közönséges bükk', 442, 'Bükkszentkereszt', 4, 2007),
(154, 'fehér nyár', 673, 'Belegrád', 4, 2007),
(155, 'fekete nyár', 719, 'Hódmezővásárhely', 5, 2006),
(156, 'zöld juhar', 415, 'Mezőhegyes', 3, 2010),
(157, 'fekete nyár', 685, 'Gemenc', 1, 2011),
(158, 'fehér fűz', 620, 'Gemenc', 16, 2011),
(159, 'fekete nyár', 665, 'Rákóczifalva', 10, 2011),
(160, 'közönséges bükk', 587, 'Gyenesdiás', 19, 2003),
(161, 'kocsányos tölgy', 510, 'Lad', 14, 2009),
(162, 'kocsányos tölgy', 504, 'Vinye', 7, 2010),
(163, 'kocsányos tölgy', 600, 'Sárvár', 17, 2003),
(164, 'fehér nyár', 665, 'Bagamér', 8, 2007),
(165, 'kocsányos tölgy', 538, 'Túristvándi', 15, 2009),
(166, 'közönséges bükk', 473, 'Bükkszentkereszt', 4, 2007),
(167, 'közönséges bükk', 468, 'Hárskút', 18, 2008),
(168, 'óriás mamutfenyő', 630, 'Kőszeg', 17, 2009),
(169, 'kocsányos tölgy', 638, 'Gemenc', 16, 2003),
(170, 'kocsányos tölgy', 684, 'Csákánydoroszló', 17, 2004),
(171, 'tiszafa', 263, 'Gemenc', 16, 2011),
(172, 'juharlevelű platán', 664, 'Eger', 9, 2004),
(173, 'duglászfenyő', 341, 'Iharos', 14, 2007),
(174, 'kocsányos tölgy', 665, 'Martonvásár', 6, 2003),
(175, 'kocsányos tölgy', 540, 'Nyársapát', 13, 2004),
(176, 'fűz', 602, 'Lovasberény', 6, 2010),
(177, 'fekete nyár', 608, 'Rákóczifalva', 10, 2011),
(178, 'közönséges bükk', 420, 'Pénzesgyőr', 18, 2006),
(179, 'hegyi juhar', 455, 'Szentlélek', 4, 2009),
(180, 'közönséges bükk', 437, 'Püspökszentlászló', 2, 2011),
(181, 'közönséges bükk', 426, 'Telkibánya', 4, 2009),
(182, 'kocsányos tölgy', 540, 'Gézaháza', 18, 2008),
(183, 'hárs', 502, 'Kaposmérő', 14, 2006),
(184, 'kocsányos tölgy', 527, 'Péterhida', 14, 2003),
(185, 'kocsányos tölgy', 577, 'Péterhida', 14, 2003),
(186, 'kocsányos tölgy', 511, 'Vizslás', 12, 2003),
(187, 'kocsányos tölgy', 617, 'Buják', 12, 2005),
(188, 'közönséges bükk', 435, 'Bükkszentkereszt', 4, 2007),
(189, 'kocsányos tölgy', 582, 'Lentiszombathely', 19, 2003),
(190, 'kocsányos tölgy', 500, 'Csorna', 7, 2009),
(191, 'közönséges bükk', 410, 'Vásárosbéc', 2, 2009),
(192, 'kocsányos tölgy', 509, 'Kajárpéc', 7, 2003),
(193, 'kocsányos tölgy', 543, 'Komlósd', 14, 2011),
(194, 'fehér fűz', 804, 'Kiskunfélegyháza', 1, 2006),
(195, 'kocsánytalan tölgy', 534, 'Csurgónagymarton', 14, 2008),
(196, 'kocsányos tölgy', 506, 'Ikervár', 17, 2008),
(197, 'kocsányos tölgy', 576, 'Drávasztára', 2, 2002),
(198, 'csertölgy', 548, 'Szőke', 2, 2003),
(199, 'közönséges bükk', 505, 'Balatoncsicsó', 18, 2002),
(200, 'cseresznye', 336, 'Vése', 14, 2010),
(201, 'kocsányos tölgy', 634, 'Szarvas', 3, 2003),
(202, 'közönséges bükk', 518, 'Monostorapáti', 18, 2008),
(203, 'közönséges bükk', 449, 'Lad', 14, 2003),
(204, 'lucfenyő', 340, 'Alcsútdoboz', 6, 2010),
(205, 'hárs', 405, 'Kaposmérő', 14, 2006),
(206, 'közönséges bükk', 512, 'Borsodnádasd', 4, 2010),
(207, 'közönséges bükk', 420, 'Hárskút', 18, 2010),
(208, 'kocsányos tölgy', 520, 'Szőcsénypuszta', 14, 2008),
(209, 'kocsányos tölgy', 548, 'Zirc', 18, 2010),
(210, 'kocsányos tölgy', 562, 'Gödöllő', 13, 2008),
(211, 'kocsányos tölgy', 545, 'Bogyiszló', 16, 2007),
(212, 'fekete nyár', 647, 'Köröstarcsa', 3, 2008),
(213, 'közönséges bükk', 431, 'Monostorapáti', 18, 2008),
(214, 'gyertyán', 306, 'Vöröstó', 18, 2009),
(215, 'juharlevelű platán', 624, 'Alcsútdoboz', 6, 2008),
(216, 'vénic szil', 405, 'Darány', 14, 2011),
(217, 'közönséges bükk', 465, 'Herend', 18, 2008),
(218, 'szelídgesztenye', 520, 'Iharosberény', 14, 2008),
(219, 'csertölgy', 537, 'Nagyrécse', 19, 2009),
(220, 'szelídgesztenye', 563, 'Zengővárkony', 2, 2004),
(221, 'kocsányos tölgy', 511, 'Komjáti', 4, 2008),
(222, 'közönséges bükk', 460, 'Bükkszentkereszt', 4, 2007),
(223, 'vénic szil', 582, 'Tapsony', 14, 2010),
(224, 'törökmogyoró', 374, 'Kajdacs', 16, 2009),
(225, 'vadkörte', 304, 'Somogyviszló', 2, 2009),
(226, 'csertölgy', 507, 'Eszteregnye', 19, 2010),
(227, 'kocsányos tölgy', 548, 'Sárvár', 17, 2005),
(228, 'közönséges bükk', 531, 'Ugod', 18, 2006),
(229, 'japánakác', 485, 'Sárospatak', 4, 2004),
(230, 'fekete nyár', 794, 'Ásványráró', 7, 2010),
(231, 'magyar kőris', 562, 'Dénesfa', 7, 2003),
(232, 'fekete nyár', 670, 'Barcs', 14, 2010),
(233, 'közönséges bükk', 410, 'Sellye', 2, 2011),
(234, 'közönséges bükk', 450, 'Borsodnádasd', 4, 2010),
(235, 'kocsányos tölgy', 525, 'Tornyiszentmiklós', 19, 2003),
(236, 'kocsányos tölgy', 540, 'Gemenc', 16, 2009),
(237, 'szelídgesztenye', 733, 'Boncodfölde', 19, 2001),
(238, 'szürke nyár', 756, 'Gibárt', 4, 2003),
(239, 'japánakác', 474, 'Komárom', 11, 2007),
(240, 'nagylevelű hárs', 622, 'Süttő', 11, 2003),
(241, 'tulipánfa', 578, 'Ivánc', 17, 2007),
(242, 'magas kőris', 550, 'Tornyiszentmiklós', 19, 2003),
(243, 'fekete nyár', 681, 'Köröstarcsa', 3, 2008),
(244, 'kislevelű hárs', 507, 'Nagyszakácsi', 14, 2010),
(245, 'hárs', 458, 'Kenyeri', 17, 2005),
(246, 'fekete nyár', 996, 'Nagyatád', 14, 2005),
(247, 'közönséges bükk', 473, 'Pénzesgyőr', 18, 2009),
(248, 'fehér fűz', 780, 'Halászi', 7, 2009),
(249, 'juharlevelű platán', 705, 'Mihályi', 7, 2008),
(250, 'gyertyán', 317, 'Bükkszentkereszt', 4, 2007),
(251, 'hárs', 468, 'Kaposmérő', 14, 2006),
(252, 'kislevelű hárs', 515, 'Olaszfalu', 18, 2010),
(253, 'kocsányos tölgy', 550, 'Sárvár', 17, 2003),
(254, 'közönséges bükk', 510, 'Bükkszentkereszt', 4, 2007),
(255, 'közönséges bükk', 404, 'Kárász', 2, 2010),
(256, 'fehér fűz', 605, 'Gemenc', 16, 2009),
(257, 'kocsányos tölgy', 515, 'Gyulavári', 3, 2009),
(258, 'szelídgesztenye', 554, 'Zengővárkony', 2, 2005),
(259, 'közönséges bükk', 522, 'Pénzesgyőr', 18, 2009),
(260, 'hárs', 452, 'Pogányvár', 19, 2003),
(261, 'kocsányos tölgy', 590, 'Vátyonpuszta', 3, 2002),
(262, 'juharlevelű platán', 732, 'Pölöske', 19, 2003),
(263, 'kocsányos tölgy', 540, 'Kétújfalu', 2, 2002),
(264, 'kocsányos tölgy', 510, 'Kéked', 4, 2010),
(265, 'szelídgesztenye', 759, 'Zengővárkony', 2, 2003),
(266, 'kocsányos tölgy', 502, 'Szabadkígyós', 3, 2010),
(267, 'közönséges bükk', 411, 'Olaszfalu', 18, 2010),
(268, 'vénic szil', 516, 'Barcs', 14, 2010),
(269, 'kocsányos tölgy', 555, 'Uzsa', 18, 2003),
(270, 'óriás tuja', 341, 'Alcsútdoboz', 6, 2010),
(271, 'kocsányos tölgy', 523, 'Sárvár', 17, 2003),
(272, 'feketefenyő', 312, 'Sopronhorpács', 7, 2009),
(273, 'közönséges bükk', 444, 'Pénzesgyőr', 18, 2009),
(274, 'fekete nyár', 652, 'Gemenc', 1, 2011),
(275, 'fekete nyár', 631, 'Sárvár', 17, 2003),
(276, 'közönséges bükk', 536, 'Tardos', 11, 2010),
(277, 'kocsányos tölgy', 980, 'Zsennye', 17, 2004),
(278, 'fekete nyár', 698, 'Pörböly', 16, 2003),
(279, 'mezei juhar', 340, 'Bolhó', 14, 2007),
(280, 'kocsányos tölgy', 678, 'Dömsöd', 13, 2003),
(281, 'kocsányos tölgy', 604, 'Nyíradony', 8, 2003),
(282, 'kocsánytalan tölgy', 707, 'Szentbalázs', 14, 2003),
(283, 'kocsányos tölgy', 581, 'Dénesfa', 7, 2003),
(284, 'kocsányos tölgy', 500, 'Kéked', 4, 2010),
(285, 'kocsányos tölgy', 555, 'Rátót', 17, 2003),
(286, 'fekete nyár', 751, 'Dunakiliti', 7, 2009),
(287, 'juharlevelű platán', 861, 'Körmend', 17, 2002),
(288, 'szelídgesztenye', 530, 'Szeleste', 17, 2003),
(289, 'közönséges bükk', 444, 'Püspökszentlászló', 2, 2011),
(290, 'kocsányos tölgy', 512, 'Lad', 14, 2009),
(291, 'közönséges bükk', 407, 'Püspökszentlászló', 2, 2011),
(292, 'közönséges bükk', 450, 'Sikonda', 2, 2008),
(293, 'fekete nyár', 738, 'Gemenc', 1, 2011),
(294, 'juharlevelű platán', 606, 'Tata', 11, 2004),
(295, 'enyves éger', 458, 'Szombathely', 17, 2008),
(296, 'szelídgesztenye', 640, 'Velem', 17, 2004),
(297, 'kocsányos tölgy', 721, 'Orosipuszta', 3, 2004),
(298, 'mocsárciprus', 366, 'Devecser', 18, 2010),
(299, 'közönséges bükk', 462, 'Bükkszentkereszt', 4, 2007),
(300, 'nagylevelű hárs', 514, 'Ganna', 18, 2004),
(301, 'fűz', 823, 'Csokonyavisonta', 14, 2003),
(302, 'juharlevelű platán', 631, 'Budapest', 13, 2003),
(303, 'kocsányos tölgy', 533, 'Kákics', 2, 2003),
(304, 'gyertyán', 327, 'Somogyviszló', 2, 2009),
(305, 'szelídgesztenye', 736, 'Sé', 17, 2004),
(306, 'csertölgy', 608, 'Szőke', 2, 2003),
(307, 'vadgesztenye', 526, 'Budapest', 13, 2003),
(308, 'nagylevelű hárs', 583, 'Márianosztra', 13, 2008),
(309, 'közönséges bükk', 476, 'Monostorapáti', 18, 2008),
(310, 'közönséges bükk', 435, 'Kőszeg', 17, 2004),
(311, 'közönséges bükk', 462, 'Kab-hegy', 18, 2006),
(312, 'közönséges bükk', 412, 'Csipkéskút', 4, 2009),
(313, 'közönséges bükk', 401, 'Csipkéskút', 4, 2009),
(314, 'fűz', 656, 'Gemenc', 16, 2010),
(315, 'szelídgesztenye', 578, 'Zengővárkony', 2, 2005),
(316, 'szürke nyár', 686, 'Szank', 1, 2011),
(317, 'juharlevelű platán', 703, 'Füzérradvány', 4, 2004),
(318, 'hárs', 509, 'Kaposmérő', 14, 2006),
(319, 'közönséges bükk', 508, 'Bak', 19, 2004),
(320, 'kocsányos tölgy', 555, 'Battonya', 3, 2003),
(321, 'közönséges bükk', 460, 'Borsodnádasd', 4, 2010),
(322, 'kocsánytalan tölgy', 552, 'Eszteregnye', 19, 2010),
(323, 'közönséges bükk', 414, 'Ugod', 18, 2006),
(324, 'mocsárciprus', 417, 'Devecser', 18, 2010),
(325, 'fekete nyár', 822, 'Ásványráró', 7, 2010),
(326, 'gyertyán', 372, 'Bak', 19, 2004),
(327, 'közönséges bükk', 476, 'Szilvásvárad', 9, 2004),
(328, 'kocsányos tölgy', 550, 'Hernádcéce', 4, 2010),
(329, 'kocsányos tölgy', 535, 'Mezőberény', 3, 2002),
(330, 'fehér fűz', 740, 'Adony', 6, 2009),
(331, 'kocsányos tölgy', 625, 'Zsennye', 17, 2005),
(332, 'ostorfa', 415, 'Dég', 6, 2009),
(333, 'óriás mamutfenyő', 712, 'Iharosberény', 14, 2007),
(334, 'barkóca berkenye', 325, 'Szentgál', 18, 2007),
(335, 'mocsárciprus', 383, 'Szombathely', 17, 2008),
(336, 'vörösfenyő', 336, 'Jávorkút', 4, 2009),
(337, 'fekete nyár', 609, 'Gemenc', 16, 2009),
(338, 'közönséges bükk', 410, 'Monostorapáti', 18, 2008),
(339, 'kocsányos tölgy', 503, 'Füzérradvány', 4, 2004),
(340, 'közönséges bükk', 414, 'Püspökszentlászló', 2, 2011),
(341, 'fekete nyár', 697, 'Matty', 2, 2008),
(342, 'vénic szil', 490, 'Vasszécseny', 17, 2006),
(343, 'közönséges bükk', 415, 'Vásárosbéc', 2, 2009),
(344, 'kocsányos tölgy', 510, 'Vereb', 6, 2010),
(345, 'nagylevelű hárs', 543, 'Sárhatvan', 6, 2008),
(346, 'juharlevelű platán', 612, 'Letenye', 19, 2004),
(347, 'fehér eper', 441, 'Sárszentlőrinc', 16, 2009),
(348, 'szelídgesztenye', 548, 'Zengővárkony', 2, 2005),
(349, 'kocsányos tölgy', 549, 'Fenékpuszta', 19, 2009),
(350, 'kocsányos tölgy', 613, 'Gemenc', 1, 2010),
(351, 'kocsányos tölgy', 644, 'Ragály', 4, 2003),
(352, 'fekete nyár', 731, 'Révfalu', 2, 2010),
(353, 'duglászfenyő', 362, 'Mesztegnyő', 14, 2008),
(354, 'mezei juhar', 370, 'Herend', 18, 2008),
(355, 'juharlevelű platán', 909, 'Szabadbattyán', 6, 2004),
(356, 'közönséges bükk', 465, 'Püspökszentlászló', 2, 2011),
(357, 'hárs', 458, 'Somogyudvarhely', 14, 2002),
(358, 'fekete nyár', 607, 'Révfalu', 2, 2010),
(359, 'kocsányos tölgy', 558, 'Tamási', 16, 2011),
(360, 'közönséges bükk', 562, 'Balatonhenye', 18, 2002),
(361, 'gyertyán', 328, 'Vöröstó', 18, 2009),
(362, 'gyertyán', 341, 'Vöröstó', 18, 2009),
(363, 'kocsányos tölgy', 506, 'Téglás', 8, 2006),
(364, 'közönséges bükk', 415, 'Herend', 18, 2008),
(365, 'kocsányos tölgy', 607, 'Deszk', 5, 2002),
(366, 'kocsányos tölgy', 516, 'Ács', 11, 2010),
(367, 'kislevelű hárs', 409, 'Nagydobsza', 2, 2011),
(368, 'hárs', 407, 'Lajosháza', 14, 2009),
(369, 'fehér fűz', 645, 'Szekszárd', 16, 2009),
(370, 'szelídgesztenye', 502, 'Antalszállás', 2, 2003),
(371, 'fekete nyár', 658, 'Szegvár', 5, 2007),
(372, 'magas kőris', 516, 'Fehérvárcsurgó', 6, 2007),
(373, 'közönséges bükk', 414, 'Püspökszentlászló', 2, 2011),
(374, 'közönséges bükk', 434, 'Püspökszentlászló', 2, 2011),
(375, 'közönséges bükk', 421, 'Vasvár', 17, 2008),
(376, 'közönséges bükk', 414, 'Bükkszentkereszt', 4, 2007),
(377, 'kocsányos tölgy', 575, 'Tatabánya', 11, 2008),
(378, 'közönséges bükk', 500, 'Pusztamarót', 11, 2008),
(379, 'fekete nyár', 631, 'Székesheférvár', 6, 2008),
(380, 'vénic szil', 457, 'Szarvas', 3, 2009),
(381, 'magas kőris', 530, 'Ács', 11, 2010),
(382, 'szelídgesztenye', 502, 'Kőszeg', 17, 2009),
(383, 'lucfenyő', 375, 'Jávorkút', 4, 2009),
(384, 'közönséges bükk', 459, 'Monostorapáti', 18, 2008),
(385, 'közönséges bükk', 503, 'Zirc', 18, 2004),
(386, 'gyertyán', 334, 'Vöröstó', 18, 2009),
(387, 'kocsányos tölgy', 503, 'Somogytarnóca', 14, 2011),
(388, 'közönséges bükk', 408, 'Bánkút', 4, 2009),
(389, 'közönséges bükk', 438, 'Bükkszentkereszt', 4, 2007),
(390, 'közönséges bükk', 475, 'Pénzesgyőr', 18, 2009),
(391, 'kocsányos tölgy', 502, 'Orosipuszta', 3, 2004),
(392, 'kocsányos tölgy', 570, 'Somogytarnóca', 14, 2002),
(393, 'gyertyán', 346, 'Komlósd', 14, 2011),
(394, 'gyertyán', 312, 'Vöröstó', 18, 2009),
(395, 'közönséges bükk', 471, 'Herend', 18, 2008),
(396, 'fűz', 698, 'Gemenc', 16, 2003),
(397, 'fekete nyár', 930, 'Barcs', 14, 2010),
(398, 'gyertyán', 345, 'Hárskút', 18, 2010),
(399, 'juharlevelű platán', 696, 'Cégénydányád', 15, 2003),
(400, 'kocsányos tölgy', 630, 'Szarvas', 3, 2003),
(401, 'fekete nyár', 656, 'Barcs', 14, 2009),
(402, 'közönséges bükk', 546, 'Monostorapáti', 18, 2008),
(403, 'kocsányos tölgy', 697, 'Tótújfalu', 14, 2003),
(404, 'közönséges bükk', 429, 'Dióspuszta', 2, 2009),
(405, 'közönséges bükk', 440, 'Pénzesgyőr', 18, 2009),
(406, 'kocsányos tölgy', 585, 'Barcs', 14, 2009),
(407, 'juharlevelű platán', 846, 'Kőszeg', 17, 2002),
(408, 'közönséges bükk', 428, 'Bak', 19, 2004),
(409, 'fehér akác', 414, 'Somogytarnóca', 14, 2011),
(410, 'közönséges bükk', 519, 'Gadány', 14, 2010),
(411, 'kocsányos tölgy', 511, 'Zsennye', 17, 2005),
(412, 'közönséges bükk', 450, 'Zirc', 18, 2004),
(413, 'kislevelű hárs', 432, 'Somogytarnóca', 14, 2011),
(414, 'közönséges bükk', 405, 'Püspökszentlászló', 2, 2011),
(415, 'fehér fűz', 645, 'Mosonmagyaróvár', 7, 2009),
(416, 'kocsányos tölgy', 601, 'Réde', 11, 2010),
(417, 'kocsányos tölgy', 530, 'Nógrád', 12, 2003),
(418, 'fekete nyár', 695, 'Ásványráró', 7, 2010),
(419, 'közönséges bükk', 539, 'Kishuta', 4, 2006),
(420, 'fekete nyár', 625, 'Hódmezővásárhely', 5, 2006),
(421, 'fekete nyár', 815, 'Barcs', 14, 2010),
(422, 'fehér nyár', 746, 'Alsóberecki', 4, 2007),
(423, 'szelídgesztenye', 611, 'Nagytilaj', 17, 2007),
(424, 'fekete nyár', 613, 'Gemenc', 16, 2011),
(425, 'közönséges bükk', 402, 'Lad', 14, 2009),
(426, 'közönséges bükk', 441, 'Hárskút', 18, 2010),
(427, 'fekete nyár', 830, 'Gemenc', 1, 2010),
(428, 'nagylevelű hárs', 552, 'Sajósenye', 4, 2003),
(429, 'fekete nyár', 612, 'Gemenc', 1, 2010),
(430, 'kocsányos tölgy', 505, 'Ercsi', 6, 2009),
(431, 'kocsányos tölgy', 520, 'Kerkafalva', 19, 2004),
(432, 'kocsányos tölgy', 546, 'Diósviszló', 2, 2010),
(433, 'közönséges bükk', 400, 'Barátipuszta', 19, 2004),
(434, 'fehér nyár', 603, 'Alsóberecki', 4, 2007),
(435, 'vénic szil', 433, 'Gemenc', 1, 2011),
(436, 'mezei juhar', 355, 'Sikonda', 2, 2008),
(437, 'közönséges bükk', 405, 'Monostorapáti', 18, 2008),
(438, 'fehér nyár', 664, 'Somogyvár', 14, 2007),
(439, 'közönséges bükk', 488, 'Sikonda', 2, 2008),
(440, 'közönséges bükk', 509, 'Monostorapáti', 18, 2008),
(441, 'közönséges bükk', 478, 'Bükkszentkereszt', 4, 2007),
(442, 'kocsányos tölgy', 633, 'Buják', 12, 2005),
(443, 'epernarancs', 372, 'Sellye', 2, 2011),
(444, 'közönséges bükk', 415, 'Bükkszentkereszt', 4, 2007),
(445, 'kocsányos tölgy', 520, 'Debrecen', 8, 2004),
(446, 'közönséges bükk', 402, 'Bükkszentkereszt', 4, 2007),
(447, 'japánakác', 482, 'Alsóhídvégpuszta', 16, 2009),
(448, 'fűz', 834, 'Mosonmagyaróvár', 7, 2003),
(449, 'kocsányos tölgy', 509, 'Zsennye', 17, 2005),
(450, 'szelídgesztenye', 814, 'Nagykutas', 19, 2002),
(451, 'közönséges bükk', 415, 'Borsodnádasd', 4, 2010),
(452, 'fehér eper', 482, 'Paks', 16, 2009),
(453, 'kocsányos tölgy', 593, 'Kisköre', 9, 2003),
(454, 'ezüsthárs', 602, 'Boldogkőváralja', 4, 2004),
(455, 'kocsányos tölgy', 694, 'Bolhó', 14, 2003),
(456, 'kocsányos tölgy', 547, 'Surd', 19, 2007),
(457, 'közönséges bükk', 428, 'Herend', 18, 2008),
(458, 'közönséges bükk', 495, 'Monostorapáti', 18, 2008),
(459, 'kocsányos tölgy', 546, 'Károlyfalva', 4, 2004),
(460, 'kocsányos tölgy', 555, 'Segesd', 14, 2006),
(461, 'fekete nyár', 728, 'Szekszárd', 16, 2009),
(462, 'szürke nyár', 734, 'Tahitótfalu', 13, 2011),
(463, 'fekete nyár', 770, 'Tahitótfalu', 13, 2011),
(464, 'kocsányos tölgy', 521, 'Tótszentgyörgy', 2, 2008),
(465, 'fűz', 627, 'Gemenc', 1, 2010),
(466, 'korai juhar', 468, 'Hencse', 14, 2006),
(467, 'fűz', 621, 'Hajmáspuszta', 18, 2010),
(468, 'fekete nyár', 685, 'Tiszacsege', 8, 2010),
(469, 'kocsányos tölgy', 560, 'Sárvár', 17, 2003),
(470, 'vörösfenyő', 337, 'Répáshuta', 4, 2009),
(471, 'közönséges bükk', 431, 'Szuha', 12, 2003),
(472, 'kislevelű hárs', 510, 'Vasszécseny', 17, 2006),
(473, 'hárs', 450, 'Acsád', 17, 2006),
(474, 'fűz', 832, 'Gemenc', 16, 2003),
(475, 'közönséges bükk', 430, 'Bánkút', 4, 2009),
(476, 'közönséges bükk', 403, 'Borsodnádasd', 4, 2010),
(477, 'kocsányos tölgy', 530, 'Mikekarácsonyfa', 19, 2004),
(478, 'kocsányos tölgy', 533, 'Szécsisziget', 19, 2003),
(479, 'vörösfenyő', 333, 'Zirc', 18, 2010),
(480, 'kocsányos tölgy', 537, 'Bácsborsód', 1, 2006),
(481, 'gyertyán', 327, 'Bükkszentkereszt', 4, 2007),
(482, 'kocsányos tölgy', 502, 'Kerkafalva', 19, 2004),
(483, 'fehér nyár', 800, 'Révleányvár', 4, 2009),
(484, 'fekete nyár', 762, 'Ásványráró', 7, 2010),
(485, 'közönséges bükk', 408, 'Borsodnádasd', 4, 2010),
(486, 'fekete nyár', 692, 'Szigetbecse', 13, 2004),
(487, 'kocsányos tölgy', 750, 'Hédervár', 7, 2003),
(488, 'közönséges bükk', 504, 'Lillafüred', 4, 2009),
(489, 'ezüsthárs', 625, 'Börzsöny', 13, 2004),
(490, 'kocsányos tölgy', 560, 'Gemenc', 16, 2003),
(491, 'magyar tölgy', 531, 'Deszk', 5, 2011),
(492, 'szelídgesztenye', 501, 'Iharosberény', 14, 2008),
(493, 'fehér nyár', 900, 'Doba', 18, 2004),
(494, 'szelídgesztenye', 521, 'Bazsi', 18, 2008),
(495, 'kocsányos tölgy', 536, 'Hegyhátszentmárton', 17, 2008),
(496, 'kocsányos tölgy', 542, 'Réde', 11, 2010),
(497, 'fekete nyár', 651, 'Szekszárd', 16, 2009),
(498, 'fekete nyár', 651, 'Révfalu', 2, 2010),
(499, 'kocsányos tölgy', 500, 'Somogyfajsz', 14, 2010),
(500, 'kocsányos tölgy', 580, 'Molvány', 2, 2011),
(501, 'fekete nyár', 696, 'Hajmáspuszta', 11, 2010),
(502, 'kocsányos tölgy', 507, 'Kerkafalva', 19, 2004),
(503, 'kocsányos tölgy', 526, 'Nadap', 6, 2009),
(504, 'vénic szil', 510, 'Kerkakutas', 19, 2004),
(505, 'császárfa', 463, 'Seregélyes', 6, 2007),
(506, 'közönséges bükk', 435, 'Monostorapáti', 18, 2008),
(507, 'fekete nyár', 683, 'Rum', 17, 2006),
(508, 'japánakác', 455, 'Alcsútdoboz', 6, 2010),
(509, 'fehér nyár', 715, 'Barcs', 14, 2010),
(510, 'kocsányos tölgy', 529, 'Gemenc', 16, 2010),
(511, 'hárs', 420, 'Somogyhatvan', 2, 2002),
(512, 'fűz', 600, 'Baja', 1, 2010),
(513, 'közönséges bükk', 400, 'Borsodnádasd', 4, 2010),
(514, 'nagylevelű hárs', 590, 'Bakóca', 2, 2004),
(515, 'vadgesztenye', 447, 'Szőcsénypuszta', 14, 2008),
(516, 'kocsányos tölgy', 518, 'Tiszaigar', 10, 2003),
(517, 'közönséges bükk', 412, 'Bükkszentkereszt', 4, 2007),
(518, 'kocsányos tölgy', 500, 'Füzérradvány', 4, 2009),
(519, 'juharlevelű platán', 604, 'Alcsútdoboz', 6, 2004),
(520, 'fekete nyár', 732, 'Előszállás', 6, 2008),
(521, 'kocsányos tölgy', 514, 'Tuzsér', 15, 2003),
(522, 'közönséges bükk', 400, 'Sikonda', 2, 2008),
(523, 'kocsányos tölgy', 506, 'Balajt', 4, 2011),
(524, 'fehér akác', 362, 'Somogytarnóca', 14, 2011),
(525, 'juharlevelű platán', 637, 'Budapest', 13, 2010),
(526, 'kocsányos tölgy', 599, 'Teklafalu', 2, 2005),
(527, 'juharlevelű platán', 610, 'Budapest', 13, 2003),
(528, 'csertölgy', 519, 'Nagyrécse', 19, 2009),
(529, 'kocsányos tölgy', 511, 'Mezőcsokonya', 14, 2008),
(530, 'fekete nyár', 655, 'Babócsa', 14, 2006),
(531, 'kocsányos tölgy', 528, 'Szabadkígyós', 3, 2004),
(532, 'duglászfenyő', 467, 'Rinyabesenyő', 14, 2007),
(533, 'kocsányos tölgy', 602, 'Lad', 14, 2009),
(534, 'magas kőris', 500, 'Lókút', 18, 2010),
(535, 'közönséges bükk', 552, 'Monostorapáti', 18, 2008),
(536, 'fehér nyár', 610, 'Barcs', 14, 2009),
(537, 'kocsányos tölgy', 630, 'Letenye', 19, 2004),
(538, 'közönséges bükk', 400, 'Hárskút', 18, 2004),
(539, 'hárs', 432, 'Kislőd', 18, 2008),
(540, 'fehér nyár', 605, 'Barcs', 14, 2009),
(541, 'közönséges bükk', 415, 'Püspökszentlászló', 2, 2011),
(542, 'nagylevelű hárs', 1038, 'Ötvöskónyi', 14, 2003),
(543, 'kocsányos tölgy', 560, 'Somogytúr', 14, 2008),
(544, 'gyertyán', 430, 'Herend', 18, 2008),
(545, 'közönséges bükk', 410, 'Monostorapáti', 18, 2008),
(546, 'közönséges bükk', 400, 'Püspökszentlászló', 2, 2011),
(547, 'közönséges bükk', 441, 'Bükkszentkereszt', 4, 2007),
(548, 'japánakác', 403, 'Egyházashetye', 17, 2011),
(549, 'kocsányos tölgy', 507, 'Felsőszentmárton', 2, 2011),
(550, 'közönséges bükk', 421, 'Monostorapáti', 18, 2008),
(551, 'kocsányos tölgy', 540, 'Potony', 14, 2009),
(552, 'kislevelű hárs', 420, 'Réde', 18, 2010),
(553, 'erdei fenyő', 314, 'Somogyudvarhely', 14, 2008),
(554, 'közönséges bükk', 402, 'Olaszfalu', 18, 2010),
(555, 'gyertyán', 311, 'Vöröstó', 18, 2009),
(556, 'fekete nyár', 852, 'Drávatamási', 14, 2009),
(557, 'fekete nyár', 672, 'Szekszárd', 16, 2010),
(558, 'közönséges bükk', 455, 'Monostorapáti', 18, 2009),
(559, 'szürke nyár', 906, 'Mór', 6, 2008),
(560, 'közönséges bükk', 418, 'Nagyrécse', 19, 2004),
(561, 'közönséges bükk', 512, 'Répáshuta', 4, 2007),
(562, 'magas kőris', 500, 'Zirc', 18, 2004),
(563, 'kocsányos tölgy', 598, 'Keszthely', 19, 2004),
(564, 'kocsányos tölgy', 534, 'Martonvásár', 6, 2003),
(565, 'kocsányos tölgy', 592, 'Zsennye', 17, 2005),
(566, 'fekete nyár', 615, 'Hódmezővásárhely', 5, 2006),
(567, 'enyves éger', 384, 'Zirc', 18, 2010),
(568, 'fekete nyár', 692, 'Gemenc', 1, 2010),
(569, 'közönséges bükk', 430, 'Püspökszentlászló', 2, 2011),
(570, 'kocsányos tölgy', 560, 'Kaposvár', 14, 2008),
(571, 'kocsányos tölgy', 597, 'Mosonmagyaróvár', 7, 2003),
(572, 'kocsányos tölgy', 580, 'Bokod', 11, 2005),
(573, 'kocsányos tölgy', 575, 'Segesd', 14, 2006),
(574, 'közönséges bükk', 596, 'Püspökszentlászló', 2, 2011),
(575, 'fűz', 629, 'Lovasberény', 6, 2010),
(576, 'fekete nyár', 638, 'Szekszárd', 16, 2009),
(577, 'kocsányos tölgy', 693, 'Somogytarnóca', 14, 2003),
(578, 'kocsányos tölgy', 556, 'Nagyrécse', 19, 2004),
(579, 'kocsányos tölgy', 598, 'Somogytarnóca', 14, 2011),
(580, 'fehér nyár', 630, 'Pácin', 4, 2009),
(581, 'lucfenyő', 372, 'Jávorkút', 4, 2009),
(582, 'mezei juhar', 361, 'Sikonda', 2, 2008),
(583, 'nagylevelű hárs', 519, 'Putnok', 4, 2008),
(584, 'kocsányos tölgy', 511, 'Túristvándi', 15, 2009),
(585, 'szelídgesztenye', 628, 'Iharosberény', 14, 2004),
(586, 'fehér fűz', 602, 'Szekszárd', 16, 2009),
(587, 'közönséges bükk', 408, 'Olaszfalu', 18, 2010),
(588, 'közönséges bükk', 468, 'Monostorapáti', 18, 2008),
(589, 'kocsányos tölgy', 569, 'Bokod', 11, 2005),
(590, 'közönséges bükk', 423, 'Tormafölde', 19, 2004),
(591, 'kocsányos tölgy', 514, 'Gemenc', 16, 2010),
(592, 'kocsányos tölgy', 529, 'Tuzsér', 15, 2003),
(593, 'szelídgesztenye', 816, 'Szentgyörgyvár', 19, 2003),
(594, 'juharlevelű platán', 728, 'Gyula', 3, 2004),
(595, 'kocsányos tölgy', 537, 'Somogytarnóca', 14, 2010),
(596, 'kocsányos tölgy', 525, 'Kaposvár', 14, 2008),
(597, 'japánakác', 530, 'Egyed', 7, 2007),
(598, 'kocsányos tölgy', 506, 'Diósviszló', 2, 2010),
(599, 'hárs', 489, 'Zsira', 17, 2007),
(600, 'kocsányos tölgy', 556, 'Kétújfalu', 2, 2002),
(601, 'kocsányos tölgy', 606, 'Segesd', 14, 2005),
(602, 'ezüsthárs', 564, 'Agárd', 6, 2007),
(603, 'mocsárciprus', 358, 'Devecser', 18, 2010),
(604, 'kocsányos tölgy', 500, 'Gerla', 3, 2004),
(605, 'kocsányos tölgy', 580, 'Tiszadada', 15, 2005),
(606, 'ezüst juhar', 351, 'Balatonfüred', 18, 2009),
(607, 'közönséges bükk', 406, 'Püspökszentlászló', 2, 2011),
(608, 'kocsányos tölgy', 640, 'Komlósd', 14, 2011),
(609, 'ezüsthárs', 500, 'Sellye', 2, 2009),
(610, 'fekete nyár', 924, 'Gyúró', 6, 2010),
(611, 'hárs', 461, 'Pusztavám', 6, 2004),
(612, 'fűz', 602, 'Gemenc', 1, 2010),
(613, 'kocsányos tölgy', 555, 'Csákánydoroszló', 17, 2004),
(614, 'lucfenyő', 415, 'Jávorkút', 4, 2009),
(615, 'kocsányos tölgy', 531, 'Zádor', 2, 2005),
(616, 'kislevelű hárs', 691, 'Monostorapáti', 18, 2008),
(617, 'közönséges bükk', 439, 'Püspökszentlászló', 2, 2011),
(618, 'kocsányos tölgy', 547, 'Máhomfa', 19, 2003),
(619, 'fekete nyár', 847, 'Kisszentmárton', 2, 2005),
(620, 'közönséges bükk', 487, 'Monostorapáti', 18, 2008),
(621, 'nagylevelű hárs', 467, 'Börzsöny', 12, 2011),
(622, 'fehér nyár', 722, 'Barcs', 14, 2009),
(623, 'fehér nyár', 630, 'Bagamér', 8, 2007),
(624, 'közönséges bükk', 414, 'Csipkéskút', 4, 2009),
(625, 'molyhos tölgy', 632, 'Szebény', 2, 2002),
(626, 'kocsányos tölgy', 551, 'Hegyhátszentmárton', 17, 2008),
(627, 'közönséges bükk', 511, 'Herend', 18, 2008),
(628, 'kocsányos tölgy', 583, 'Sárvár', 17, 2007),
(629, 'zöld juhar', 400, 'Helesfa', 2, 2009),
(630, 'juharlevelű platán', 637, 'Budapest', 13, 2003),
(631, 'lucfenyő', 418, 'Jávorkút', 4, 2009),
(632, 'kocsányos tölgy', 596, 'Gemenc', 16, 2009),
(633, 'juharlevelű platán', 992, 'Pápa', 18, 2004),
(634, 'közönséges bükk', 505, 'Herend', 18, 2008),
(635, 'fehér nyár', 660, 'Algyő', 5, 2002),
(636, 'kocsányos tölgy', 500, 'Tatabánya', 11, 2008),
(637, 'fekete nyár', 740, 'Barcs', 14, 2010),
(638, 'fekete fenyő', 340, 'Dég', 6, 2009),
(639, 'fekete nyár', 644, 'Gemenc', 16, 2010),
(640, 'hegyi szil', 402, 'Zirc', 18, 2010),
(641, 'fűz', 725, 'Gemenc', 1, 2010),
(642, 'fekete nyár', 676, 'Rákóczifalva', 10, 2011),
(643, 'ezüst juhar', 403, 'Szeged', 5, 2010),
(644, 'magyar kőris', 565, 'Drávaszentes', 14, 2011),
(645, 'szelídgesztenye', 586, 'Iharosberény', 14, 2004),
(646, 'közönséges bükk', 401, 'Lókút', 18, 2010),
(647, 'közönséges bükk', 438, 'Szászvár', 2, 2011),
(648, 'kocsányos tölgy', 580, 'Kisgyőr', 4, 2011),
(649, 'közönséges bükk', 423, 'Pénzesgyőr', 18, 2006),
(650, 'közönséges bükk', 406, 'Hárskút', 18, 2010),
(651, 'kislevelű hárs', 460, 'Pölöske', 19, 2010),
(652, 'kocsányos tölgy', 510, 'Pettend', 2, 2008),
(653, 'közönséges bükk', 440, 'Pénzesgyőr', 18, 2010),
(654, 'fekete dió', 626, 'Zomba', 16, 2006),
(655, 'fekete nyár', 688, 'Barcs', 14, 2010),
(656, 'kocsányos tölgy', 540, 'Lentiszombathely', 19, 2003),
(657, 'kocsányos tölgy', 524, 'Szőcsénypuszta', 14, 2008),
(658, 'fehér fűz', 715, 'Bélmegyer', 3, 2002),
(659, 'kocsányos tölgy', 535, 'Dénesfa', 7, 2003),
(660, 'kocsányos tölgy', 565, 'Tiszakürt', 10, 2004),
(661, 'kocsányos tölgy', 545, 'Nagykölked', 17, 2003),
(662, 'gyertyán', 388, 'Monostorapáti', 18, 2008),
(663, 'fekete nyár', 667, 'Rákóczifalva', 10, 2011),
(664, 'nagylevelű hárs', 563, 'Márianosztra', 13, 2008),
(665, 'törökmogyoró', 347, 'Romhány', 12, 2005),
(666, 'közönséges bükk', 411, 'Eszteregnye', 19, 2010),
(667, 'kocsányos tölgy', 558, 'Bolhó', 14, 2003),
(668, 'közönséges bükk', 444, 'Borsodnádasd', 4, 2010),
(669, 'közönséges bükk', 444, 'Szuha', 12, 2003),
(670, 'fekete nyár', 625, 'Szegvár', 5, 2007),
(671, 'közönséges bükk', 408, 'Püspökszentlászló', 2, 2011),
(672, 'kocsányos tölgy', 630, 'Gemenc', 16, 2003),
(673, 'csertölgy', 519, 'Vásárosbéc', 2, 2009),
(674, 'kocsányos tölgy', 502, 'Cserépfalu', 4, 2008),
(675, 'szelídgesztenye', 509, 'Újudvar', 19, 2006),
(676, 'közönséges bükk', 472, 'Barátipuszta', 19, 2004),
(677, 'fehér fűz', 613, 'Szekszárd', 16, 2009),
(678, 'közönséges bükk', 414, 'Kőszeg', 17, 2010),
(679, 'kislevelű hárs', 558, 'Gencsapáti', 17, 2007),
(680, 'fekete nyár', 695, 'Gemenc', 16, 2011),
(681, 'kocsányos tölgy', 575, 'Szalafő', 17, 2004),
(682, 'közönséges bükk', 450, 'Kárász', 2, 2010),
(683, 'fekete nyár', 637, 'Rum', 17, 2006),
(684, 'kocsányos tölgy', 507, 'Galgamácsa', 13, 2004),
(685, 'gyertyán', 360, 'Komlósd', 14, 2011),
(686, 'kocsányos tölgy', 578, 'Péterhida', 14, 2003),
(687, 'közönséges bükk', 469, 'Somogyviszló', 2, 2009),
(688, 'hárs', 460, 'Kisdobsza', 2, 2008),
(689, 'fekete nyár', 1010, 'Köröstarcsa', 3, 2008),
(690, 'mezei juhar', 398, 'Csertő', 2, 2010),
(691, 'kocsányos tölgy', 524, 'Túristvándi', 15, 2009),
(692, 'fehér akác', 349, 'Sonkád', 15, 2009),
(693, 'juharlevelű platán', 731, 'Pápa', 18, 2007),
(694, 'fekete nyár', 1064, 'Révfalu', 2, 2010),
(695, 'kocsányos tölgy', 500, 'Molvány', 2, 2011),
(696, 'kocsányos tölgy', 575, 'Sárvár', 17, 2003),
(697, 'enyves éger', 412, 'Devecser', 18, 2008),
(698, 'hárs', 490, 'Monostorapáti', 18, 2009),
(699, 'szelídgesztenye', 586, 'Bazsi', 18, 2008),
(700, 'kocsányos tölgy', 748, 'Bak', 19, 2004),
(701, 'gyertyán', 528, 'Somogytúr', 14, 2009),
(702, 'kocsányos tölgy', 611, 'Oroszlány', 11, 2005),
(703, 'óriás mamutfenyő', 612, 'Zalahaláp', 18, 2009),
(704, 'nagylevelű hárs', 517, 'Nagykovácsi', 13, 2011),
(705, 'gyertyán', 426, 'Monostorapáti', 18, 2008),
(706, 'fűz', 696, 'Lovasberény', 6, 2010),
(707, 'kocsányos tölgy', 528, 'Túristvándi', 15, 2009),
(708, 'közönséges bükk', 443, 'Bükk-fennsík', 9, 2009),
(709, 'közönséges bükk', 400, 'Borsodnádasd', 4, 2010),
(710, 'fekete nyár', 698, 'Gemenc', 1, 2010),
(711, 'vadkörte', 331, 'Túristvándi', 15, 2009),
(712, 'közönséges bükk', 426, 'Bükkszentkereszt', 4, 2007),
(713, 'kocsányos tölgy', 512, 'Molvány', 2, 2011),
(714, 'közönséges bükk', 435, 'Hárskút', 18, 2010),
(715, 'kocsányos tölgy', 623, 'Bárdudvarnok', 14, 2008),
(716, 'fűz', 726, 'Gemenc', 16, 2010),
(717, 'közönséges bükk', 432, 'Bükkszentkereszt', 4, 2007),
(718, 'fekete nyár', 677, 'Pécs', 2, 2010),
(719, 'fekete nyár', 642, 'Mártély', 5, 2008),
(720, 'kocsányos tölgy', 545, 'Tornyópuszta', 11, 2011),
(721, 'gyertyán', 369, 'Péterhida', 14, 2009),
(722, 'juharlevelű platán', 979, 'Peresznye', 17, 2002),
(723, 'fekete nyár', 705, 'Barcs', 14, 2010),
(724, 'kocsányos tölgy', 500, 'Kisgyőr', 4, 2010),
(725, 'közönséges bükk', 410, 'Olaszfalu', 18, 2010),
(726, 'közönséges bükk', 432, 'Felsőmarác', 17, 2007),
(727, 'közönséges bükk', 461, 'Gadány', 14, 2010),
(728, 'vadcseresznye', 355, 'Lad', 14, 2009),
(729, 'közönséges bükk', 411, 'Olaszfalu', 18, 2010),
(730, 'közönséges bükk', 510, 'Sopron', 7, 2009),
(731, 'óriás mamutfenyő', 624, 'Gencsapáti', 17, 2004),
(732, 'közönséges bükk', 439, 'Monostorapáti', 18, 2008),
(733, 'kocsányos tölgy', 509, 'Martonvásár', 6, 2003),
(734, 'fekete nyár', 710, 'Baja', 1, 2010),
(735, 'kocsányos tölgy', 503, 'Túristvándi', 15, 2009),
(736, 'kocsányos tölgy', 619, 'Merenye', 2, 2009),
(737, 'japánakác', 449, 'Zirc', 18, 2010),
(738, 'közönséges bükk', 429, 'Olaszfalu', 18, 2010),
(739, 'vadgesztenye', 408, 'Fehérvárcsurgó', 6, 2010),
(740, 'fehér nyár', 880, 'Dóc', 5, 2004),
(741, 'kocsányos tölgy', 530, 'Komlósd', 14, 2011),
(742, 'közönséges bükk', 422, 'Pénzesgyőr', 18, 2009),
(743, 'kislevelű hárs', 500, 'Őriszentpéter', 17, 2004),
(744, 'közönséges bükk', 571, 'Ugod', 18, 2006),
(745, 'kocsányos tölgy', 500, 'Zsennye', 17, 2005),
(746, 'közönséges bükk', 584, 'Ugod', 18, 2006),
(747, 'közönséges bükk', 466, 'Olaszfalu', 18, 2010),
(748, 'közönséges bükk', 445, 'Lókút', 18, 2010),
(749, 'kocsányos tölgy', 616, 'Sárvár', 17, 2003),
(750, 'szelídgesztenye', 586, 'Iharosberény', 14, 2008),
(751, 'közönséges bükk', 404, 'Pénzesgyőr', 18, 2009),
(752, 'közönséges bükk', 434, 'Bánkút', 4, 2009),
(753, 'kocsányos tölgy', 512, 'Szabadkígyós', 3, 2004),
(754, 'fehér eper', 456, 'Cserépváralja', 4, 2005),
(755, 'kocsányos tölgy', 618, 'Póstelek', 3, 2009),
(756, 'nagylevelű hárs', 579, 'Sopronhorpács', 7, 2004),
(757, 'magas kőris', 512, 'Lókút', 18, 2010),
(758, 'kocsányos tölgy', 560, 'Szeremle', 1, 2010),
(759, 'kislevelű hárs', 402, 'Pölöske', 19, 2010),
(760, 'kocsányos tölgy', 615, 'Tornyiszentmiklós', 19, 2003),
(761, 'fekete nyár', 644, 'Gemenc', 16, 2009),
(762, 'közönséges bükk', 519, 'Monostorapáti', 18, 2008),
(763, 'hárs', 546, 'Kisláng', 6, 2004),
(764, 'korai juhar', 402, 'Herend', 18, 2008),
(765, 'ezüsthárs', 435, 'Almamellék', 2, 2009),
(766, 'fűz', 640, 'Ásványráró', 7, 2010),
(767, 'kislevelű hárs', 533, 'Szeleste', 17, 2003),
(768, 'fekete nyár', 677, 'Kemence', 13, 2009),
(769, 'kocsányos tölgy', 616, 'Bóly', 2, 2003),
(770, 'fekete nyár', 601, 'Pátka', 6, 2008),
(771, 'kocsányos tölgy', 626, 'Gemenc', 16, 2003),
(772, 'szelídgesztenye', 560, 'Iharosberény', 14, 2004),
(773, 'vadgesztenye', 429, 'Budapest', 13, 2010),
(774, 'hárs', 400, 'Zirc', 18, 2004),
(775, 'szelídgesztenye', 518, 'Zengővárkony', 2, 2004),
(776, 'fekete nyár', 837, 'Hódmezővásárhely', 5, 2006),
(777, 'kocsányos tölgy', 512, 'Borsodivánka', 4, 2003),
(778, 'kocsányos tölgy', 551, 'Homokszentgyörgy', 14, 2005),
(779, 'fűz', 722, 'Lovasberény', 6, 2010),
(780, 'szelídgesztenye', 506, 'Bazsi', 18, 2008),
(781, 'fekete bodza', 165, 'Hajdúböszörmény', 8, 2010),
(782, 'fekete nyár', 705, 'Szekszárd', 16, 2009),
(783, 'csertölgy', 532, 'Kaposvár', 14, 2008),
(784, 'magas kőris', 510, 'Bodrogolaszi', 4, 2009),
(785, 'közönséges bükk', 410, 'Monostorapáti', 18, 2008),
(786, 'közönséges bükk', 514, 'Monostorapáti', 18, 2008),
(787, 'kocsánytalan tölgy', 535, 'Börzönce', 19, 2004),
(788, 'kocsányos tölgy', 580, 'Uraiújfalu', 17, 2007),
(789, 'hegyi szil', 444, 'Hárskút', 18, 2004),
(790, 'közönséges bükk', 500, 'Monostorapáti', 18, 2008),
(791, 'gyertyán', 331, 'Bükkszentkereszt', 4, 2007),
(792, 'közönséges bükk', 519, 'Zselickisfalud', 14, 2006),
(793, 'vadkörte', 326, 'Bogyiszló', 16, 2007),
(794, 'fekete nyár', 1072, 'Adony', 6, 2009),
(795, 'közönséges bükk', 420, 'Rigyác', 19, 2004),
(796, 'csertölgy', 592, 'Almamellék', 2, 2009),
(797, 'közönséges bükk', 407, 'Rigyác', 19, 2004),
(798, 'Kislevelű hárs', 492, 'Lad', 14, 2009),
(799, 'kocsányos tölgy', 610, 'Gyulavári', 3, 2002),
(800, 'kocsányos tölgy', 540, 'Karapancsa', 1, 2009),
(801, 'hárs', 405, 'Kislőd', 18, 2008),
(802, 'kocsányos tölgy', 503, 'Rinyabesenyő', 14, 2007),
(803, 'fekete nyár', 666, 'Tiszabecs', 15, 2009),
(804, 'fekete nyár', 667, 'Parádfürdő', 9, 2007),
(805, 'közönséges bükk', 433, 'Magyarlukafa', 2, 2009),
(806, 'szelídgesztenye', 503, 'Iharosberény', 14, 2008),
(807, 'lucfenyő', 365, 'Pölöske', 19, 2007),
(808, 'közönséges bükk', 468, 'Hárskút', 18, 2010),
(809, 'közönséges bükk', 411, 'Monostorapáti', 18, 2008),
(810, 'kocsányos tölgy', 506, 'Tuzsér', 15, 2003),
(811, 'közönséges bükk', 490, 'Püspökszentlászló', 2, 2011),
(812, 'lucfenyő', 359, 'Jávorkút', 4, 2009),
(813, 'kocsányos tölgy', 531, 'Bolhó', 14, 2003),
(814, 'kocsányos tölgy', 695, 'Kisgyőr', 4, 2010),
(815, 'törökmogyoró', 412, 'Gyöngyös', 9, 2008),
(816, 'kocsányos tölgy', 704, 'Guthi erdészet', 8, 2003),
(817, 'fekete nyár', 870, 'Drávapalkonya', 2, 2003),
(818, 'kocsányos tölgy', 506, 'Gemenc', 16, 2003),
(819, 'kocsányos tölgy', 559, 'Csokonyavisonta', 14, 2003),
(820, 'kocsányos tölgy', 618, 'Becsvölgye', 19, 2004),
(821, 'kocsányos tölgy', 560, 'Kisbózsva', 4, 2008),
(822, 'vadgesztenye', 474, 'Iharosberény', 14, 2007),
(823, 'szelídgesztenye', 514, 'Iharosberény', 14, 2004),
(824, 'kocsányos tölgy', 540, 'Dénesfa', 7, 2007),
(825, 'fehér nyár', 735, 'Hódmezővásárhely', 5, 2002),
(826, 'kocsányos tölgy', 540, 'Gemenc', 16, 2003),
(827, 'fekete nyár', 663, 'Mártély', 5, 2008),
(828, 'hárs', 465, 'Velence', 6, 2004),
(829, 'juharlevelű platán', 712, 'Pápa', 18, 2007),
(830, 'közönséges bükk', 433, 'Olaszfalu', 18, 2010),
(831, 'kocsányos tölgy', 500, 'Szeremle', 1, 2010),
(832, 'közönséges bükk', 428, 'Csurgónagymarton', 14, 2008),
(833, 'szelídgesztenye', 658, 'Pogányvár', 19, 2003),
(834, 'fekete nyár', 696, 'Gyúró', 6, 2010),
(835, 'közönséges bükk', 409, 'Pénzesgyőr', 18, 2006),
(836, 'közönséges bükk', 446, 'Püspökszentlászló', 2, 2011),
(837, 'közönséges bükk', 453, 'Börzsöny', 13, 2004),
(838, 'erdei fenyő', 344, 'Somogyudvarhely', 14, 2008),
(839, 'vénic szil', 488, 'Bolhó', 14, 2003),
(840, 'közönséges bükk', 550, 'Kám', 17, 2010),
(841, 'juharlevelű platán', 717, 'Pölöske', 19, 2003),
(842, 'kocsányos tölgy', 594, 'Pörböly', 16, 2005),
(843, 'közönséges bükk', 449, 'Lengyel', 16, 2007),
(844, 'magas kőris', 500, 'Hidasnémeti', 4, 2008),
(845, 'közönséges bükk', 449, 'Sikonda', 2, 2008),
(846, 'közönséges bükk', 400, 'Bánkút', 4, 2009),
(847, 'kocsányos tölgy', 520, 'Tótszentgyörgy', 2, 2008),
(848, 'lucfenyő', 371, 'Jávorkút', 4, 2009),
(849, 'enyves éger', 367, 'Szombathely', 17, 2008),
(850, 'kocsányos tölgy', 545, 'Sárvár', 17, 2003),
(851, 'fehér akác', 326, 'Somogytarnóca', 14, 2011),
(852, 'kocsányos tölgy', 503, 'Lad', 14, 2009),
(853, 'gyertyán', 555, 'Oroklán', 19, 2011),
(854, 'kocsányos tölgy', 526, 'Molvány', 2, 2011),
(855, 'nagylevelű hárs', 435, 'Fehérvárcsurgó', 6, 2007),
(856, 'szelídgesztenye', 564, 'Velem', 17, 2008),
(857, 'fekete nyár', 617, 'Hódmezővásárhely', 5, 2006),
(858, 'juharlevelű platán', 666, 'Pápa', 18, 2004),
(859, 'közönséges bükk', 420, 'Olaszfalu', 18, 2010),
(860, 'szürke nyár', 635, 'Kehidakustány', 19, 2005),
(861, 'fekete dió', 406, 'Zirc', 18, 2010),
(862, 'kocsányos tölgy', 522, 'Alsóbogát', 14, 2007),
(863, 'kocsányos tölgy', 654, 'Egerbakta', 9, 2004),
(864, 'közönséges bükk', 456, 'Hárskút', 18, 2010),
(865, 'fehér akác', 630, 'Bábolna', 7, 2006),
(866, 'juharlevelű platán', 620, 'Somogyfajsz', 14, 2010),
(867, 'kocsányos tölgy', 524, 'Sárvár', 17, 2003),
(868, 'bálványfa', 468, 'Szabatonpuszta', 16, 2009),
(869, 'kocsányos tölgy', 536, 'Drávasztára', 2, 2002),
(870, 'kocsányos tölgy', 505, 'Nemesnép', 19, 2004),
(871, 'közönséges bükk', 471, 'Csurgónagymarton', 14, 2008),
(872, 'vadkörte', 344, 'Gyöngyösfalu', 17, 2007),
(873, 'kocsányos tölgy', 548, 'Nagyrábé', 8, 2007),
(874, 'kocsányos tölgy', 584, 'Pusztavacs', 13, 2004),
(875, 'közönséges bükk', 439, 'Barátipuszta', 19, 2004),
(876, 'kocsányos tölgy', 501, 'Dég', 6, 2009),
(877, 'kocsányos tölgy', 594, 'Sárvár', 17, 2003),
(878, 'közönséges bükk', 452, 'Bükkszentkereszt', 4, 2007),
(879, 'kocsányos tölgy', 546, 'Darnó', 15, 2009),
(880, 'juharlevelű platán', 689, 'Budapest', 13, 2010),
(881, 'mezei juhar', 364, 'Somogyvár', 14, 2007),
(882, 'zöld juhar', 337, 'Tornaszentjakab', 4, 2008),
(883, 'kocsányos tölgy', 546, 'Kákics', 2, 2002),
(884, 'hárs', 403, 'Kislőd', 18, 2008),
(885, 'fehér nyár', 606, 'Maroslele', 5, 2006),
(886, 'fehér fűz', 743, 'Csala', 6, 2008),
(887, 'fehér nyár', 640, 'Barcs', 14, 2009),
(888, 'kocsányos tölgy', 684, 'Drávaszentes', 14, 2011),
(889, 'közönséges bükk', 425, 'Kőszeg', 17, 2009),
(890, 'fekete nyár', 708, 'Baja', 1, 2008),
(891, 'kocsányos tölgy', 649, 'Tarpa', 15, 2009),
(892, 'fekete nyár', 692, 'Gemenc', 1, 2010),
(893, 'kocsányos tölgy', 519, 'Túristvándi', 15, 2009),
(894, 'közönséges bükk', 630, 'Monostorapáti', 18, 2008),
(895, 'közönséges bükk', 414, 'Monostorapáti', 18, 2009),
(896, 'kocsányos tölgy', 542, 'Lentiszombathely', 19, 2003),
(897, 'kocsányos tölgy', 592, 'Tiszaigar', 10, 2003),
(898, 'közönséges bükk', 433, 'Szőcsénypuszta', 14, 2008),
(899, 'fehér akác', 382, 'Somogytarnóca', 14, 2011),
(900, 'vadgesztenye', 440, 'Gic', 18, 2010),
(901, 'lucfenyő', 350, 'Sopron', 7, 2009),
(902, 'kocsányos tölgy', 663, 'Harkakötöny', 1, 2003),
(903, 'mezei szil', 441, 'Csákvár', 6, 2004),
(904, 'kocsányos tölgy', 563, 'Magyarlukafa', 2, 2009),
(905, 'kocsányos tölgy', 561, 'Gemenc', 1, 2010),
(906, 'gyertyán', 413, 'Vöröstó', 18, 2009),
(907, 'kocsánytalan tölgy', 587, 'Bögöte', 17, 2004),
(908, 'kislevelű hárs', 547, 'Zsennye', 17, 2003),
(909, 'szelídgesztenye', 613, 'Nemesdéd', 14, 2003),
(910, 'kocsányos tölgy', 506, 'Teklafalu', 2, 2009),
(911, 'közönséges bükk', 414, 'Csurgónagymarton', 14, 2008),
(912, 'kocsányos tölgy', 500, 'Tapsony', 14, 2010),
(913, 'közönséges bükk', 545, 'Nagykorpád', 14, 2005),
(914, 'kocsányos tölgy', 543, 'Teklafalu', 2, 2005),
(915, 'kocsányos tölgy', 533, 'Pusztavacs', 13, 2004),
(916, 'juharlevelű platán', 662, 'Hőgyész', 16, 2004),
(917, 'gyertyán', 386, 'Lajosháza', 14, 2009),
(918, 'közönséges bükk', 468, 'Püspökszentlászló', 2, 2011),
(919, 'fekete nyár', 897, 'Szekszárd', 16, 2009),
(920, 'lucfenyő', 338, 'Sopron', 7, 2009),
(921, 'közönséges bükk', 543, 'Pénzesgyőr', 18, 2010),
(922, 'kocsányos tölgy', 543, 'Sárvár', 17, 2003),
(923, 'közönséges bükk', 430, 'Monostorapáti', 18, 2009),
(924, 'kocsányos tölgy', 500, 'Ikervár', 17, 2008),
(925, 'közönséges bükk', 413, 'Püspökszentlászló', 2, 2011),
(926, 'vörösfenyő', 335, 'Répáshuta', 4, 2007),
(927, 'közönséges bükk', 412, 'Bükkszentkereszt', 4, 2007),
(928, 'kocsányos tölgy', 508, 'Túristvándi', 15, 2009),
(929, 'közönséges bükk', 473, 'Hárskút', 18, 2004),
(930, 'közönséges bükk', 404, 'Pénzesgyőr', 18, 2009),
(931, 'közönséges bükk', 408, 'Borsodnádasd', 4, 2010),
(932, 'krémfehér liliomfa', 275, 'Bozsok', 17, 2008),
(933, 'császárfa', 417, 'Kaposvár', 14, 2008),
(934, 'közönséges bükk', 507, 'Gézaháza', 18, 2009),
(935, 'hárs', 456, 'Tardos', 11, 2004),
(936, 'ostorfa', 398, 'Adony', 6, 2009),
(937, 'fekete nyár', 666, 'Szigetvár', 2, 2009),
(938, 'kocsányos tölgy', 737, 'Bogdása', 2, 2003),
(939, 'közönséges bükk', 429, 'Monostorapáti', 18, 2009),
(940, 'kocsányos tölgy', 606, 'Iklódbördőce', 19, 2004),
(941, 'kocsányos tölgy', 577, 'Tornyiszentmiklós', 19, 2003),
(942, 'japánakác', 453, 'Tömörd', 17, 2007),
(943, 'fekete fenyő', 431, 'Lovászpatona', 18, 2010),
(944, 'korai nyár', 617, 'Hajdúhadház', 8, 2002),
(945, 'közönséges bükk', 535, 'Szulimán', 2, 2009),
(946, 'közönséges bükk', 426, 'Bükkszentkereszt', 4, 2007),
(947, 'szelídgesztenye', 633, 'Csipkerek', 17, 2007),
(948, 'kocsányos tölgy', 605, 'Somogytarnóca', 14, 2011),
(949, 'mocsárciprus', 390, 'Sülysáp', 13, 2010),
(950, 'fűz', 610, 'Örvényes', 18, 2009),
(951, 'közönséges bükk', 420, 'Csurgónagymarton', 14, 2008),
(952, 'fekete nyár', 711, 'Rum', 17, 2006),
(953, 'kocsányos tölgy', 510, 'Kisbér', 11, 2010),
(954, 'mocsárciprus', 361, 'Kőszeg', 17, 2008),
(955, 'kocsányos tölgy', 540, 'Komlósd', 14, 2011),
(956, 'mezei juhar', 372, 'Lajosháza', 14, 2009),
(957, 'kocsányos tölgy', 502, 'Szarvas', 3, 2009),
(958, 'nagylevelű hárs', 670, 'Börzsöny', 12, 2011),
(959, 'fűz', 776, 'Tardos', 11, 2010),
(960, 'kocsányos tölgy', 694, 'Bak', 19, 2003),
(961, 'fehér akác', 342, 'Somogytarnóca', 14, 2011),
(962, 'közönséges bükk', 497, 'Bükkszentkereszt', 4, 2007),
(963, 'magyar kőris', 592, 'Bolhó', 14, 2007),
(964, 'kocsányos tölgy', 595, 'Zsennye', 17, 2005),
(965, 'kocsányos tölgy', 541, 'Hegyhátszentmárton', 17, 2008),
(966, 'zöld juhar', 391, 'Jánkmajtis', 15, 2009),
(967, 'fekete nyár', 898, 'Miskolc', 4, 2004),
(968, 'közönséges bükk', 496, 'Ugod', 18, 2007),
(969, 'gyertyán', 342, 'Monostorapáti', 18, 2008),
(970, 'fehér nyár', 775, 'Lónya', 15, 2003),
(971, 'fekete nyár', 615, 'Szekszárd', 16, 2009),
(972, 'közönséges bükk', 405, 'Herend', 18, 2008),
(973, 'közönséges bükk', 442, 'Bükkszentkereszt', 4, 2007),
(974, 'kocsányos tölgy', 515, 'Muraszemenye', 19, 2011),
(975, 'csertölgy', 526, 'Káld', 17, 2010),
(976, 'kislevelű hárs', 508, 'Kercaszomor', 17, 2004),
(977, 'kislevelű hárs', 523, 'Kőszeg', 17, 2005),
(978, 'közönséges bükk', 402, 'Csipkéskút', 4, 2009),
(979, 'hegyi juhar', 642, 'Ikervár', 17, 2003),
(980, 'juharlevelű platán', 606, 'Zomba', 16, 2009),
(981, 'közönséges bükk', 474, 'Bükkszentkereszt', 4, 2007),
(982, 'kocsányos tölgy', 620, 'Sárvár', 17, 2003),
(983, 'kocsányos tölgy', 570, 'Bokod', 11, 2005),
(984, 'kocsányos tölgy', 561, 'Teklafalu', 2, 2005),
(985, 'kocsányos tölgy', 548, 'Kerkafalva', 19, 2004),
(986, 'fekete nyár', 690, 'Ásványráró', 7, 2010),
(987, 'szelídgesztenye', 756, 'Surd', 19, 2004),
(988, 'közönséges bükk', 439, 'Pénzesgyőr', 18, 2009),
(989, 'közönséges bükk', 404, 'Monostorapáti', 18, 2009),
(990, 'kocsányos tölgy', 507, 'Sellye', 2, 2009),
(991, 'közönséges bükk', 500, 'Monostorapáti', 18, 2008),
(992, 'kocsányos tölgy', 609, 'Almamellék', 2, 2003),
(993, 'kocsányos tölgy', 545, 'Tuzsér', 15, 2003),
(994, 'egybibés galagonya', 125, 'Darány', 14, 2011),
(995, 'japánakác', 406, 'Tápióság', 13, 2011),
(996, 'közönséges bükk', 465, 'Monostorapáti', 18, 2008),
(997, 'közönséges bükk', 535, 'Kárász', 2, 2010),
(998, 'gyertyán', 378, 'Monostorapáti', 18, 2008),
(999, 'japánakác', 457, 'Alcsútdoboz', 6, 2007),
(1000, 'kislevelű hárs', 446, 'Martonvásár', 6, 2003),
(1001, 'kocsányos tölgy', 569, 'Csokonyavisonta', 14, 2003),
(1002, 'szelídgesztenye', 600, 'Bak', 19, 2002),
(1003, 'fehér akác', 386, 'Somogytarnóca', 14, 2011),
(1004, 'mezei szil', 432, 'Nagyváty', 2, 2010),
(1005, 'nagylevelű hárs', 471, 'Nagykovácsi', 13, 2011);
INSERT INTO `fa` (`azon`, `faj`, `kormeret`, `telepules`, `megyeid`, `meres`) VALUES
(1006, 'kislevelű hárs', 450, 'Budapest', 13, 2005),
(1007, 'hárs', 445, 'Sárvár', 17, 2002),
(1008, 'juharlevelű platán', 809, 'Szabadbattyán', 6, 2004),
(1009, 'közönséges bükk', 445, 'Zselickisfalud', 14, 2006),
(1010, 'kocsányos tölgy', 513, 'Zádor', 2, 2005),
(1011, 'kocsányos tölgy', 588, 'Tiszadob', 15, 2003),
(1012, 'juharlevelű platán', 686, 'Alcsútdoboz', 6, 2007),
(1013, 'közönséges bükk', 449, 'Bükkszentkereszt', 4, 2007),
(1014, 'közönséges bükk', 400, 'Herend', 18, 2008),
(1015, 'kocsányos tölgy', 516, 'Vejti', 2, 2002),
(1016, 'kocsányos tölgy', 500, 'Szarvas', 3, 2003),
(1017, 'szelídgesztenye', 652, 'Velem', 17, 2004),
(1018, 'ostorfa', 335, 'Alsóhídvégpuszta', 16, 2009),
(1019, 'fekete nyár', 745, 'Budapest', 13, 2010),
(1020, 'japánakác', 680, 'Vásárosnamény', 15, 2009),
(1021, 'kocsányos tölgy', 615, 'Csokonyavisonta', 14, 2003),
(1022, 'kocsányos tölgy', 610, 'Ziliz', 4, 2003),
(1023, 'közönséges bükk', 401, 'Monostorapáti', 18, 2008),
(1024, 'fekete nyár', 618, 'Budapest', 13, 2010),
(1025, 'kocsányos tölgy', 507, 'Budafapuszta', 19, 2004),
(1026, 'magas kőris', 521, 'Pápa', 18, 2004),
(1027, 'gyertyán', 460, 'Vöröstó', 18, 2009),
(1028, 'tiszafa', 437, 'Hencse', 14, 2006),
(1029, 'fehér nyár', 740, 'Torony', 17, 2006),
(1030, 'fekete nyár', 725, 'Gemenc', 1, 2009),
(1031, 'fekete nyár', 687, 'Barcs', 14, 2005),
(1032, 'kocsányos tölgy', 675, 'Tardos', 11, 2010),
(1033, 'húsos som', 307, 'Császló', 15, 2009),
(1034, 'kocsányos tölgy', 520, 'Sárvár', 17, 2003),
(1035, 'kocsányos tölgy', 514, 'Sárvár', 17, 2003),
(1036, 'fekete bodza', 122, 'Darány', 14, 2011),
(1037, 'közönséges bükk', 430, 'Monostorapáti', 18, 2008),
(1038, 'kocsányos tölgy', 501, 'Gersekarát', 17, 2008),
(1039, 'kocsányos tölgy', 522, 'Lad', 14, 2005),
(1040, 'hárs', 411, 'Kisbózsva', 4, 2008),
(1041, 'fekete nyár', 774, 'Révfalu', 2, 2010),
(1042, 'ginkgo', 415, 'Sellye', 2, 2009),
(1043, 'fűz', 625, 'Lovasberény', 6, 2010),
(1044, 'fekete nyár', 614, 'Csepreg', 17, 2007),
(1045, 'közönséges bükk', 408, 'Pénzesgyőr', 18, 2009),
(1046, 'kocsányos tölgy', 678, 'Barcs', 14, 2003),
(1047, 'fűz', 840, 'Szabolcsbáka', 15, 2003),
(1048, 'fekete nyár', 720, 'Gemenc', 1, 2010),
(1049, 'fehér nyár', 1013, 'Süttő', 11, 2006),
(1050, 'kocsányos tölgy', 501, 'Potony', 14, 2005),
(1051, 'lucfenyő', 396, 'Sopron', 7, 2009),
(1052, 'közönséges bükk', 460, 'Acsád', 17, 2006),
(1053, 'fekete nyár', 1000, 'Barcs', 14, 2005),
(1054, 'kocsányos tölgy', 576, 'Gerla', 3, 2004),
(1055, 'kocsányos tölgy', 726, 'Zsennye', 17, 2005),
(1056, 'kocsányos tölgy', 503, 'Homokszentgyörgy', 14, 2005),
(1057, 'szelídgesztenye', 656, 'Csepreg', 17, 2007),
(1058, 'kocsányos tölgy', 515, 'Mikepércs', 8, 2009),
(1059, 'kocsányos tölgy', 518, 'Lad', 14, 2006),
(1060, 'fekete nyár', 667, 'Szekszárd', 16, 2010),
(1061, 'közönséges bükk', 406, 'Magyarlukafa', 2, 2009),
(1062, 'közönséges bükk', 551, 'Pénzesgyőr', 18, 2009),
(1063, 'kocsányos tölgy', 581, 'Sárvár', 17, 2003),
(1064, 'szelídgesztenye', 520, 'Surd', 19, 2008),
(1065, 'juharlevelű platán', 628, 'Füzérradvány', 4, 2004),
(1066, 'kocsányos tölgy', 531, 'Ikervár', 17, 2008),
(1067, 'gyertyán', 386, 'Felsőtárkány', 9, 2005),
(1068, 'japánakác', 400, 'Szőcsénypuszta', 14, 2010),
(1069, 'japánakác', 478, 'Dég', 6, 2004),
(1070, 'közönséges bükk', 518, 'Gyűrűfű', 2, 2009),
(1071, 'közönséges bükk', 414, 'Telkibánya', 4, 2009),
(1072, 'kocsányos tölgy', 505, 'Orosztony', 19, 2003),
(1073, 'magas kőris', 524, 'Devecser', 18, 2004),
(1074, 'közönséges bükk', 401, 'Hárskút', 18, 2010),
(1075, 'fekete nyár', 694, 'Gemenc', 1, 2004),
(1076, 'juharlevelű platán', 626, 'Pápa', 18, 2007),
(1077, 'vadcseresznye', 333, 'Bak', 19, 2010),
(1078, 'japánakác', 559, 'Mezőcsokonya', 14, 2008),
(1079, 'juharlevelű platán', 604, 'Budapest', 13, 2010),
(1080, 'csertölgy', 584, 'Lajosháza', 14, 2009),
(1081, 'közönséges bükk', 434, 'Hárskút', 18, 2004),
(1082, 'közönséges bükk', 415, 'Pénzesgyőr', 18, 2009),
(1083, 'tulipánfa', 480, 'Somogytarnóca', 14, 2010),
(1084, 'ezüst juhar', 440, 'Pócsmegyer', 13, 2011),
(1085, 'fekete nyár', 611, 'Gemenc', 16, 2010),
(1086, 'juharlevelű platán', 660, 'Pápa', 18, 2007),
(1087, 'enyves éger', 650, 'Szilvásvárad', 9, 2004),
(1088, 'fehér fűz', 640, 'Gemenc', 16, 2011),
(1089, 'nagylevelű hárs', 409, 'Barcs', 14, 2002),
(1090, 'kocsányos tölgy', 567, 'Darány', 14, 2011),
(1091, 'juharlevelű platán', 745, 'Tunyogmatolcs', 15, 2009),
(1092, 'kocsányos tölgy', 588, 'Túristvándi', 15, 2009),
(1093, 'kocsányos tölgy', 534, 'Komlósd', 14, 2011),
(1094, 'fehér fűz', 666, 'Káloz', 6, 2010),
(1095, 'közönséges bükk', 499, 'Vajdácska', 4, 2007),
(1096, 'fekete nyár', 651, 'Gemenc', 16, 2010),
(1097, 'ezüst juhar', 381, 'Óbánya', 2, 2010),
(1098, 'közönséges bükk', 409, 'Vásárosbéc', 2, 2009),
(1099, 'kocsányos tölgy', 530, 'Füzérradvány', 4, 2004),
(1100, 'kocsányos tölgy', 580, 'Csákánydoroszló', 17, 2004),
(1101, 'kocsányos tölgy', 500, 'Encs', 4, 2009),
(1102, 'közönséges bükk', 423, 'Zsennye', 17, 2003),
(1103, 'kocsányos tölgy', 579, 'Tornyiszentmiklós', 19, 2003),
(1104, 'szürke nyár', 888, 'Vásárosnamény', 15, 2009),
(1105, 'közönséges bükk', 420, 'Bánkút', 4, 2009),
(1106, 'hárs', 436, 'Tardos', 11, 2004),
(1107, 'hárs', 557, 'Hőgyész', 16, 2003),
(1108, 'kocsányos tölgy', 610, 'Gyermely', 11, 2004),
(1109, 'fűz', 694, 'Gemenc', 1, 2010),
(1110, 'kocsányos tölgy', 510, 'Túristvándi', 15, 2009),
(1111, 'közönséges bükk', 477, 'Sikonda', 2, 2008),
(1112, 'közönséges bükk', 400, 'Hárskút', 18, 2004),
(1113, 'szelídgesztenye', 657, 'Surd', 19, 2008),
(1114, 'fekete nyár', 608, 'Budapest', 13, 2010),
(1115, 'kocsányos tölgy', 506, 'Tardos', 11, 2010),
(1116, 'korai juhar', 382, 'Somogytarnóca', 14, 2010),
(1117, 'közönséges bükk', 470, 'Pénzesgyőr', 18, 2009),
(1118, 'kocsányos tölgy', 554, 'Tornaszentjakab', 4, 2008),
(1119, 'juharlevelű platán', 630, 'Szabadkígyós', 3, 2010),
(1120, 'hegyi juhar', 382, 'Szilvásvárad', 4, 2008),
(1121, 'közönséges bükk', 545, 'Monostorapáti', 18, 2008),
(1122, 'kocsányos tölgy', 615, 'Rátót', 17, 2003),
(1123, 'kocsányos tölgy', 712, 'Barcs', 14, 2005),
(1124, 'közönséges bükk', 415, 'Püspökszentlászló', 2, 2011),
(1125, 'közönséges bükk', 436, 'Püspökszentlászló', 2, 2011),
(1126, 'kocsányos tölgy', 540, 'Buják', 12, 2008),
(1127, 'nagylevelű hárs', 560, 'Mór', 6, 2007),
(1128, 'vadkörte', 318, 'Kaposvár', 14, 2008),
(1129, 'fekete fenyő', 312, 'Kéked', 4, 2010),
(1130, 'kocsányos tölgy', 566, 'Tiszadob', 15, 2003),
(1131, 'fekete nyár', 955, 'Révfalu', 2, 2005),
(1132, 'szürke nyár', 709, 'Helesfa', 2, 2011),
(1133, 'gyertyán', 346, 'Zádor', 2, 2005),
(1134, 'közönséges bükk', 426, 'Borsodnádasd', 4, 2010),
(1135, 'közönséges bükk', 449, 'Szőcsénypuszta', 14, 2008),
(1136, 'hárs', 406, 'Olaszfalu', 18, 2010),
(1137, 'fekete nyár', 712, 'Tárnok', 13, 2009),
(1138, 'kocsányos tölgy', 565, 'Nyésta', 4, 2010),
(1139, 'kocsányos tölgy', 607, 'Galgamácsa', 13, 2004),
(1140, 'gyertyán', 346, 'Orosztony', 19, 2003),
(1141, 'vadkörte', 375, 'Darány', 14, 2011),
(1142, 'kislevelű hárs', 449, 'Monostorapáti', 18, 2009),
(1143, 'közönséges bükk', 446, 'Balatonhenye', 18, 2003),
(1144, 'kocsányos tölgy', 510, 'Túristvándi', 15, 2009),
(1145, 'közönséges bükk', 530, 'Börzsöny', 12, 2011),
(1146, 'fehér nyár', 623, 'Barcs', 14, 2010),
(1147, 'szelídgesztenye', 508, 'Csipkerek', 17, 2002),
(1148, 'kocsányos tölgy', 521, 'Diósviszló', 2, 2010),
(1149, 'fehér nyár', 731, 'Békéscsaba', 3, 2002),
(1150, 'erdei fenyő', 347, 'Káld', 17, 2010),
(1151, 'fekete nyár', 746, 'Maroslele', 5, 2000),
(1152, 'vadkörte', 370, 'Tapsony', 14, 2010),
(1153, 'szelídgesztenye', 516, 'Zengővárkony', 2, 2005),
(1154, 'fekete nyár', 656, 'Gemenc', 1, 2010),
(1155, 'vadgesztenye', 412, 'Egervár', 19, 2011),
(1156, 'mocsárciprus', 350, 'Devecser', 18, 2010),
(1157, 'közönséges bükk', 421, 'Püspökszentlászló', 2, 2011),
(1158, 'kocsányos tölgy', 505, 'Körmend', 17, 2007),
(1159, 'fekete nyár', 623, 'Gór', 17, 2007),
(1160, 'közönséges bükk', 431, 'Pénzesgyőr', 18, 2009),
(1161, 'közönséges bükk', 425, 'Vászoly', 18, 2000),
(1162, 'kocsányos tölgy', 572, 'Sárvár', 17, 2003),
(1163, 'kocsányos tölgy', 506, 'Békéscsaba', 3, 2003),
(1164, 'nagylevelű hárs', 470, 'Gönc', 4, 2010),
(1165, 'kislevelű hárs', 846, 'Szabolcsbáka', 15, 2003),
(1166, 'juharlevelű platán', 600, 'Tiszakürt', 10, 2010),
(1167, 'juharlevelű platán', 733, 'Hőgyész', 16, 2003),
(1168, 'gyertyán', 311, 'Kaposvár', 14, 2008),
(1169, 'szelídgesztenye', 722, 'Vorhota', 19, 2001),
(1170, 'kislevelű hárs', 430, 'Mór', 6, 2008),
(1171, 'közönséges bükk', 442, 'Püspökszentlászló', 2, 2011),
(1172, 'közönséges bükk', 501, 'Bükkszentkereszt', 4, 2007),
(1173, 'közönséges bükk', 426, 'Bánkút', 4, 2009),
(1174, 'közönséges bükk', 501, 'Monostorapáti', 18, 2008),
(1175, 'kocsányos tölgy', 540, 'Dénesfa', 7, 2003),
(1176, 'fekete nyár', 877, 'Gemenc', 1, 2010),
(1177, 'kocsányos tölgy', 626, 'Gemenc', 16, 2004),
(1178, 'ezüsthárs', 640, 'Bogát', 17, 2001),
(1179, 'juharlevelű platán', 640, 'Előszállás', 6, 2004),
(1180, 'kocsányos tölgy', 500, 'Somogytarnóca', 14, 2011),
(1181, 'kocsányos tölgy', 687, 'Lajosháza', 14, 2009),
(1182, 'kocsányos tölgy', 585, 'Tatabánya', 11, 2008),
(1183, 'vadcseresznye', 461, 'Pénzesgyőr', 18, 2010),
(1184, 'közönséges bükk', 460, 'Pénzesgyőr', 18, 2009),
(1185, 'közönséges bükk', 440, 'Csepreg', 17, 2007),
(1186, 'gyertyán', 320, 'Komlósd', 14, 2011),
(1187, 'szelídgesztenye', 534, 'Velem', 17, 2004),
(1188, 'közönséges jegenyefenyő', 430, 'Fehérvárcsurgó', 6, 2007),
(1189, 'kocsányos tölgy', 502, 'Szeged', 5, 2008),
(1190, 'kocsányos tölgy', 533, 'Lad', 14, 2006),
(1191, 'kocsányos tölgy', 540, 'Kerkafalva', 19, 2004),
(1192, 'hárs', 431, 'Zalabaksa', 19, 2003),
(1193, 'fekete nyár', 783, 'Barcs', 14, 2010),
(1194, 'kocsányos tölgy', 524, 'Rátót', 17, 2003),
(1195, 'gyertyán', 329, 'Somogyviszló', 2, 2009),
(1196, 'kocsányos tölgy', 525, 'Somogyvár', 14, 2005),
(1197, 'kocsányos tölgy', 691, 'Gemenc', 16, 2003),
(1198, 'közönséges bükk', 406, 'Szőcsénypuszta', 14, 2008),
(1199, 'epernarancs', 406, 'Balatonfüred', 18, 2009),
(1200, 'kocsányos tölgy', 522, 'Orosipuszta', 3, 2004),
(1201, 'fehér nyár', 637, 'Bagamér', 8, 2007),
(1202, 'kocsányos tölgy', 597, 'Dénesfa', 7, 2007),
(1203, 'kocsányos tölgy', 541, 'Káptalanfa', 18, 2008),
(1204, 'fekete nyár', 638, 'Révfalu', 2, 2010),
(1205, 'közönséges bükk', 414, 'Püspökszentlászló', 2, 2011),
(1206, 'fekete nyár', 986, 'Gemenc', 1, 2010),
(1207, 'közönséges bükk', 401, 'Püspökszentlászló', 2, 2011),
(1208, 'gyertyán', 337, 'Püspökszentlászló', 2, 2011),
(1209, 'közönséges bükk', 418, 'Pénzesgyőr', 18, 2006),
(1210, 'szelídgesztenye', 633, 'Iharosberény', 14, 2007),
(1211, 'kislevelű hárs', 1103, 'Szőkedencs', 14, 2003),
(1212, 'kocsányos tölgy', 539, 'Oszkó', 17, 2002),
(1213, 'kocsányos tölgy', 525, 'Tormafölde', 19, 2011),
(1214, 'juharlevelű platán', 645, 'Eger', 9, 2004),
(1215, 'közönséges bükk', 432, 'Borsodnádasd', 4, 2010),
(1216, 'közönséges bükk', 455, 'Vásárosbéc', 2, 2009),
(1217, 'csertölgy', 518, 'Nagykovácsi', 13, 2011),
(1218, 'gyertyán', 395, 'Szászvár', 2, 2011),
(1219, 'kocsányos tölgy', 524, 'Gemenc', 16, 2003),
(1220, 'kocsányos tölgy', 578, 'Sárvár', 17, 2003),
(1221, 'kocsányos tölgy', 616, 'Bélmegyer', 3, 2005),
(1222, 'juharlevelű platán', 991, 'Szabadbattyán', 6, 2002),
(1223, 'hárs', 441, 'Tuzsér', 15, 2003),
(1224, 'közönséges bükk', 445, 'Monostorapáti', 18, 2009),
(1225, 'himalájai cédrus', 537, 'Iharosberény', 14, 2007),
(1226, 'kocsánytalan tölgy', 512, 'Mátraháza', 9, 2008),
(1227, 'tulipánfa', 423, 'Szombathely', 17, 2008),
(1228, 'kocsányos tölgy', 588, 'Nagykőrös', 13, 2004),
(1229, 'fekete fenyő', 481, 'Peresznye', 17, 2010),
(1230, 'fűz', 659, 'Ásványráró', 7, 2010),
(1231, 'fekete nyár', 640, 'Gemenc', 16, 2011),
(1232, 'vénic szil', 480, 'Vasszécseny', 17, 2006),
(1233, 'hárs', 463, 'Kaposmérő', 14, 2006),
(1234, 'fűz', 676, 'Lovasberény', 6, 2010),
(1235, 'tulipánfa', 552, 'Iharosberény', 14, 2007),
(1236, 'kocsányos tölgy', 519, 'Földeák', 5, 2008),
(1237, 'kocsányos tölgy', 503, 'Csokonyavisonta', 14, 2003),
(1238, 'közönséges bükk', 507, 'Gézaháza', 18, 2008),
(1239, 'barkóca berkenye', 317, 'Lajosháza', 14, 2009),
(1240, 'közönséges bükk', 402, 'Monostorapáti', 18, 2008),
(1241, 'japánakác', 611, 'Budapest', 13, 2009),
(1242, 'kocsányos tölgy', 651, 'Péterhida', 14, 2003),
(1243, 'vadgesztenye', 467, 'Seregélyes', 6, 2007),
(1244, 'közönséges bükk', 476, 'Monostorapáti', 18, 2008),
(1245, 'fekete nyár', 700, 'Révfalu', 2, 2010),
(1246, 'közönséges bükk', 535, 'Monostorapáti', 18, 2008),
(1247, 'kocsányos tölgy', 510, 'Iklódbördőce', 17, 2004),
(1248, 'kocsánytalan tölgy', 528, 'Sitke', 17, 2008),
(1249, 'ezüst juhar', 403, 'Nagykovácsi', 13, 2011),
(1250, 'fűz', 674, 'Gemenc', 1, 2010),
(1251, 'közönséges bükk', 467, 'Bánkút', 4, 2009),
(1252, 'kocsányos tölgy', 510, 'Sárvár', 17, 2003),
(1253, 'vénic szil', 409, 'Gemenc', 16, 2011),
(1254, 'fehér akác', 417, 'Budapest', 13, 2008),
(1255, 'nagylevelű hárs', 515, 'Sály', 4, 2004),
(1256, 'gyertyán', 324, 'Barcs', 14, 2003),
(1257, 'kocsányos tölgy', 572, 'Homokszentgyörgy', 14, 2005);

-- --------------------------------------------------------

--
-- Table structure for table `megye`
--

CREATE TABLE `megye` (
  `id` int(2) NOT NULL,
  `nev` varchar(22) DEFAULT NULL
) ENGINE=InnoDB DEFAULT CHARSET=utf8;

--
-- Dumping data for table `megye`
--

INSERT INTO `megye` (`id`, `nev`) VALUES
(1, 'Bács-Kiskun'),
(2, 'Baranya'),
(3, 'Békés'),
(4, 'Borsod-Abaúj-Zemplén'),
(5, 'Csongrád'),
(6, 'Fejér'),
(7, 'Győr-Moson-Sopron'),
(8, 'Hajdú-Bihar'),
(9, 'Heves'),
(10, 'Jász-Nagykun-Szolnok'),
(11, 'Komárom-Esztergom'),
(12, 'Nógrád'),
(13, 'Pest'),
(14, 'Somogy'),
(15, 'Szabolcs-Szatmár-Bereg'),
(16, 'Tolna'),
(17, 'Vas'),
(18, 'Veszprém'),
(19, 'Zala');

--
-- Indexes for dumped tables
--

--
-- Indexes for table `fa`
--
ALTER TABLE `fa`
  ADD PRIMARY KEY (`azon`),
  ADD KEY `megyeid` (`megyeid`);

--
-- Indexes for table `megye`
--
ALTER TABLE `megye`
  ADD PRIMARY KEY (`id`);

--
-- AUTO_INCREMENT for dumped tables
--

--
-- AUTO_INCREMENT for table `fa`
--
ALTER TABLE `fa`
  MODIFY `azon` int(11) NOT NULL AUTO_INCREMENT, AUTO_INCREMENT=1258;

--
-- Constraints for dumped tables
--

--
-- Constraints for table `fa`
--
ALTER TABLE `fa`
  ADD CONSTRAINT `fa_ibfk_1` FOREIGN KEY (`megyeid`) REFERENCES `megye` (`id`);
--
-- Database: `orszagautoi`
--
CREATE DATABASE IF NOT EXISTS `orszagautoi` DEFAULT CHARACTER SET utf8mb4 COLLATE utf8mb4_hungarian_ci;
USE `orszagautoi`;

-- --------------------------------------------------------

--
-- Table structure for table `kocsi`
--

CREATE TABLE `kocsi` (
  `id` int(2) NOT NULL,
  `orszag` varchar(8) CHARACTER SET utf8mb4 COLLATE utf8mb4_hungarian_ci NOT NULL,
  `auto` varchar(12) CHARACTER SET utf8mb4 COLLATE utf8mb4_hungarian_ci NOT NULL
) ENGINE=InnoDB DEFAULT CHARSET=utf8;

--
-- Dumping data for table `kocsi`
--

INSERT INTO `kocsi` (`id`, `orszag`, `auto`) VALUES
(1, 'amerikai', 'Buick'),
(2, 'amerikai', 'Cadillac'),
(3, 'amerikai', 'Chevrolet'),
(4, 'amerikai', 'Chrysler'),
(5, 'amerikai', 'Dodge'),
(6, 'amerikai', 'Hummer'),
(7, 'amerikai', 'Lincoln'),
(8, 'angol', 'Aston Martin'),
(9, 'angol', 'Bentley'),
(10, 'angol', 'Rover'),
(11, 'francia', 'Citroen'),
(12, 'francia', 'Peugeot'),
(13, 'francia', 'Renault'),
(14, 'japán', 'Honda'),
(15, 'japán', 'Mazda'),
(16, 'japán', 'Nissan'),
(17, 'japán', 'Subaru'),
(18, 'japán', 'Suzuki'),
(19, 'japán', 'Toyota'),
(20, 'lengyel', 'Polski'),
(21, 'német', 'Audi'),
(22, 'német', 'BMW'),
(23, 'német', 'Mercedes'),
(24, 'német', 'Opel'),
(25, 'német', 'Trabant'),
(26, 'német', 'Volkswagen'),
(27, 'német', 'Wartburg'),
(28, 'olasz', 'Bugatti'),
(29, 'olasz', 'Ferrari'),
(30, 'olasz', 'Fiat'),
(31, 'olasz', 'Lamborghini'),
(32, 'olasz', 'Lancia'),
(33, 'orosz', 'Lada'),
(34, 'orosz', 'Volga'),
(35, 'román', 'Dacia'),
(36, 'spanyol', 'Seat'),
(37, 'svéd', 'Volvo'),
(38, 'szerb', 'Zastava');

--
-- Indexes for dumped tables
--

--
-- Indexes for table `kocsi`
--
ALTER TABLE `kocsi`
  ADD PRIMARY KEY (`id`);

--
-- AUTO_INCREMENT for dumped tables
--

--
-- AUTO_INCREMENT for table `kocsi`
--
ALTER TABLE `kocsi`
  MODIFY `id` int(2) NOT NULL AUTO_INCREMENT, AUTO_INCREMENT=39;
--
-- Database: `orszagok`
--
CREATE DATABASE IF NOT EXISTS `orszagok` DEFAULT CHARACTER SET utf8mb4 COLLATE utf8mb4_hungarian_ci;
USE `orszagok`;

-- --------------------------------------------------------

--
-- Table structure for table `adatok`
--

CREATE TABLE `adatok` (
  `allam` varchar(40) COLLATE utf8mb4_hungarian_ci NOT NULL,
  `forma` varchar(40) COLLATE utf8mb4_hungarian_ci NOT NULL,
  `terulet` int(11) NOT NULL,
  `nepesseg` int(11) NOT NULL,
  `foldresz` varchar(20) COLLATE utf8mb4_hungarian_ci NOT NULL
) ENGINE=MyISAM DEFAULT CHARSET=utf8mb4 COLLATE=utf8mb4_hungarian_ci;

--
-- Dumping data for table `adatok`
--

INSERT INTO `adatok` (`allam`, `forma`, `terulet`, `nepesseg`, `foldresz`) VALUES
('Kongói Demokratikus Köztársaság', 'köztársaság', 2344885, 36672, 'Afrika'),
('Zöld-foki Köztársaság', 'köztársaság', 4033, 369, 'Afrika'),
('Zimbabwe', 'köztársaság', 390759, 10402, 'Afrika'),
('Zambia', 'köztársaság', 752614, 8023, 'Afrika'),
('Venezuela', 'szövetségi köztársaság', 912050, 20249, 'Dél-Amerika'),
('Uruguay', 'köztársaság', 176215, 3131, 'Dél-Amerika'),
('Uganda', 'köztársaság', 241139, 17804, 'Afrika'),
('Tunézia', 'köztársaság', 163610, 8222, 'Afrika'),
('Trinidad és Tobago', 'köztársaság', 5128, 1263, 'Afrika'),
('Togo', 'köztársaság', 56785, 3349, 'Afrika'),
('Tanzánia', 'szövetségi köztársaság', 945087, 25635, 'Afrika'),
('Szváziföld', 'monarchia', 17363, 768, 'Afrika'),
('Szudán', 'köztársaság', 2505813, 24485, 'Afrika'),
('Szomália', 'köztársaság', 637657, 7339, 'Afrika'),
('Szenegál', 'köztársaság', 196722, 7172, 'Afrika'),
('Suriname', 'köztársaság', 163265, 404, 'Dél-Amerika'),
('Sierra Leone', 'köztársaság', 71740, 4376, 'Afrika'),
('Seychelle-szigetek', 'köztársaság', 454, 67, 'Afrika'),
('Sao Tomé és Príncipe', 'köztársaság', 1001, 118, 'Afrika'),
('Salvador', 'köztársaság', 21041, 5207, 'Közép-Amerika'),
('Saint Vicent', 'alkotmányos monarchia', 389, 110, 'Közép-Amerika'),
('Saint Lucia', 'alkotmányos monarchia', 616, 148, 'Közép-Amerika'),
('Saint Kitts és Nevis', 'alkotmányos monarchia', 262, 50, 'Közép-Amerika'),
('Ruanda', 'köztársaság', 26339, 7165, 'Afrika'),
('Peru', 'köztársaság', 1285216, 22454, 'Dél-Amerika'),
('Paraguay', 'köztársaság', 406752, 4157, 'Dél-Amerika'),
('Panama', 'köztársaság', 75517, 2515, 'Közép-Amerika'),
('Nyugat-Szahara', '(jelenleg megszállás alatt)', 266, 174, 'Afrika'),
('Nigéria', 'szövetségi köztársaság', 923768, 88515, 'Afrika'),
('Niger', 'köztársaság', 1267000, 7252, 'Afrika'),
('Nicaragua', 'köztársaság', 120254, 4130, 'Közép-Amerika'),
('Namíbia', 'köztársaság', 824292, 1402, 'Afrika'),
('Mozambik', 'köztársaság', 799380, 16593, 'Afrika'),
('Mexikó', 'szövetségi köztársaság', 1958201, 89538, 'Közép-Amerika'),
('Mauritius', 'köztársaság', 2040, 1084, 'Afrika'),
('Mauritánia', 'köztársaság', 1030700, 2036, 'Afrika'),
('Marokkó', 'örökletes monarchia', 446550, 24522, 'Afrika'),
('Mali', 'köztársaság', 1240192, 8156, 'Afrika'),
('Malawi', 'köztársaság', 118484, 8823, 'Afrika'),
('Madagaszkár', 'köztársaság', 587041, 11493, 'Afrika'),
('Líbia', 'köztársaság', 1775500, 4385, 'Afrika'),
('Libéria', 'köztársaság', 97754, 2580, 'Afrika'),
('Lesotho', 'alkotmányos monarchia', 30355, 1700, 'Afrika'),
('Kuba', 'köztársaság', 110860, 10822, 'Közép-Amerika'),
('Közép-Afrikai Köztársaság', 'köztársaság', 622984, 2895, 'Afrika'),
('Kongó', 'köztársaság', 342000, 1941, 'Afrika'),
('Kolumbia', 'köztársaság', 1141748, 33951, 'Dél-Amerika'),
('Kenya', 'köztársaság', 580367, 25700, 'Afrika'),
('Kanada', 'szövetségi állam', 9958319, 27409, 'Észak-Amerika'),
('Kamerun', 'köztársaság', 475445, 11540, 'Afrika'),
('Jamaica', 'alkotmányos monarchia', 10991, 2375, 'Közép-Amerika'),
('Honduras', 'köztársaság', 112088, 5105, 'Közép-Amerika'),
('Haiti', 'köztársaság', 27750, 6764, 'Közép-Amerika'),
('Guyana', 'köztársaság', 24969, 1024, 'Dél-Amerika'),
('Guinea', 'köztársaság', 245857, 6706, 'Afrika'),
('Guatemala', 'köztársaság', 108889, 10030, 'Közép-Amerika'),
('Grenada', 'alkotmányos monarchia', 344, 110, 'Közép-Amerika'),
('Ghána', 'köztársaság', 238537, 15400, 'Afrika'),
('Gambia', 'köztársaság', 11295, 878, 'Afrika'),
('Gabon', 'köztársaság', 267667, 1206, 'Afrika'),
('Etiópia', 'köztársaság', 1130138, 50000, 'Afrika'),
('Eritrea', 'köztársaság', 121144, 3325, 'Afrika'),
('Elefántcsontpart', 'köztársaság', 322462, 12098, 'Afrika'),
('Egyiptom', 'köztársaság', 997739, 55163, 'Afrika'),
('Egyenlítői- Guinea', 'köztársaság', 28051, 341, 'Afrika'),
('Ecuador', 'köztársaság', 272045, 10741, 'Dél-Amerika'),
('Dzsibuti', 'köztársaság', 23200, 520, 'Afrika'),
('Dominikai Köztársaság', 'köztársaság', 48422, 7313, 'Közép-Amerika'),
('Dominikai Közösség', 'köztársaság', 750, 81, 'Közép-Amerika'),
('Dél-Afrikai Köztársaság', 'szövetségi köztársaság', 1221037, 34492, 'Afrika'),
('Csád', 'köztársaság', 1284000, 5961, 'Afrika'),
('Costa Rica', 'köztársaság', 51100, 3064, 'Közép-Amerika'),
('Comore Szigetek', 'köztársaság', 1862, 503, 'Afrika'),
('Chile', 'köztársaság', 756626, 13813, 'Dél-Amerika'),
('Burundi', 'köztársaság', 27834, 5786, 'Afrika'),
('Burkina Faso', 'köztársaság', 274200, 9490, 'Afrika'),
('Brazília', 'szövetségi köztársaság', 8511966, 159224, 'Dél-Amerika'),
('Botswana', 'köztársaság', 582000, 1373, 'Afrika'),
('Bolívia', 'köztársaság', 1098581, 7832, 'Dél-Amerika'),
('Bissau-Guinea', 'köztársaság', 36125, 966, 'Afrika'),
('Benin', 'népi köztársaság', 112622, 4889, 'Afrika'),
('Barbados', 'alkotmányos monarchia', 430, 257, 'Közép-Amerika'),
('Bahama-szigetek', 'alkotmányos monarchia', 13939, 255, 'Közép-Amerika'),
('Argentína', 'szövetségi köztársaság', 2766889, 32609, 'Dél-Amerika'),
('Antigua és Barbuda', 'alkotmányos monarchia', 442, 86, 'Közép-Amerika'),
('Angola', 'köztársaság', 1246700, 10020, 'Afrika'),
('Amerikai Egyesült Államok', 'szövetségi köztársaság', 9809155, 257900, 'Észak-Amerika'),
('Algéria', 'népi demokratikus köztársaság', 2381741, 26600, 'Afrika');

--
-- Indexes for dumped tables
--

--
-- Indexes for table `adatok`
--
ALTER TABLE `adatok`
  ADD PRIMARY KEY (`allam`);
--
-- Database: `phpmyadmin`
--
CREATE DATABASE IF NOT EXISTS `phpmyadmin` DEFAULT CHARACTER SET utf8 COLLATE utf8_bin;
USE `phpmyadmin`;

-- --------------------------------------------------------

--
-- Table structure for table `pma__bookmark`
--

CREATE TABLE `pma__bookmark` (
  `id` int(10) UNSIGNED NOT NULL,
  `dbase` varchar(255) COLLATE utf8_bin NOT NULL DEFAULT '',
  `user` varchar(255) COLLATE utf8_bin NOT NULL DEFAULT '',
  `label` varchar(255) CHARACTER SET utf8 NOT NULL DEFAULT '',
  `query` text COLLATE utf8_bin NOT NULL
) ENGINE=InnoDB DEFAULT CHARSET=utf8 COLLATE=utf8_bin COMMENT='Bookmarks';

-- --------------------------------------------------------

--
-- Table structure for table `pma__central_columns`
--

CREATE TABLE `pma__central_columns` (
  `db_name` varchar(64) COLLATE utf8_bin NOT NULL,
  `col_name` varchar(64) COLLATE utf8_bin NOT NULL,
  `col_type` varchar(64) COLLATE utf8_bin NOT NULL,
  `col_length` text COLLATE utf8_bin DEFAULT NULL,
  `col_collation` varchar(64) COLLATE utf8_bin NOT NULL,
  `col_isNull` tinyint(1) NOT NULL,
  `col_extra` varchar(255) COLLATE utf8_bin DEFAULT '',
  `col_default` text COLLATE utf8_bin DEFAULT NULL
) ENGINE=InnoDB DEFAULT CHARSET=utf8 COLLATE=utf8_bin COMMENT='Central list of columns';

-- --------------------------------------------------------

--
-- Table structure for table `pma__column_info`
--

CREATE TABLE `pma__column_info` (
  `id` int(5) UNSIGNED NOT NULL,
  `db_name` varchar(64) COLLATE utf8_bin NOT NULL DEFAULT '',
  `table_name` varchar(64) COLLATE utf8_bin NOT NULL DEFAULT '',
  `column_name` varchar(64) COLLATE utf8_bin NOT NULL DEFAULT '',
  `comment` varchar(255) CHARACTER SET utf8 NOT NULL DEFAULT '',
  `mimetype` varchar(255) CHARACTER SET utf8 NOT NULL DEFAULT '',
  `transformation` varchar(255) COLLATE utf8_bin NOT NULL DEFAULT '',
  `transformation_options` varchar(255) COLLATE utf8_bin NOT NULL DEFAULT '',
  `input_transformation` varchar(255) COLLATE utf8_bin NOT NULL DEFAULT '',
  `input_transformation_options` varchar(255) COLLATE utf8_bin NOT NULL DEFAULT ''
) ENGINE=InnoDB DEFAULT CHARSET=utf8 COLLATE=utf8_bin COMMENT='Column information for phpMyAdmin';

-- --------------------------------------------------------

--
-- Table structure for table `pma__designer_settings`
--

CREATE TABLE `pma__designer_settings` (
  `username` varchar(64) COLLATE utf8_bin NOT NULL,
  `settings_data` text COLLATE utf8_bin NOT NULL
) ENGINE=InnoDB DEFAULT CHARSET=utf8 COLLATE=utf8_bin COMMENT='Settings related to Designer';

--
-- Dumping data for table `pma__designer_settings`
--

INSERT INTO `pma__designer_settings` (`username`, `settings_data`) VALUES
('root', '{\"snap_to_grid\":\"off\",\"relation_lines\":\"true\",\"angular_direct\":\"direct\"}');

-- --------------------------------------------------------

--
-- Table structure for table `pma__export_templates`
--

CREATE TABLE `pma__export_templates` (
  `id` int(5) UNSIGNED NOT NULL,
  `username` varchar(64) COLLATE utf8_bin NOT NULL,
  `export_type` varchar(10) COLLATE utf8_bin NOT NULL,
  `template_name` varchar(64) COLLATE utf8_bin NOT NULL,
  `template_data` text COLLATE utf8_bin NOT NULL
) ENGINE=InnoDB DEFAULT CHARSET=utf8 COLLATE=utf8_bin COMMENT='Saved export templates';

-- --------------------------------------------------------

--
-- Table structure for table `pma__favorite`
--

CREATE TABLE `pma__favorite` (
  `username` varchar(64) COLLATE utf8_bin NOT NULL,
  `tables` text COLLATE utf8_bin NOT NULL
) ENGINE=InnoDB DEFAULT CHARSET=utf8 COLLATE=utf8_bin COMMENT='Favorite tables';

-- --------------------------------------------------------

--
-- Table structure for table `pma__history`
--

CREATE TABLE `pma__history` (
  `id` bigint(20) UNSIGNED NOT NULL,
  `username` varchar(64) COLLATE utf8_bin NOT NULL DEFAULT '',
  `db` varchar(64) COLLATE utf8_bin NOT NULL DEFAULT '',
  `table` varchar(64) COLLATE utf8_bin NOT NULL DEFAULT '',
  `timevalue` timestamp NOT NULL DEFAULT current_timestamp(),
  `sqlquery` text COLLATE utf8_bin NOT NULL
) ENGINE=InnoDB DEFAULT CHARSET=utf8 COLLATE=utf8_bin COMMENT='SQL history for phpMyAdmin';

-- --------------------------------------------------------

--
-- Table structure for table `pma__navigationhiding`
--

CREATE TABLE `pma__navigationhiding` (
  `username` varchar(64) COLLATE utf8_bin NOT NULL,
  `item_name` varchar(64) COLLATE utf8_bin NOT NULL,
  `item_type` varchar(64) COLLATE utf8_bin NOT NULL,
  `db_name` varchar(64) COLLATE utf8_bin NOT NULL,
  `table_name` varchar(64) COLLATE utf8_bin NOT NULL
) ENGINE=InnoDB DEFAULT CHARSET=utf8 COLLATE=utf8_bin COMMENT='Hidden items of navigation tree';

-- --------------------------------------------------------

--
-- Table structure for table `pma__pdf_pages`
--

CREATE TABLE `pma__pdf_pages` (
  `db_name` varchar(64) COLLATE utf8_bin NOT NULL DEFAULT '',
  `page_nr` int(10) UNSIGNED NOT NULL,
  `page_descr` varchar(50) CHARACTER SET utf8 NOT NULL DEFAULT ''
) ENGINE=InnoDB DEFAULT CHARSET=utf8 COLLATE=utf8_bin COMMENT='PDF relation pages for phpMyAdmin';

-- --------------------------------------------------------

--
-- Table structure for table `pma__recent`
--

CREATE TABLE `pma__recent` (
  `username` varchar(64) COLLATE utf8_bin NOT NULL,
  `tables` text COLLATE utf8_bin NOT NULL
) ENGINE=InnoDB DEFAULT CHARSET=utf8 COLLATE=utf8_bin COMMENT='Recently accessed tables';

--
-- Dumping data for table `pma__recent`
--

INSERT INTO `pma__recent` (`username`, `tables`) VALUES
('root', '[{\"db\":\"futas\",\"table\":\"naplo\"},{\"db\":\"tortenelem\",\"table\":\"evszamok\"},{\"db\":\"szotar\",\"table\":\"szavak\"},{\"db\":\"konditerem\",\"table\":\"tipusok\"},{\"db\":\"konditerem\",\"table\":\"kondigepek\"},{\"db\":\"oldtimer\",\"table\":\"velemenyek\"},{\"db\":\"matra\",\"table\":\"ertekelesek\"},{\"db\":\"dolgozok\",\"table\":\"adatok\"},{\"db\":\"konyvek\",\"table\":\"adatok\"},{\"db\":\"kolcsonzo\",\"table\":\"autok\"}]'),
('tanulo', '[{\"db\":\"szotar\",\"table\":\"szavak\"}]');

-- --------------------------------------------------------

--
-- Table structure for table `pma__relation`
--

CREATE TABLE `pma__relation` (
  `master_db` varchar(64) COLLATE utf8_bin NOT NULL DEFAULT '',
  `master_table` varchar(64) COLLATE utf8_bin NOT NULL DEFAULT '',
  `master_field` varchar(64) COLLATE utf8_bin NOT NULL DEFAULT '',
  `foreign_db` varchar(64) COLLATE utf8_bin NOT NULL DEFAULT '',
  `foreign_table` varchar(64) COLLATE utf8_bin NOT NULL DEFAULT '',
  `foreign_field` varchar(64) COLLATE utf8_bin NOT NULL DEFAULT ''
) ENGINE=InnoDB DEFAULT CHARSET=utf8 COLLATE=utf8_bin COMMENT='Relation table';

-- --------------------------------------------------------

--
-- Table structure for table `pma__savedsearches`
--

CREATE TABLE `pma__savedsearches` (
  `id` int(5) UNSIGNED NOT NULL,
  `username` varchar(64) COLLATE utf8_bin NOT NULL DEFAULT '',
  `db_name` varchar(64) COLLATE utf8_bin NOT NULL DEFAULT '',
  `search_name` varchar(64) COLLATE utf8_bin NOT NULL DEFAULT '',
  `search_data` text COLLATE utf8_bin NOT NULL
) ENGINE=InnoDB DEFAULT CHARSET=utf8 COLLATE=utf8_bin COMMENT='Saved searches';

-- --------------------------------------------------------

--
-- Table structure for table `pma__table_coords`
--

CREATE TABLE `pma__table_coords` (
  `db_name` varchar(64) COLLATE utf8_bin NOT NULL DEFAULT '',
  `table_name` varchar(64) COLLATE utf8_bin NOT NULL DEFAULT '',
  `pdf_page_number` int(11) NOT NULL DEFAULT 0,
  `x` float UNSIGNED NOT NULL DEFAULT 0,
  `y` float UNSIGNED NOT NULL DEFAULT 0
) ENGINE=InnoDB DEFAULT CHARSET=utf8 COLLATE=utf8_bin COMMENT='Table coordinates for phpMyAdmin PDF output';

-- --------------------------------------------------------

--
-- Table structure for table `pma__table_info`
--

CREATE TABLE `pma__table_info` (
  `db_name` varchar(64) COLLATE utf8_bin NOT NULL DEFAULT '',
  `table_name` varchar(64) COLLATE utf8_bin NOT NULL DEFAULT '',
  `display_field` varchar(64) COLLATE utf8_bin NOT NULL DEFAULT ''
) ENGINE=InnoDB DEFAULT CHARSET=utf8 COLLATE=utf8_bin COMMENT='Table information for phpMyAdmin';

--
-- Dumping data for table `pma__table_info`
--

INSERT INTO `pma__table_info` (`db_name`, `table_name`, `display_field`) VALUES
('iskola', 'diakok', 'nev');

-- --------------------------------------------------------

--
-- Table structure for table `pma__table_uiprefs`
--

CREATE TABLE `pma__table_uiprefs` (
  `username` varchar(64) COLLATE utf8_bin NOT NULL,
  `db_name` varchar(64) COLLATE utf8_bin NOT NULL,
  `table_name` varchar(64) COLLATE utf8_bin NOT NULL,
  `prefs` text COLLATE utf8_bin NOT NULL,
  `last_update` timestamp NOT NULL DEFAULT current_timestamp() ON UPDATE current_timestamp()
) ENGINE=InnoDB DEFAULT CHARSET=utf8 COLLATE=utf8_bin COMMENT='Tables'' UI preferences';

-- --------------------------------------------------------

--
-- Table structure for table `pma__tracking`
--

CREATE TABLE `pma__tracking` (
  `db_name` varchar(64) COLLATE utf8_bin NOT NULL,
  `table_name` varchar(64) COLLATE utf8_bin NOT NULL,
  `version` int(10) UNSIGNED NOT NULL,
  `date_created` datetime NOT NULL,
  `date_updated` datetime NOT NULL,
  `schema_snapshot` text COLLATE utf8_bin NOT NULL,
  `schema_sql` text COLLATE utf8_bin DEFAULT NULL,
  `data_sql` longtext COLLATE utf8_bin DEFAULT NULL,
  `tracking` set('UPDATE','REPLACE','INSERT','DELETE','TRUNCATE','CREATE DATABASE','ALTER DATABASE','DROP DATABASE','CREATE TABLE','ALTER TABLE','RENAME TABLE','DROP TABLE','CREATE INDEX','DROP INDEX','CREATE VIEW','ALTER VIEW','DROP VIEW') COLLATE utf8_bin DEFAULT NULL,
  `tracking_active` int(1) UNSIGNED NOT NULL DEFAULT 1
) ENGINE=InnoDB DEFAULT CHARSET=utf8 COLLATE=utf8_bin COMMENT='Database changes tracking for phpMyAdmin';

-- --------------------------------------------------------

--
-- Table structure for table `pma__userconfig`
--

CREATE TABLE `pma__userconfig` (
  `username` varchar(64) COLLATE utf8_bin NOT NULL,
  `timevalue` timestamp NOT NULL DEFAULT current_timestamp() ON UPDATE current_timestamp(),
  `config_data` text COLLATE utf8_bin NOT NULL
) ENGINE=InnoDB DEFAULT CHARSET=utf8 COLLATE=utf8_bin COMMENT='User preferences storage for phpMyAdmin';

--
-- Dumping data for table `pma__userconfig`
--

INSERT INTO `pma__userconfig` (`username`, `timevalue`, `config_data`) VALUES
('erdesz', '2021-02-26 17:09:06', '{\"Console\\/Mode\":\"collapse\"}'),
('root', '2022-02-10 07:41:46', '{\"Console\\/Mode\":\"show\",\"Console\\/Height\":210.964,\"DefaultConnectionCollation\":\"utf8_hungarian_ci\"}'),
('tanulo', '2022-01-25 07:36:36', '{\"Console\\/Mode\":\"collapse\"}');

-- --------------------------------------------------------

--
-- Table structure for table `pma__usergroups`
--

CREATE TABLE `pma__usergroups` (
  `usergroup` varchar(64) COLLATE utf8_bin NOT NULL,
  `tab` varchar(64) COLLATE utf8_bin NOT NULL,
  `allowed` enum('Y','N') COLLATE utf8_bin NOT NULL DEFAULT 'N'
) ENGINE=InnoDB DEFAULT CHARSET=utf8 COLLATE=utf8_bin COMMENT='User groups with configured menu items';

-- --------------------------------------------------------

--
-- Table structure for table `pma__users`
--

CREATE TABLE `pma__users` (
  `username` varchar(64) COLLATE utf8_bin NOT NULL,
  `usergroup` varchar(64) COLLATE utf8_bin NOT NULL
) ENGINE=InnoDB DEFAULT CHARSET=utf8 COLLATE=utf8_bin COMMENT='Users and their assignments to user groups';

--
-- Indexes for dumped tables
--

--
-- Indexes for table `pma__bookmark`
--
ALTER TABLE `pma__bookmark`
  ADD PRIMARY KEY (`id`);

--
-- Indexes for table `pma__central_columns`
--
ALTER TABLE `pma__central_columns`
  ADD PRIMARY KEY (`db_name`,`col_name`);

--
-- Indexes for table `pma__column_info`
--
ALTER TABLE `pma__column_info`
  ADD PRIMARY KEY (`id`),
  ADD UNIQUE KEY `db_name` (`db_name`,`table_name`,`column_name`);

--
-- Indexes for table `pma__designer_settings`
--
ALTER TABLE `pma__designer_settings`
  ADD PRIMARY KEY (`username`);

--
-- Indexes for table `pma__export_templates`
--
ALTER TABLE `pma__export_templates`
  ADD PRIMARY KEY (`id`),
  ADD UNIQUE KEY `u_user_type_template` (`username`,`export_type`,`template_name`);

--
-- Indexes for table `pma__favorite`
--
ALTER TABLE `pma__favorite`
  ADD PRIMARY KEY (`username`);

--
-- Indexes for table `pma__history`
--
ALTER TABLE `pma__history`
  ADD PRIMARY KEY (`id`),
  ADD KEY `username` (`username`,`db`,`table`,`timevalue`);

--
-- Indexes for table `pma__navigationhiding`
--
ALTER TABLE `pma__navigationhiding`
  ADD PRIMARY KEY (`username`,`item_name`,`item_type`,`db_name`,`table_name`);

--
-- Indexes for table `pma__pdf_pages`
--
ALTER TABLE `pma__pdf_pages`
  ADD PRIMARY KEY (`page_nr`),
  ADD KEY `db_name` (`db_name`);

--
-- Indexes for table `pma__recent`
--
ALTER TABLE `pma__recent`
  ADD PRIMARY KEY (`username`);

--
-- Indexes for table `pma__relation`
--
ALTER TABLE `pma__relation`
  ADD PRIMARY KEY (`master_db`,`master_table`,`master_field`),
  ADD KEY `foreign_field` (`foreign_db`,`foreign_table`);

--
-- Indexes for table `pma__savedsearches`
--
ALTER TABLE `pma__savedsearches`
  ADD PRIMARY KEY (`id`),
  ADD UNIQUE KEY `u_savedsearches_username_dbname` (`username`,`db_name`,`search_name`);

--
-- Indexes for table `pma__table_coords`
--
ALTER TABLE `pma__table_coords`
  ADD PRIMARY KEY (`db_name`,`table_name`,`pdf_page_number`);

--
-- Indexes for table `pma__table_info`
--
ALTER TABLE `pma__table_info`
  ADD PRIMARY KEY (`db_name`,`table_name`);

--
-- Indexes for table `pma__table_uiprefs`
--
ALTER TABLE `pma__table_uiprefs`
  ADD PRIMARY KEY (`username`,`db_name`,`table_name`);

--
-- Indexes for table `pma__tracking`
--
ALTER TABLE `pma__tracking`
  ADD PRIMARY KEY (`db_name`,`table_name`,`version`);

--
-- Indexes for table `pma__userconfig`
--
ALTER TABLE `pma__userconfig`
  ADD PRIMARY KEY (`username`);

--
-- Indexes for table `pma__usergroups`
--
ALTER TABLE `pma__usergroups`
  ADD PRIMARY KEY (`usergroup`,`tab`,`allowed`);

--
-- Indexes for table `pma__users`
--
ALTER TABLE `pma__users`
  ADD PRIMARY KEY (`username`,`usergroup`);

--
-- AUTO_INCREMENT for dumped tables
--

--
-- AUTO_INCREMENT for table `pma__bookmark`
--
ALTER TABLE `pma__bookmark`
  MODIFY `id` int(10) UNSIGNED NOT NULL AUTO_INCREMENT;

--
-- AUTO_INCREMENT for table `pma__column_info`
--
ALTER TABLE `pma__column_info`
  MODIFY `id` int(5) UNSIGNED NOT NULL AUTO_INCREMENT;

--
-- AUTO_INCREMENT for table `pma__export_templates`
--
ALTER TABLE `pma__export_templates`
  MODIFY `id` int(5) UNSIGNED NOT NULL AUTO_INCREMENT;

--
-- AUTO_INCREMENT for table `pma__history`
--
ALTER TABLE `pma__history`
  MODIFY `id` bigint(20) UNSIGNED NOT NULL AUTO_INCREMENT;

--
-- AUTO_INCREMENT for table `pma__pdf_pages`
--
ALTER TABLE `pma__pdf_pages`
  MODIFY `page_nr` int(10) UNSIGNED NOT NULL AUTO_INCREMENT;

--
-- AUTO_INCREMENT for table `pma__savedsearches`
--
ALTER TABLE `pma__savedsearches`
  MODIFY `id` int(5) UNSIGNED NOT NULL AUTO_INCREMENT;
--
-- Database: `repterek`
--
CREATE DATABASE IF NOT EXISTS `repterek` DEFAULT CHARACTER SET utf8mb4 COLLATE utf8mb4_hungarian_ci;
USE `repterek`;

-- --------------------------------------------------------

--
-- Table structure for table `palyak`
--

CREATE TABLE `palyak` (
  `az` int(11) NOT NULL,
  `nev` varchar(35) NOT NULL,
  `hossz` int(4) DEFAULT NULL,
  `szelesseg` int(3) DEFAULT NULL,
  `anyag` varchar(5) DEFAULT NULL
) ENGINE=InnoDB DEFAULT CHARSET=utf8 ROW_FORMAT=COMPACT;

--
-- Dumping data for table `palyak`
--

INSERT INTO `palyak` (`az`, `nev`, `hossz`, `szelesseg`, `anyag`) VALUES
(1, 'Budapest-Ferihegy', 3010, 45, 'beton'),
(2, 'Budapest-Ferihegy', 3707, 45, 'beton'),
(3, 'Budapest-Ferihegy', 900, 23, 'beton'),
(4, 'Budapest-Ferihegy', 900, 23, 'beton'),
(5, 'Debreceni nemzetközi repülőtér', 2500, 40, 'beton'),
(6, 'Debreceni nemzetközi repülőtér', 2500, 40, 'beton'),
(7, 'Debreceni nemzetközi repülőtér', 2500, 90, 'beton'),
(8, 'Debreceni nemzetközi repülőtér', 1000, 100, 'fű'),
(9, 'Győr-Pér', 1450, 30, 'beton'),
(10, 'Győr-Pér', 1450, 30, 'beton'),
(11, 'Győr-Pér', 1340, 150, 'fű'),
(12, 'Győr-Pér', 900, 150, 'fű'),
(13, 'Pécs-Pogány Repülőtér', 1500, 30, 'beton'),
(14, 'Sármellék nemzetközi repülőtér', 2500, 60, 'beton'),
(15, 'Sármellék nemzetközi repülőtér', 1000, 45, 'fű'),
(16, 'Sármellék nemzetközi repülőtér', 30, 45, 'beton'),
(17, 'Fertőszentmiklós', 985, 23, 'beton'),
(18, 'Nyíregyháza', 1000, 20, 'beton'),
(19, 'Nyíregyháza', 1000, 60, 'fű'),
(20, 'Siófok-Kiliti', 2000, 50, 'fű'),
(21, 'Siófok-Kiliti', 2000, 50, 'fű'),
(22, 'Siófok-Kiliti', 2000, 140, 'fű'),
(23, 'Kecskeméti katonai repülőtér', 2499, 60, 'beton'),
(24, 'Kecskeméti katonai repülőtér', 2499, 60, 'beton'),
(25, 'Pápa', 2400, 60, 'beton'),
(26, 'Pápa', 2400, 60, 'beton'),
(27, 'Szolnok', 2000, 70, 'beton'),
(28, 'Szolnok', 2000, 50, 'fű'),
(29, 'Taszár', 2500, 60, 'beton'),
(30, 'Békéscsabai repülőtér', 1500, 30, 'beton'),
(31, 'Békéscsabai repülőtér', 1500, 30, 'fű'),
(32, 'Békéscsabai repülőtér', 800, 200, 'fű'),
(33, 'Székesfehérvár-Börgöndi repülőtér', 1200, 200, 'fű'),
(34, 'Budaörs', 980, 60, 'fű'),
(35, 'Budaörs', 750, 40, 'fű'),
(36, 'Budapest-Hármashatárhegy', 1000, 100, 'fű'),
(37, 'Dunakeszi', 800, 500, 'fű'),
(38, 'Dunaújváros', 950, 60, 'fű'),
(39, 'Esztergomi repülőtér', 1000, 80, 'fű'),
(40, 'Farkashegy', 1000, 200, 'fű'),
(41, 'Gödöllői repülőtér', 1000, 100, 'fű'),
(42, 'Gyöngyös-Pipishegy', 760, 20, 'fű'),
(43, 'Hajdúszoboszló', 1000, 50, 'fű'),
(44, 'Hajdúszoboszló', 800, 50, 'fű'),
(45, 'Jakabszállás', 600, 18, 'fű'),
(46, 'Jakabszállás', 1000, 30, 'fű'),
(47, 'Kaposújlak', 610, 18, 'fű'),
(48, 'Kaposújlak', 1200, 200, 'fű'),
(49, 'Kecskéd ', 1000, 50, 'fű'),
(50, 'Kecskéd ', 1200, 50, 'fű'),
(51, 'Kiskunfélegyháza', 758, 160, 'fű'),
(52, 'Kiskunfélegyháza', 536, 100, 'fű'),
(53, 'Mezőkövesd', 800, 100, 'fű'),
(54, 'Miskolc', 850, 100, 'fű'),
(55, 'Miskolc', 800, 100, 'fű'),
(56, 'Szeged', 1185, 30, 'beton'),
(57, 'Szeged', 1177, 50, 'fű'),
(58, 'Szeged', 610, 50, 'fű'),
(59, 'Szentes', 750, 150, 'fű'),
(60, 'Szolnok-Szandaszőlős', 1050, 200, 'fű'),
(61, 'Szombathely', 1600, 500, 'fű'),
(62, 'Tököl', 2500, 80, 'beton'),
(63, 'Tököl', 1100, 50, 'fű');

--
-- Indexes for dumped tables
--

--
-- Indexes for table `palyak`
--
ALTER TABLE `palyak`
  ADD PRIMARY KEY (`az`);

--
-- AUTO_INCREMENT for dumped tables
--

--
-- AUTO_INCREMENT for table `palyak`
--
ALTER TABLE `palyak`
  MODIFY `az` int(11) NOT NULL AUTO_INCREMENT, AUTO_INCREMENT=64;
--
-- Database: `szineszek`
--
CREATE DATABASE IF NOT EXISTS `szineszek` DEFAULT CHARACTER SET utf8mb4 COLLATE utf8mb4_hungarian_ci;
USE `szineszek`;

-- --------------------------------------------------------

--
-- Table structure for table `szineszek`
--

CREATE TABLE `szineszek` (
  `Nev` varchar(20) CHARACTER SET utf8 COLLATE utf8_hungarian_ci NOT NULL,
  `Nem` varchar(1) CHARACTER SET utf8 COLLATE utf8_hungarian_ci NOT NULL,
  `Szulido` date NOT NULL,
  `Szulhely` varchar(20) CHARACTER SET utf8 COLLATE utf8_hungarian_ci NOT NULL,
  `Szulorsz` varchar(15) CHARACTER SET utf8 COLLATE utf8_hungarian_ci NOT NULL,
  `Filmszam` int(11) NOT NULL
) ENGINE=MyISAM DEFAULT CHARSET=utf8;

--
-- Dumping data for table `szineszek`
--

INSERT INTO `szineszek` (`Nev`, `Nem`, `Szulido`, `Szulhely`, `Szulorsz`, `Filmszam`) VALUES
('Eastwood Clint', 'f', '1930-05-31', 'San Francisco', 'USA', 58),
('Funes Louis de', 'f', '1914-07-31', 'Courbevoie', 'Franciaország', 146),
('Davis Bette', 'n', '1908-04-05', 'Lowell', 'USA', 118),
('Ullmann Liv', 'n', '1938-12-16', 'Tokió', 'Japán', 52),
('Hepburn Audrey', 'n', '1929-05-04', 'Brüsszel', 'Belgium', 30),
('Kiss Manyi', 'n', '1911-03-12', 'Zágon', 'Magyarország', 94),
('Adjani Isabelle', 'n', '1955-06-27', 'Párizs', 'Franciaország', 33),
('Streisand Barbra', 'n', '1942-04-24', 'Brooklyn', 'USA', 25),
('Wood Natalie', 'n', '1938-07-20', 'San Francisco', 'USA', 67),
('Sharif Omar', 'f', '1932-04-10', 'Alexandria', 'Egyiptom', 107),
('Minelli Lisa', 'n', '1946-03-12', 'Los Angeles', 'USA', 27),
('Niro Robert de', 'f', '1943-08-17', 'New York', 'USA', 74),
('Belushi James', 'f', '1954-06-15', 'Chicago', 'USA', 101),
('Page Geraldine', 'n', '1924-11-22', 'Kirksville', 'USA', 66),
('Gózon Gyula', 'f', '1885-03-13', 'Érsekújvár', 'Magyarország', 78),
('Hayek Salma', 'n', '1966-09-02', 'Coatzacoalcos', 'Mexikó', 41),
('Ford Harrison', 'f', '1942-07-13', 'Chicago', 'USA', 48),
('Matthau Walter', 'f', '1920-10-01', 'New York', 'USA', 103),
('Nolte Nick', 'f', '1941-02-08', 'Omaha', 'USA', 70),
('Finney Albert', 'f', '1936-05-09', 'Salford', 'Anglia', 57),
('Montand Yves', 'f', '1921-10-13', 'Monsummano Terme', 'Olaszország', 60),
('Beatty Warren', 'f', '1937-03-30', 'Richmond', 'USA', 29),
('Sutherland Donald', 'f', '1935-07-17', 'Saint John', 'Kanada', 131),
('Burton Richard', 'f', '1925-11-10', 'Pontrhydyfen', 'Wales', 70),
('MacLaine Shirley', 'n', '1934-04-24', 'Richmond', 'USA', 59),
('Zellweger Renee', 'n', '1969-04-25', 'Katy', 'USA', 32),
('Andrews Julie', 'n', '1935-10-01', 'Walton-on-Thames', 'Anglia', 37),
('Bourvil', 'f', '1917-07-27', 'Petrot-Vicquemare', 'Franciaország', 62),
('Sellers Peter', 'f', '1925-09-08', 'Southsea', 'Anglia', 76),
('Gable Clark', 'f', '1901-02-01', 'Cadiz', 'USA', 78),
('Binoche Juliette', 'n', '1964-03-09', 'Párizs', 'Franciaország', 39),
('Curtis Jamie Lee', 'n', '1958-11-22', 'Los Angeles', 'USA', 60),
('Plummer Christopher', 'f', '1929-12-13', 'Toroto', 'Kanada', 138),
('Tolnay Klári', 'n', '1914-07-27', 'Budapest', 'Magyarország', 84),
('Crosby Bing', 'f', '1903-05-02', 'Tacoma', 'USA', 84),
('Peck Gregory', 'f', '1916-04-05', 'La Jolla', 'USA', 59),
('Hepburn Katharine', 'n', '1907-05-12', 'Hartford', 'USA', 53),
('York Michael', 'f', '1942-03-27', 'Fulmer', 'Anglia', 133),
('Kerr Deborah', 'n', '1921-09-30', 'Helensburgh', 'Skócia', 52),
('Szőke Szakáll', 'f', '1884-02-02', 'Budapest', 'Magyarország', 102),
('Berry Halle', 'n', '1966-08-14', 'Cleveland', 'USA', 38),
('Curtis Tony', 'f', '1925-06-03', 'Bronx', 'USA', 131),
('Csortos Gyula', 'f', '1883-03-03', 'Budapest', 'Magyarország', 57),
('Kinski Nastassja', 'n', '1959-01-24', 'Berlin', 'Németország', 64),
('Dietrich Marlene', 'n', '1901-12-27', 'Berlin', 'Németország', 55),
('Redford Robert', 'f', '1937-08-18', 'Santa Monica', 'USA', 63),
('Howard Leslie', 'f', '1893-04-03', 'Forest Hill', 'Anglia', 34),
('Tognazzi Ugo', 'f', '1922-03-23', 'Cremona', 'Olaszország', 150),
('Garbo Greta', 'n', '1905-09-18', 'Stockholm', 'Svédország', 31),
('Olivier Laurence', 'f', '1907-05-22', 'Dorking', 'Anglia', 86),
('Gassman Vittorio', 'f', '1922-09-01', 'Genova', 'Olaszország', 127),
('Quinn Anthony', 'f', '1915-04-21', 'Chihuahua', 'Mexikó', 167),
('Pécsi Sándor', 'f', '1922-03-18', 'Sajószentpéter', 'Magyarország', 62),
('Pacino Al', 'f', '1940-04-25', 'Bronx', 'USA', 42),
('Caine Michael', 'f', '1933-03-14', 'Rotherhithe', 'Anglia', 120),
('Gardner Ava', 'n', '1922-12-24', 'Brogden', 'USA', 65),
('DeVito Danny', 'f', '1944-11-17', 'Asbury Park', 'USA', 80),
('Hanks Tom', 'f', '1956-07-09', 'Concord', 'USA', 54),
('Páger Antal', 'f', '1899-01-29', 'Makó', 'Magyarország', 153),
('Fonda Peter', 'f', '1940-02-23', 'New York', 'USA', 72),
('Hopkins Anthony', 'f', '1937-12-31', 'Margam', 'Wales', 100),
('Bergman Ingrid', 'n', '1915-08-29', 'Stockholm', 'Svédország', 52),
('Moreau Jeanne', 'n', '1928-01-23', 'Párizs', 'Franciaország', 127),
('Basinger Kim', 'n', '1953-12-08', 'Athens', 'USA', 36),
('Winslet Kate', 'n', '1975-10-05', 'Reading', 'Anglia', 31),
('Latinovits Zoltán', 'f', '1931-09-09', 'Budapest', 'Magyarország', 53),
('Kline Kevin', 'f', '1947-10-24', 'St. Louis', 'USA', 42),
('Gobbi Hilda', 'n', '1913-06-05', 'Budapest', 'Magyarország', 107),
('Hawn Goldie', 'n', '1945-11-21', 'Washington', 'USA', 33),
('Deneuve Catherine', 'n', '1943-10-22', 'Párizs', 'Franciaország', 97),
('Garner James', 'f', '1928-04-07', 'Norman', 'USA', 94),
('Leigh Janet', 'n', '1927-07-06', 'Merced', 'USA', 63),
('Rooney Mickey', 'f', '1920-09-23', 'Brooklyn', 'USA', 300),
('Lemmon Jack', 'f', '1925-02-08', 'Newton', 'USA', 101),
('Newmann Paul', 'f', '1925-01-26', 'Shaker Heights', 'USA', 75),
('Delon Alain', 'f', '1935-11-08', 'Sceaux', 'Franciaország', 89),
('Shepherd Cybill', 'n', '1950-02-18', 'Memphis', 'USA', 46),
('Foster Jodie', 'n', '1962-11-19', 'Los Angeles', 'USA', 72),
('Savalas Telly', 'f', '1924-01-21', 'Garden City', 'USA', 121),
('Jávor Pál', 'f', '1902-01-31', 'Arad', 'Magyarország', 72),
('Kidman Nicole', 'n', '1967-06-20', 'Honolulu', 'USA', 50),
('Rossellini Isabella', 'n', '1952-06-18', 'Róma', 'Olaszország', 54),
('Washington Denzel', 'f', '1954-12-28', 'Mount Vernon', 'USA', 41),
('Lancaster Burt', 'f', '1913-11-02', 'New York', 'USA', 88),
('Kabos Gyula', 'f', '1884-03-19', 'Budapest', 'Magyarország', 45),
('Kelly Grace', 'n', '1929-11-12', 'Philadelphia', 'USA', 12),
('Brando Marlon', 'f', '1924-04-03', 'Omaha', 'USA', 42),
('Weaver Sigourney', 'n', '1949-10-08', 'New York', 'USA', 44),
('Bronson Charles', 'f', '1921-11-03', 'Ehrenfeld', 'USA', 98),
('Lange Jessica', 'n', '1949-04-20', 'Cloquet', 'USA', 36),
('Roberts Julia', 'n', '1967-10-28', 'Smyrna', 'USA', 41),
('Thompson Emma', 'n', '1959-04-15', 'Paddington', 'Anglia', 40),
('Nicholson Jack', 'f', '1937-04-22', 'Neptune', 'USA', 59),
('Bardot Brigitte', 'n', '1934-09-28', 'Párizs', 'Franciaország', 47),
('Latabár Kálmán', 'f', '1902-11-24', 'Kecskemét', 'Magyarország', 33),
('Ruttkai Éva', 'n', '1927-12-31', 'Budapest', 'Magyarország', 63),
('Douglas Kirk', 'f', '1916-12-09', 'Amsterdam', 'USA', 91),
('Young Sean', 'n', '1959-11-20', 'Louisville', 'USA', 70),
('Cruise Tom', 'f', '1962-07-03', 'Syracuse', 'USA', 33),
('Welles Orson', 'f', '1915-05-06', 'Kenosha', 'USA', 111),
('Taylor Elizabeth', 'n', '1932-02-27', 'Hampsteadt', 'Anglia', 70),
('Dean James', 'f', '1931-02-08', 'Marion', 'USA', 29),
('Signoret Simone', 'n', '1921-03-25', 'Wiesbaden', 'Németország', 71),
('Fernandel', 'f', '1903-05-08', 'Marseille', 'Franciaország', 149),
('Lennox Annie', 'n', '1954-12-25', 'Aberdeen', 'Skócia', 19),
('Mastroianni Marcello', 'f', '1924-09-28', 'Fontana Liri', 'Olaszország', 145),
('Lopez Jennifer', 'n', '1969-07-24', 'Bronx', 'USA', 30),
('Philipe Gérard', 'f', '1922-12-04', 'Cannes', 'Franciaország', 35),
('Murray Bill', 'f', '1950-09-21', 'Wilmette', 'USA', 46),
('Hackman Gene', 'f', '1930-01-30', 'San Bernardino', 'USA', 94),
('Básti Lajos', 'f', '1911-11-17', 'Keszthely', 'Magyarország', 45),
('Girardot Annie', 'n', '1931-10-25', 'Párizs', 'Franciaország', 154),
('Chaplin Charles', 'f', '1889-04-16', 'Walworth', 'Anglia', 86),
('Perkins Anthony', 'f', '1932-04-04', 'New York', 'USA', 58),
('Costner Kevin', 'f', '1955-01-18', 'Lynwood', 'USA', 39),
('Bessenyei Ferenc', 'f', '1919-02-10', 'Hódmezővásárhely', 'Magyarország', 75),
('Streep Meryl', 'n', '1949-06-22', 'Summit', 'USA', 57),
('Williams Robin', 'f', '1951-07-21', 'Chicago', 'USA', 80),
('Lollobrigida Gina', 'n', '1927-07-04', 'Subiaco', 'Olaszország', 72),
('Depardieu Gérard', 'f', '1948-12-27', 'Châteauroux', 'Franciaország', 155),
('Fonda Henry', 'f', '1905-05-16', 'Grand Island', 'USA', 106),
('Hoffmann Dustin', 'f', '1937-08-08', 'Los Angeles', 'USA', 64),
('Aykroyd Dan', 'f', '1952-07-01', 'Ottawa', 'Kanada', 79),
('Cooper Gary', 'f', '1901-05-07', 'Helena', 'USA', 106),
('Loren Sophia', 'n', '1934-09-20', 'Pozzuoli', 'Olaszország', 92),
('Szörényi Éva', 'n', '1917-05-26', 'Budapest', 'Magyarország', 29),
('Cage Nicolas', 'f', '1964-01-07', 'Long Beach', 'USA', 55),
('Dunaway Faye', 'n', '1941-01-14', 'Bascom', 'USA', 96),
('Redgrave Vanessa', 'n', '1937-01-30', 'London', 'Anglia', 97),
('Fonda Jane', 'n', '1937-12-21', 'New York', 'USA', 43),
('Tracy Spencer', 'f', '1900-04-05', 'Milwaukee', 'USA', 78),
('Grant Cary', 'f', '1904-01-18', 'Horfield', 'Anglia', 73),
('Sinkovits Imre', 'f', '1928-11-22', 'Budapest', 'Magyarország', 84),
('Crowe Russel', 'f', '1964-04-07', 'Wellington', 'Új-Zéland', 33),
('Belmondo Jean-Paul', 'f', '1933-04-09', 'Neuilly-sur-Seine', 'Franciaország', 81),
('Irons Jeremy', 'f', '1948-09-19', 'Cowes', 'Anglia', 66),
('Smith Will', 'f', '1968-09-25', 'Philadelphia', 'USA', 26),
('Garland Judy', 'n', '1922-06-10', 'Grand Rapids', 'USA', 33),
('Gréco Juliette', 'n', '1927-02-07', 'Montpellier', 'Franciaország', 33),
('Close Glenn', 'n', '1947-03-19', 'Greewich', 'USA', 60),
('Sarandon Susan', 'n', '1946-10-04', 'New York', 'USA', 84),
('Cardinale Claudia', 'n', '1938-04-15', 'Tunis', 'Tunézia', 103),
('Muti Ornella', 'n', '1955-03-09', 'Róma', 'Olaszország', 97),
('Bogart Humphrey', 'f', '1899-12-25', 'New York', 'USA', 74),
('Hitchcock Alfred', 'f', '1899-08-13', 'Leytonstone', 'Anglia', 35);
--
-- Database: `szotar`
--
CREATE DATABASE IF NOT EXISTS `szotar` DEFAULT CHARACTER SET utf8mb4 COLLATE utf8mb4_hungarian_ci;
USE `szotar`;

-- --------------------------------------------------------

--
-- Table structure for table `szavak`
--

CREATE TABLE `szavak` (
  `szoID` int(11) NOT NULL,
  `lecke` varchar(10) COLLATE utf8mb4_hungarian_ci NOT NULL,
  `angol` varchar(60) COLLATE utf8mb4_hungarian_ci NOT NULL,
  `magyar` varchar(60) COLLATE utf8mb4_hungarian_ci NOT NULL
) ENGINE=InnoDB DEFAULT CHARSET=utf8mb4 COLLATE=utf8mb4_hungarian_ci;

--
-- Dumping data for table `szavak`
--

INSERT INTO `szavak` (`szoID`, `lecke`, `angol`, `magyar`) VALUES
(1, '5pak01', 'I feel dizzy.', 'Szédülök.'),
(2, '5pak01', 'I have a hangover.', 'Másnapos vagyok.'),
(3, '5pak01', 'I have a temperature.', 'Hőemelkedésem van.'),
(4, '5pak02', 'divorce lawyer', 'válóperes ügyvéd'),
(6, '5pak02', 'secondary school', 'középiskola'),
(7, '5pak02', 'employer', 'munkaadó'),
(10, '5pak02', 'casual', 'hétköznapi'),
(11, '5pak02', 'beautician', 'kozmetikus'),
(12, '5pak02', 'carpenter', 'asztalos'),
(13, '5pak02', 'divorced', 'elvált'),
(14, '5pak02', 'dressmaker', 'varrónő'),
(15, '5pak', 'electrician', 'villanyszerelő'),
(16, '5pak02', 'engaged', 'eljegyzett, foglalt'),
(17, '5pak02', 'fireman', 'tűzoltó'),
(18, '5pak02', 'marital status', 'családi állapot'),
(19, '5pak02', 'plumber', 'vízvezeték-szerelő'),
(20, '5pak02', 'vet', 'állatorvos'),
(21, '5pak02', 'widower', 'özvegyember'),
(22, '5pak02', 'I am separated.', 'Külön élünk'),
(23, '5pak02', 'estate agent', 'ingatlanügynök'),
(24, '5pak02', 'accountant', 'könyvelő'),
(25, '5pak02', 'mean', 'aljas, gonosz'),
(26, '5pak01', 'to complain', 'panaszkodni');

--
-- Indexes for dumped tables
--

--
-- Indexes for table `szavak`
--
ALTER TABLE `szavak`
  ADD PRIMARY KEY (`szoID`),
  ADD UNIQUE KEY `szoID` (`szoID`,`angol`),
  ADD UNIQUE KEY `angol` (`angol`),
  ADD KEY `magyar` (`magyar`);

--
-- AUTO_INCREMENT for dumped tables
--

--
-- AUTO_INCREMENT for table `szavak`
--
ALTER TABLE `szavak`
  MODIFY `szoID` int(11) NOT NULL AUTO_INCREMENT, AUTO_INCREMENT=30;
--
-- Database: `teendok`
--
CREATE DATABASE IF NOT EXISTS `teendok` DEFAULT CHARACTER SET utf8mb4 COLLATE utf8mb4_general_ci;
USE `teendok`;

-- --------------------------------------------------------

--
-- Table structure for table `feladatok`
--

CREATE TABLE `feladatok` (
  `id` int(11) NOT NULL,
  `feladat` varchar(30) DEFAULT NULL
) ENGINE=InnoDB DEFAULT CHARSET=utf8mb4;

--
-- Dumping data for table `feladatok`
--

INSERT INTO `feladatok` (`id`, `feladat`) VALUES
(1, 'főzés'),
(2, 'mosás');

--
-- Indexes for dumped tables
--

--
-- Indexes for table `feladatok`
--
ALTER TABLE `feladatok`
  ADD PRIMARY KEY (`id`);

--
-- AUTO_INCREMENT for dumped tables
--

--
-- AUTO_INCREMENT for table `feladatok`
--
ALTER TABLE `feladatok`
  MODIFY `id` int(11) NOT NULL AUTO_INCREMENT, AUTO_INCREMENT=20;
--
-- Database: `teke`
--
CREATE DATABASE IF NOT EXISTS `teke` DEFAULT CHARACTER SET utf8mb4 COLLATE utf8mb4_hungarian_ci;
USE `teke`;

-- --------------------------------------------------------

--
-- Table structure for table `egyesuletek`
--

CREATE TABLE `egyesuletek` (
  `id` int(11) NOT NULL,
  `nev` varchar(30) COLLATE utf8mb4_hungarian_ci NOT NULL
) ENGINE=InnoDB DEFAULT CHARSET=utf8mb4 COLLATE=utf8mb4_hungarian_ci;

--
-- Dumping data for table `egyesuletek`
--

INSERT INTO `egyesuletek` (`id`, `nev`) VALUES
(1, 'Ajka Kristály SE'),
(2, 'Arborétum Herény SE'),
(3, 'Bábolna SE'),
(4, 'Balogunyom TK'),
(5, 'Bátonyterenyei TK'),
(6, 'BKV Előre SC'),
(7, 'Csór am.'),
(8, 'Csór T-T FC'),
(9, 'Eger am.'),
(10, 'EGIS am.'),
(11, 'ESK Ménfőcsanak'),
(12, 'Ferencvárosi TC'),
(13, 'Fortuna TC'),
(14, 'Főv. Vízművek SK'),
(15, 'Horváth TK'),
(16, 'Jáki SE'),
(17, 'Jobb Dáma SE'),
(18, 'Károlyháza'),
(19, 'Kartográfia am.'),
(20, 'Kazincbarcika am.'),
(21, 'Kőszegi SE'),
(22, 'Lauf - B TK'),
(23, 'Nádújfalu KSE'),
(24, 'NK Teke SE'),
(25, 'Olajos TK'),
(26, 'Petőháza SE'),
(27, 'Postás am.'),
(28, 'Postás SE'),
(29, 'Rum TTE'),
(30, 'Sajóbábonyi VTE'),
(31, 'Sárvári Kinizsi'),
(32, 'Scarbantia SE'),
(33, 'SK Göc'),
(34, 'Somosi TK'),
(35, 'Szank am.'),
(36, 'Szanki OBSE'),
(37, 'Széchenyi SC'),
(38, 'Székesfehérvár am.'),
(39, 'Szolnoki MÁV SE'),
(40, 'Szombathely am.'),
(41, 'Thermalpark Szentgotthárd VSE'),
(42, 'Tüker MSC'),
(43, 'Viktória am.'),
(44, 'Vilati Eger SE'),
(45, 'Wiener Neustadt'),
(46, 'Zalaegerszeg am.');

-- --------------------------------------------------------

--
-- Table structure for table `eredmenyek`
--

CREATE TABLE `eredmenyek` (
  `sorsz` int(11) NOT NULL,
  `versenyzo` int(11) NOT NULL,
  `teli` int(11) NOT NULL,
  `tarolas` int(11) NOT NULL,
  `ures` int(11) NOT NULL
) ENGINE=InnoDB DEFAULT CHARSET=utf8mb4 COLLATE=utf8mb4_hungarian_ci;

--
-- Dumping data for table `eredmenyek`
--

INSERT INTO `eredmenyek` (`sorsz`, `versenyzo`, `teli`, `tarolas`, `ures`) VALUES
(1, 1, 86, 45, 0),
(2, 1, 90, 34, 2),
(3, 1, 87, 36, 3),
(4, 1, 97, 54, 0),
(5, 2, 135, 52, 6),
(6, 2, 138, 45, 5),
(7, 3, 93, 45, 0),
(8, 3, 83, 42, 0),
(9, 3, 75, 36, 0),
(10, 3, 81, 45, 1),
(11, 4, 105, 52, 7),
(12, 4, 107, 26, 14),
(13, 5, 84, 45, 1),
(14, 5, 84, 51, 0),
(15, 5, 80, 35, 1),
(16, 5, 73, 45, 2),
(17, 6, 147, 80, 2),
(18, 6, 146, 90, 0),
(19, 7, 167, 70, 1),
(20, 7, 141, 54, 3),
(21, 8, 94, 26, 3),
(22, 8, 86, 34, 2),
(23, 8, 90, 45, 0),
(24, 8, 83, 27, 1),
(25, 9, 86, 49, 0),
(26, 9, 92, 52, 2),
(27, 9, 97, 43, 0),
(28, 9, 91, 35, 0),
(29, 10, 118, 69, 6),
(30, 10, 123, 52, 2),
(31, 11, 87, 41, 1),
(32, 11, 94, 40, 1),
(33, 11, 91, 44, 0),
(34, 11, 81, 34, 1),
(35, 12, 90, 44, 0),
(36, 12, 87, 43, 1),
(37, 12, 88, 54, 1),
(38, 12, 84, 45, 2),
(39, 13, 97, 45, 2),
(40, 13, 78, 44, 3),
(41, 13, 77, 41, 0),
(42, 13, 91, 35, 1),
(43, 14, 87, 36, 1),
(44, 14, 85, 36, 2),
(45, 14, 89, 43, 0),
(46, 14, 94, 41, 0),
(47, 15, 84, 50, 0),
(48, 15, 78, 33, 1),
(49, 15, 77, 51, 0),
(50, 15, 90, 52, 3),
(51, 16, 91, 31, 3),
(52, 16, 90, 44, 0),
(53, 16, 87, 41, 1),
(54, 16, 98, 36, 1),
(55, 17, 85, 62, 0),
(56, 17, 77, 41, 4),
(57, 17, 78, 32, 3),
(58, 17, 79, 34, 2),
(59, 18, 84, 27, 2),
(60, 18, 97, 57, 0),
(61, 18, 88, 33, 2),
(62, 18, 95, 42, 1),
(63, 19, 88, 35, 2),
(64, 19, 78, 36, 3),
(65, 19, 95, 34, 2),
(66, 19, 84, 52, 1),
(67, 20, 161, 63, 5),
(68, 20, 149, 54, 5),
(69, 21, 155, 80, 1),
(70, 21, 133, 59, 4),
(71, 22, 145, 63, 1),
(72, 22, 140, 52, 8),
(73, 23, 106, 45, 1),
(74, 23, 89, 43, 2),
(75, 23, 104, 42, 1),
(76, 23, 87, 26, 3),
(77, 24, 75, 42, 2),
(78, 24, 83, 45, 3),
(79, 24, 92, 42, 1),
(80, 24, 83, 45, 0),
(81, 25, 144, 63, 1),
(82, 25, 153, 59, 3),
(83, 26, 133, 75, 5),
(84, 26, 144, 72, 1),
(85, 27, 145, 52, 5),
(86, 27, 143, 71, 8),
(87, 28, 170, 99, 0),
(88, 28, 135, 63, 1),
(89, 29, 87, 44, 1),
(90, 29, 85, 53, 0),
(91, 29, 91, 54, 0),
(92, 29, 86, 53, 1),
(93, 30, 148, 53, 4),
(94, 30, 155, 54, 6),
(95, 31, 147, 62, 0),
(96, 31, 156, 74, 2),
(97, 32, 93, 44, 2),
(98, 32, 78, 49, 0),
(99, 32, 93, 35, 3),
(100, 32, 80, 53, 1),
(101, 33, 84, 42, 0),
(102, 33, 70, 34, 2),
(103, 33, 81, 39, 1),
(104, 33, 94, 38, 2),
(105, 34, 155, 63, 1),
(106, 34, 159, 80, 1),
(107, 35, 153, 72, 2),
(108, 35, 140, 59, 2),
(109, 36, 133, 54, 3),
(110, 36, 143, 63, 3),
(111, 37, 0, 0, 0),
(112, 37, 0, 0, 0),
(113, 38, 90, 44, 1),
(114, 38, 84, 36, 3),
(115, 38, 97, 44, 3),
(116, 38, 88, 44, 1),
(117, 39, 89, 33, 2),
(118, 39, 80, 35, 1),
(119, 39, 85, 34, 4),
(120, 39, 80, 35, 1),
(121, 40, 90, 45, 0),
(122, 40, 92, 62, 0),
(123, 40, 88, 45, 2),
(124, 40, 80, 44, 2),
(125, 41, 128, 62, 4),
(126, 41, 128, 62, 4),
(127, 42, 140, 54, 4),
(128, 42, 136, 35, 7),
(129, 43, 85, 36, 0),
(130, 43, 82, 44, 1),
(131, 43, 79, 25, 2),
(132, 43, 79, 54, 1),
(133, 44, 77, 39, 3),
(134, 44, 85, 43, 0),
(135, 44, 93, 44, 2),
(136, 44, 83, 54, 1),
(137, 45, 87, 44, 0),
(138, 45, 75, 60, 0),
(139, 45, 93, 43, 1),
(140, 45, 97, 35, 2),
(141, 46, 72, 23, 4),
(142, 46, 85, 35, 3),
(143, 46, 86, 25, 4),
(144, 46, 90, 44, 2),
(145, 47, 90, 45, 1),
(146, 47, 102, 36, 4),
(147, 47, 97, 41, 1),
(148, 47, 80, 54, 0),
(149, 48, 77, 45, 1),
(150, 48, 81, 36, 3),
(151, 48, 90, 44, 1),
(152, 48, 94, 34, 3),
(153, 49, 94, 40, 0),
(154, 49, 85, 44, 1),
(155, 49, 97, 43, 1),
(156, 49, 95, 35, 1),
(157, 50, 159, 63, 3),
(158, 50, 139, 62, 3),
(159, 51, 143, 76, 1),
(160, 51, 156, 62, 3),
(161, 52, 99, 43, 1),
(162, 52, 87, 34, 0),
(163, 52, 85, 45, 1),
(164, 52, 94, 45, 0),
(165, 53, 155, 66, 0),
(166, 53, 156, 66, 3),
(167, 54, 142, 78, 0),
(168, 54, 148, 72, 4),
(169, 55, 148, 58, 3),
(170, 55, 149, 63, 1),
(171, 56, 83, 49, 0),
(172, 56, 86, 34, 3),
(173, 56, 96, 45, 0),
(174, 56, 96, 53, 0),
(175, 57, 88, 36, 3),
(176, 57, 89, 26, 5),
(177, 57, 96, 41, 2),
(178, 57, 89, 45, 2),
(179, 58, 83, 43, 2),
(180, 58, 91, 42, 3),
(181, 58, 83, 44, 0),
(182, 58, 96, 45, 1),
(183, 59, 82, 54, 1),
(184, 59, 84, 36, 0),
(185, 59, 90, 36, 0),
(186, 59, 86, 44, 0),
(187, 60, 83, 49, 1),
(188, 60, 96, 51, 0),
(189, 60, 85, 45, 1),
(190, 60, 91, 45, 1);

-- --------------------------------------------------------

--
-- Table structure for table `versenyzok`
--

CREATE TABLE `versenyzok` (
  `rajtszam` int(11) NOT NULL,
  `nev` varchar(25) COLLATE utf8mb4_hungarian_ci NOT NULL,
  `egyid` int(11) NOT NULL,
  `korcsop` varchar(1) COLLATE utf8mb4_hungarian_ci NOT NULL
) ENGINE=InnoDB DEFAULT CHARSET=utf8mb4 COLLATE=utf8mb4_hungarian_ci;

--
-- Dumping data for table `versenyzok`
--

INSERT INTO `versenyzok` (`rajtszam`, `nev`, `egyid`, `korcsop`) VALUES
(1, 'Bajzát Rafael', 37, 'A'),
(2, 'Baksay Zoltán', 31, 'B'),
(3, 'Baranyai Ernő', 31, 'A'),
(4, 'Bertalan Tibor', 19, 'B'),
(5, 'Bodnár Béla', 29, 'A'),
(6, 'Borbély Tibor', 28, 'B'),
(7, 'Csarankó László', 22, 'B'),
(8, 'Csehi Sándor', 8, 'A'),
(9, 'Cserényi Lajos', 36, 'A'),
(10, 'Csiki Alajos', 42, 'B'),
(11, 'Dobos János', 14, 'A'),
(12, 'Fegyveres Sándor', 12, 'A'),
(13, 'Feltein István', 38, 'A'),
(14, 'Földi József', 39, 'A'),
(15, 'Földvári Béla', 25, 'A'),
(16, 'Gáspár Ervin', 4, 'A'),
(17, 'Gundics Sándor', 26, 'A'),
(18, 'Holló László', 10, 'A'),
(19, 'Horváth János', 11, 'A'),
(20, 'Horváth Mihály', 16, 'B'),
(21, 'Horváth Péter', 32, 'B'),
(22, 'Huber István', 5, 'B'),
(23, 'Istiván Attila', 24, 'A'),
(24, 'József-Polonyi Gábor', 27, 'A'),
(25, 'Juhász Tibor', 30, 'B'),
(26, 'Kalmár István', 45, 'B'),
(27, 'Kisházi Kálmán', 42, 'B'),
(28, 'Koltai László', 41, 'B'),
(29, 'Kozmor László', 21, 'A'),
(30, 'Körmendi István', 17, 'B'),
(31, 'Lipp Vencel', 1, 'B'),
(32, 'Lukács Zoltán', 37, 'A'),
(33, 'Luther László', 20, 'A'),
(34, 'Mészáros József', 6, 'B'),
(35, 'Molnár Gyula', 15, 'B'),
(36, 'Nagy Dezső', 23, 'B'),
(37, 'Pálfi László', 18, 'A'),
(38, 'Pámel Csaba', 46, 'A'),
(39, 'Paréj Vilmos', 46, 'A'),
(40, 'Pásztor János', 2, 'A'),
(41, 'Pegán József', 40, 'B'),
(42, 'Sattler Martin', 13, 'B'),
(43, 'Sipos Csaba', 5, 'A'),
(44, 'Spányik László', 43, 'A'),
(45, 'Szabó József', 22, 'A'),
(46, 'Szántó József', 8, 'A'),
(47, 'Szegedi Jenő', 2, 'A'),
(48, 'Szilágyi András', 3, 'A'),
(49, 'Tamasi Antal', 44, 'A'),
(50, 'Tarnaszentmiklósi Sándor', 35, 'B'),
(51, 'Tarnóczi József', 43, 'B'),
(52, 'Tóth Bagi József', 36, 'A'),
(53, 'Tóth Ernő', 7, 'B'),
(54, 'Tóth János I.', 46, 'B'),
(55, 'Tóth László', 9, 'B'),
(56, 'Varga István', 39, 'A'),
(57, 'Verbovszky György', 34, 'A'),
(58, 'Zelenyák Ferenc', 33, 'A'),
(59, 'Zsirai Gyula', 32, 'A'),
(60, 'Zsiros Péter', 44, 'A');

--
-- Indexes for dumped tables
--

--
-- Indexes for table `egyesuletek`
--
ALTER TABLE `egyesuletek`
  ADD PRIMARY KEY (`id`);

--
-- Indexes for table `eredmenyek`
--
ALTER TABLE `eredmenyek`
  ADD PRIMARY KEY (`sorsz`),
  ADD KEY `fk_eredmenyek` (`versenyzo`);

--
-- Indexes for table `versenyzok`
--
ALTER TABLE `versenyzok`
  ADD PRIMARY KEY (`rajtszam`),
  ADD KEY `fk_versenyzok` (`egyid`);

--
-- Constraints for dumped tables
--

--
-- Constraints for table `eredmenyek`
--
ALTER TABLE `eredmenyek`
  ADD CONSTRAINT `fk_eredmenyek` FOREIGN KEY (`versenyzo`) REFERENCES `versenyzok` (`rajtszam`);

--
-- Constraints for table `versenyzok`
--
ALTER TABLE `versenyzok`
  ADD CONSTRAINT `fk_versenyzok` FOREIGN KEY (`egyid`) REFERENCES `egyesuletek` (`id`);
--
-- Database: `tenisz`
--
CREATE DATABASE IF NOT EXISTS `tenisz` DEFAULT CHARACTER SET utf8mb4 COLLATE utf8mb4_hungarian_ci;
USE `tenisz`;

-- --------------------------------------------------------

--
-- Table structure for table `jatekos`
--

CREATE TABLE `jatekos` (
  `id` int(11) NOT NULL,
  `nev` varchar(22) COLLATE utf8mb4_hungarian_ci NOT NULL,
  `orszagKod` varchar(3) COLLATE utf8mb4_hungarian_ci NOT NULL
) ENGINE=InnoDB DEFAULT CHARSET=utf8mb4 COLLATE=utf8mb4_hungarian_ci;

--
-- Dumping data for table `jatekos`
--

INSERT INTO `jatekos` (`id`, `nev`, `orszagKod`) VALUES
(1, 'Arruabarrena-V. L.', 'Esp'),
(2, 'Arvidsson S.', 'Swe'),
(3, 'Azarenka V.', 'Blr'),
(4, 'Babos T.', 'Hun'),
(5, 'Bacsinszky T.', 'Sui'),
(6, 'Barthel M.', 'Ger'),
(7, 'Bartoli M.', 'Fra'),
(8, 'Barty A.', 'Aus'),
(9, 'Beck A.', 'Ger'),
(10, 'Begu I.', 'Rou'),
(11, 'Bencic B.', 'Sui'),
(12, 'Bertens K.', 'Ned'),
(13, 'Bondarenko A.', 'Ukr'),
(14, 'Bondarenko K.', 'Ukr'),
(15, 'Bouchard E.', 'Can'),
(16, 'Boulter K.', 'Gbr'),
(17, 'Brady J.', 'Usa'),
(18, 'Brengle M.', 'Usa'),
(19, 'Brianti A.', 'Ita'),
(20, 'Buzarnescu M.', 'Rou'),
(21, 'Cetkovska P.', 'Cze'),
(22, 'Chirico L.', 'Usa'),
(23, 'Cibulkova D.', 'Svk'),
(24, 'Cirstea S.', 'Rou'),
(25, 'Collins D. R.', 'Usa'),
(26, 'Cornet A.', 'Fra'),
(27, 'Daniilidou E.', 'Gre'),
(28, 'Date K.', 'Jpn'),
(29, 'Davis L.', 'Usa'),
(30, 'DellAcqua C.', 'Aus'),
(31, 'Dementieva E.', 'Rus'),
(32, 'Diyas Z.', 'Kaz'),
(33, 'Doi M.', 'Jpn'),
(34, 'Dominguez Lino L.', 'Esp'),
(35, 'Duan Y.', 'Chn'),
(36, 'Dulgheru A.', 'Rou'),
(37, 'Dulko G.', 'Arg'),
(38, 'Duque-Marino M.', 'Col'),
(39, 'Dushevina V.', 'Rus'),
(40, 'Errani S.', 'Ita'),
(41, 'Falconi I.', 'Usa'),
(42, 'Fichman S.', 'Can'),
(43, 'Flipkens K.', 'Bel'),
(44, 'Garcia C.', 'Fra'),
(45, 'Gavrilova D.', 'Aus'),
(46, 'Gibbs N.', 'Usa'),
(47, 'Giorgi C.', 'Ita'),
(48, 'Govortsova O.', 'Blr'),
(49, 'Görges J.', 'Ger'),
(50, 'Halep S.', 'Rou'),
(51, 'Han X.Y.', 'Chn'),
(52, 'Hantuchova D.', 'Svk'),
(53, 'Hercog P.', 'Slo'),
(54, 'Hradecka L.', 'Cze'),
(55, 'Hsieh S-W.', 'Tpe'),
(56, 'Hu Y.', 'Chn'),
(57, 'Ivanovic A.', 'Srb'),
(58, 'Jabeur O.', 'Tun'),
(59, 'Jankovic J.', 'Srb'),
(60, 'Jovanovski Petrovic B.', 'Srb'),
(61, 'Kanepi K.', 'Est'),
(62, 'Kasatkina D.', 'Rus'),
(63, 'Kerber A.', 'Ger'),
(64, 'Keys M.', 'Usa'),
(65, 'King V.', 'Usa'),
(66, 'Kirilenko M.', 'Rus'),
(67, 'Kleybanova A.', 'Rus'),
(68, 'Konta J.', 'Gbr'),
(69, 'Kontaveit A.', 'Est'),
(70, 'Koukalova K.', 'Cze'),
(71, 'Kovinic D.', 'Mne'),
(72, 'Krunic A.', 'Srb'),
(73, 'Kudryavtseva A.', 'Rus'),
(74, 'Kuznetsova S.', 'Rus'),
(75, 'Kvitova P.', 'Cze'),
(76, 'Lepchenko V.', 'Usa'),
(77, 'Li N.', 'Chn'),
(78, 'Linette M.', 'Pol'),
(79, 'Lisicki S.', 'Ger'),
(80, 'Lu J-J.', 'Chn'),
(81, 'Lucic-Baroni M.', 'Cro'),
(82, 'Makarova E.', 'Rus'),
(83, 'Maria T.', 'Ger'),
(84, 'Marino R.', 'Can'),
(85, 'Martic P.', 'Cro'),
(86, 'Martinez Sanchez M. J.', 'Esp'),
(87, 'Mattek-Sands B.', 'Usa'),
(88, 'McHale C.', 'Usa'),
(89, 'Medina Garrigues A.', 'Esp'),
(90, 'Melzer I.', 'Cze'),
(91, 'Mertens E.', 'Bel'),
(92, 'Mladenovic K.', 'Fra'),
(93, 'Morita A.', 'Jpn'),
(94, 'Muguruza G.', 'Esp'),
(95, 'Nara K.', 'Jpn'),
(96, 'Niculescu M.', 'Rou'),
(97, 'Oprandi R.', 'Sui'),
(98, 'Osaka N.', 'Jpn'),
(99, 'Ostapenko J.', 'Lat'),
(100, 'Paszek T.', 'Aut'),
(101, 'Pavlyuchenkova A.', 'Rus'),
(102, 'Peer S.', 'Isr'),
(103, 'Peng S.', 'Chn'),
(104, 'Pennetta F.', 'Ita'),
(105, 'Pera B.', 'Usa'),
(106, 'Pereira T.', 'Bra'),
(107, 'Petkovic A.', 'Ger'),
(108, 'Petrova N.', 'Rus'),
(109, 'Pironkova T.', 'Bul'),
(110, 'Pliskova Ka.', 'Cze'),
(111, 'Pliskova Kr.', 'Cze'),
(112, 'Puig M.', 'Pur'),
(113, 'Putintseva Y.', 'Kaz'),
(114, 'Radwanska A.', 'Pol'),
(115, 'Radwanska U.', 'Pol'),
(116, 'Razzano V.', 'Fra'),
(117, 'Rezai A.', 'Fra'),
(118, 'Riske A.', 'Usa'),
(119, 'Robson L.', 'Gbr'),
(120, 'Rogers S.', 'Usa'),
(121, 'Rybarikova M.', 'Svk'),
(122, 'Sabalenka A.', 'Blr'),
(123, 'Safarova L.', 'Cze'),
(124, 'Safina D.', 'Rus'),
(125, 'Sakkari M.', 'Gre'),
(126, 'Sasnovich A.', 'Blr'),
(127, 'Scheepers C.', 'Rsa'),
(128, 'Schiavone F.', 'Ita'),
(129, 'Schmiedlova A. K.', 'Svk'),
(130, 'Schnyder P.', 'Sui'),
(131, 'Sevastova A.', 'Lat'),
(132, 'Sharapova M.', 'Rus'),
(133, 'Shvedova Y.', 'Kaz'),
(134, 'Siegemund L.', 'Ger'),
(135, 'Siniakova K.', 'Cze'),
(136, 'Soler-Espinosa S.', 'Esp'),
(137, 'Stephens S.', 'Usa'),
(138, 'Stosur S.', 'Aus'),
(139, 'Strycova B.', 'Cze'),
(140, 'Suarez Navarro C.', 'Esp'),
(141, 'Sun S.', 'Chn'),
(142, 'Svitolina E.', 'Ukr'),
(143, 'Szávay Á.', 'Hun'),
(144, 'Torro-Flor M-T.', 'Esp'),
(145, 'Tsurenko L.', 'Ukr'),
(146, 'Van Uytvanck A.', 'Bel'),
(147, 'Vandeweghe C.', 'Usa'),
(148, 'Vekic D.', 'Cro'),
(149, 'Vesnina E.', 'Rus'),
(150, 'Vikhlyantseva N.', 'Rus'),
(151, 'Vinci R.', 'Ita'),
(152, 'Voegele S.', 'Sui'),
(153, 'Voskoboeva G.', 'Kaz'),
(154, 'Wang Q.', 'Chn'),
(155, 'Wang Y.', 'Chn'),
(156, 'Watson H.', 'Gbr'),
(157, 'Wickmayer Y.', 'Bel'),
(158, 'Williams S.', 'Usa'),
(159, 'Williams V.', 'Usa'),
(160, 'Witthöft C.', 'Ger'),
(161, 'Wolfe J.', 'Aus'),
(162, 'Wozniacki C.', 'Den'),
(163, 'Wozniak A.', 'Can'),
(164, 'Xu S.', 'Chn'),
(165, 'Xu Y-F.', 'Chn'),
(166, 'Yastremska D.', 'Ukr'),
(167, 'Zhang K.', 'Chn'),
(168, 'Zhang S.', 'Chn'),
(169, 'Zheng J.', 'Chn'),
(170, 'Zheng S.', 'Chn'),
(171, 'Zhou Y-M.', 'Chn'),
(172, 'Zhu L.', 'Chn'),
(173, 'Zvonareva V.', 'Rus');

-- --------------------------------------------------------

--
-- Table structure for table `merkozes`
--

CREATE TABLE `merkozes` (
  `id` int(11) NOT NULL,
  `datum` date NOT NULL,
  `kezdes` time NOT NULL,
  `fordulo` varchar(3) COLLATE utf8mb4_hungarian_ci NOT NULL,
  `jatekos1Id` int(11) NOT NULL,
  `jatekos2Id` int(11) NOT NULL,
  `jatszma1` int(11) NOT NULL,
  `jatszma2` int(11) NOT NULL
) ENGINE=InnoDB DEFAULT CHARSET=utf8mb4 COLLATE=utf8mb4_hungarian_ci;

--
-- Dumping data for table `merkozes`
--

INSERT INTO `merkozes` (`id`, `datum`, `kezdes`, `fordulo`, `jatekos1Id`, `jatekos2Id`, `jatszma1`, `jatszma2`) VALUES
(1, '2018-10-07', '10:40:00', 'd', 131, 162, 0, 2),
(2, '2018-10-06', '13:40:00', 'd2', 154, 162, 0, 2),
(3, '2018-10-06', '08:40:00', 'd2', 131, 98, 2, 0),
(4, '2018-10-05', '15:20:00', 'd4', 154, 122, 2, 0),
(5, '2018-10-05', '11:00:00', 'd4', 135, 162, 0, 2),
(6, '2018-10-05', '08:40:00', 'd4', 131, 23, 2, 0),
(7, '2018-10-05', '06:40:00', 'd4', 168, 98, 1, 2),
(8, '2018-10-04', '14:50:00', 'd8', 122, 44, 2, 1),
(9, '2018-10-04', '13:40:00', 'd8', 110, 154, 0, 2),
(10, '2018-10-04', '10:40:00', 'd8', 69, 162, 0, 2),
(11, '2018-10-04', '08:20:00', 'd8', 135, 12, 2, 0),
(12, '2018-10-04', '08:05:00', 'd8', 63, 168, 1, 2),
(13, '2018-10-04', '06:45:00', 'd8', 49, 98, 0, 2),
(14, '2018-10-03', '15:45:00', 'd8', 137, 23, 1, 2),
(15, '2018-10-03', '13:45:00', 'd8', 148, 131, 0, 2),
(16, '2018-10-03', '10:20:00', 'd16', 85, 162, 0, 2),
(17, '2018-10-03', '08:50:00', 'd16', 4, 168, 0, 2),
(18, '2018-10-03', '06:35:00', 'd16', 110, 126, 2, 0),
(19, '2018-10-02', '13:35:00', 'd16', 94, 122, 0, 2),
(20, '2018-10-02', '11:20:00', 'd16', 53, 44, 0, 2),
(21, '2018-10-02', '11:00:00', 'd16', 154, 99, 2, 0),
(22, '2018-10-02', '10:10:00', 'd16', 25, 98, 0, 2),
(23, '2018-10-02', '09:25:00', 'd16', 63, 140, 2, 0),
(24, '2018-10-02', '08:50:00', 'd16', 43, 12, 0, 2),
(25, '2018-10-02', '08:25:00', 'd16', 72, 135, 0, 2),
(26, '2018-10-02', '06:45:00', 'd16', 23, 45, 2, 0),
(27, '2018-10-02', '06:40:00', 'd16', 134, 69, 1, 2),
(28, '2018-10-02', '06:40:00', 'd16', 137, 170, 2, 0),
(29, '2018-10-01', '15:10:00', 'd16', 131, 64, 0, -1),
(30, '2018-10-01', '13:00:00', 'd16', 58, 148, 0, 2),
(31, '2018-10-01', '10:05:00', 'd16', 49, 145, 1, 1),
(32, '2018-10-01', '12:40:00', 'd32', 32, 98, 0, 2),
(33, '2018-10-01', '11:50:00', 'd32', 11, 162, 0, 2),
(34, '2018-10-01', '09:45:00', 'd32', 168, 91, 2, 1),
(35, '2018-10-01', '08:25:00', 'd32', 85, 139, 2, 0),
(36, '2018-10-01', '07:50:00', 'd32', 126, 20, 2, 0),
(37, '2018-10-01', '06:40:00', 'd32', 94, 82, 2, 0),
(38, '2018-10-01', '06:40:00', 'd32', 110, 138, 2, 0),
(39, '2018-10-01', '06:40:00', 'd32', 113, 140, 0, 2),
(40, '2018-10-01', '06:40:00', 'd32', 146, 135, 0, 2),
(41, '2018-09-30', '16:45:00', 'd32', 24, 12, 0, 2),
(42, '2018-09-30', '13:40:00', 'd32', 137, 101, 2, 1),
(43, '2018-09-30', '12:55:00', 'd32', 43, 16, 2, 1),
(44, '2018-09-30', '11:30:00', 'd32', 50, 58, 0, 1),
(45, '2018-09-30', '11:00:00', 'd32', 131, 26, 2, 0),
(46, '2018-09-30', '10:40:00', 'd32', 147, 53, 0, 2),
(47, '2018-09-30', '10:25:00', 'd32', 35, 23, 0, 2),
(48, '2018-09-30', '08:40:00', 'd32', 105, 64, 0, 2),
(49, '2018-09-30', '08:05:00', 'd32', 107, 145, 0, 2),
(50, '2018-09-30', '08:05:00', 'd32', 155, 44, 1, 2),
(51, '2018-09-30', '06:45:00', 'd32', 170, 166, 2, 0),
(52, '2018-09-30', '06:40:00', 'd32', 4, 55, 2, 0),
(53, '2018-09-30', '06:40:00', 'd32', 62, 134, 0, 1),
(54, '2018-09-30', '06:40:00', 'd32', 63, 92, 2, 0),
(55, '2018-09-29', '15:30:00', 'd32', 49, 68, 2, 1),
(56, '2018-09-29', '13:40:00', 'd32', 121, 99, 0, 2),
(57, '2018-09-29', '10:15:00', 'd32', 25, 5, 2, 1),
(58, '2018-09-29', '10:00:00', 'd32', 142, 72, 1, 2),
(59, '2018-09-29', '08:30:00', 'd32', 125, 148, 0, 2),
(60, '2018-09-29', '06:40:00', 'd32', 45, 75, 2, 0),
(61, '2017-10-08', '10:40:00', 'd', 44, 50, 2, 0),
(62, '2017-10-07', '13:40:00', 'd2', 75, 44, 0, 2),
(63, '2017-10-07', '08:55:00', 'd2', 99, 50, 0, 2),
(64, '2017-10-06', '15:15:00', 'd4', 142, 44, 1, 2),
(65, '2017-10-06', '10:50:00', 'd4', 139, 75, 0, 2),
(66, '2017-10-06', '09:30:00', 'd4', 99, 24, 2, 0),
(67, '2017-10-06', '06:40:00', 'd4', 62, 50, 0, 2),
(68, '2017-10-05', '13:40:00', 'd8', 75, 162, 2, 0),
(69, '2017-10-05', '10:40:00', 'd8', 142, 149, 2, 0),
(70, '2017-10-05', '08:35:00', 'd8', 139, 45, 2, 0),
(71, '2017-10-05', '08:20:00', 'd8', 103, 99, 0, 0),
(72, '2017-10-05', '06:40:00', 'd8', 24, 110, 2, 0),
(73, '2017-10-05', '06:40:00', 'd8', 26, 44, 0, 2),
(74, '2017-10-04', '16:05:00', 'd8', 62, 114, 2, 1),
(75, '2017-10-04', '10:40:00', 'd8', 132, 50, 0, 2),
(76, '2017-10-04', '12:40:00', 'd16', 142, 8, 2, 0),
(77, '2017-10-04', '08:40:00', 'd16', 96, 103, 0, 2),
(78, '2017-10-04', '06:40:00', 'd16', 44, 91, 2, 0),
(79, '2017-10-04', '06:40:00', 'd16', 138, 99, 0, 2),
(80, '2017-10-03', '14:35:00', 'd16', 168, 114, 0, 2),
(81, '2017-10-03', '11:25:00', 'd16', 88, 24, 0, 2),
(82, '2017-10-03', '10:25:00', 'd16', 107, 110, 0, 2),
(83, '2017-10-03', '10:00:00', 'd16', 45, 147, 1, 0),
(84, '2017-10-03', '08:55:00', 'd16', 121, 50, 0, 1),
(85, '2017-10-03', '08:30:00', 'd16', 139, 49, 2, 0),
(86, '2017-10-03', '08:15:00', 'd16', 75, 76, 2, 0),
(87, '2017-10-03', '06:45:00', 'd16', 149, 35, 2, 0),
(88, '2017-10-03', '06:40:00', 'd16', 1, 62, 0, 2),
(89, '2017-10-03', '06:40:00', 'd16', 132, 82, 2, 1),
(90, '2017-10-02', '15:20:00', 'd16', 101, 162, 0, 2),
(91, '2017-10-02', '14:20:00', 'd16', 63, 26, 0, 2),
(92, '2017-10-02', '12:30:00', 'd32', 91, 23, 2, 0),
(93, '2017-10-02', '11:45:00', 'd32', 94, 139, 0, 1),
(94, '2017-10-02', '11:15:00', 'd32', 76, 145, 2, 1),
(95, '2017-10-02', '11:10:00', 'd32', 149, 78, 1, 0),
(96, '2017-10-02', '11:05:00', 'd32', 148, 147, 0, 2),
(97, '2017-10-02', '10:55:00', 'd32', 137, 88, 0, 2),
(98, '2017-10-02', '08:40:00', 'd32', 120, 103, 1, 2),
(99, '2017-10-01', '15:10:00', 'd32', 68, 96, 0, 2),
(100, '2017-10-01', '13:40:00', 'd32', 142, 172, 2, 0),
(101, '2017-10-01', '11:20:00', 'd32', 74, 1, 1, 2),
(102, '2017-10-01', '10:55:00', 'd32', 107, 12, 2, 0),
(103, '2017-10-01', '10:55:00', 'd32', 155, 26, 0, 2),
(104, '2017-10-01', '10:45:00', 'd32', 18, 49, 0, 2),
(105, '2017-10-01', '10:40:00', 'd32', 140, 110, 0, 2),
(106, '2017-10-01', '10:00:00', 'd32', 17, 82, 0, 2),
(107, '2017-10-01', '08:35:00', 'd32', 160, 114, 0, 2),
(108, '2017-10-01', '08:30:00', 'd32', 154, 162, 1, 2),
(109, '2017-10-01', '06:40:00', 'd32', 121, 15, 2, 0),
(110, '2017-10-01', '06:40:00', 'd32', 135, 138, 0, 2),
(111, '2017-10-01', '06:40:00', 'd32', 168, 113, 2, 0),
(112, '2017-09-30', '17:05:00', 'd32', 35, 92, 2, 0),
(113, '2017-09-30', '13:45:00', 'd32', 131, 132, 1, 2),
(114, '2017-09-30', '12:50:00', 'd32', 150, 62, 0, 2),
(115, '2017-09-30', '11:35:00', 'd32', 101, 29, 2, 0),
(116, '2017-09-30', '10:25:00', 'd32', 6, 24, 0, 2),
(117, '2017-09-30', '10:05:00', 'd32', 118, 50, 1, 2),
(118, '2017-09-30', '09:20:00', 'd32', 45, 69, 2, 0),
(119, '2017-09-30', '08:25:00', 'd32', 75, 111, 2, 0),
(120, '2017-09-30', '06:40:00', 'd32', 63, 98, 2, 0),
(121, '2016-10-09', '10:40:00', 'd', 114, 68, 2, 0),
(122, '2016-10-08', '13:40:00', 'd2', 142, 114, 0, 2),
(123, '2016-10-08', '08:40:00', 'd2', 68, 64, 2, 1),
(124, '2016-10-07', '17:05:00', 'd4', 114, 133, 2, 0),
(125, '2016-10-07', '13:20:00', 'd4', 68, 168, 2, 0),
(126, '2016-10-07', '13:00:00', 'd4', 142, 45, 2, 0),
(127, '2016-10-07', '08:15:00', 'd4', 64, 75, 2, 1),
(128, '2016-10-07', '05:00:00', 'd8', 26, 133, 0, 2),
(129, '2016-10-06', '13:40:00', 'd8', 168, 50, 2, 0),
(130, '2016-10-06', '08:35:00', 'd8', 45, 44, 2, 0),
(131, '2016-10-06', '08:15:00', 'd8', 63, 142, 0, 2),
(132, '2016-10-06', '06:45:00', 'd8', 110, 68, 1, 2),
(133, '2016-10-06', '06:35:00', 'd8', 114, 162, 2, 0),
(134, '2016-10-05', '15:25:00', 'd8', 75, 94, 2, 0),
(135, '2016-10-05', '14:05:00', 'd8', 64, 74, 2, 0),
(136, '2016-10-05', '11:40:00', 'd16', 63, 139, 2, 0),
(137, '2016-10-05', '08:55:00', 'd16', 44, 103, 2, 1),
(138, '2016-10-05', '08:25:00', 'd16', 79, 142, 0, 2),
(139, '2016-10-05', '06:45:00', 'd16', 5, 45, 1, 2),
(140, '2016-10-05', '06:40:00', 'd16', 4, 68, 0, 2),
(141, '2016-10-05', '06:35:00', 'd16', 110, 62, 2, 1),
(142, '2016-10-04', '15:10:00', 'd16', 162, 151, 2, 0),
(143, '2016-10-04', '14:45:00', 'd16', 157, 50, 0, 2),
(144, '2016-10-04', '14:15:00', 'd16', 33, 74, 0, 2),
(145, '2016-10-04', '13:40:00', 'd16', 118, 168, 1, 2),
(146, '2016-10-04', '13:10:00', 'd16', 23, 26, 1, 2),
(147, '2016-10-04', '06:40:00', 'd16', 75, 155, 2, 0),
(148, '2016-10-03', '15:10:00', 'd16', 114, 82, 2, 0),
(149, '2016-10-03', '13:15:00', 'd16', 64, 92, 2, 0),
(150, '2016-10-03', '09:00:00', 'd16', 11, 133, 0, 2),
(151, '2016-10-03', '06:40:00', 'd16', 113, 94, 0, 2),
(152, '2016-10-03', '13:25:00', 'd32', 44, 49, 2, 1),
(153, '2016-10-03', '10:50:00', 'd32', 5, 1, 2, 1),
(154, '2016-10-03', '10:15:00', 'd32', 103, 159, 2, 0),
(155, '2016-10-03', '09:40:00', 'd32', 139, 134, 2, 1),
(156, '2016-10-03', '08:40:00', 'd32', 63, 135, 2, 0),
(157, '2016-10-03', '08:20:00', 'd32', 22, 62, 0, 2),
(158, '2016-10-03', '06:40:00', 'd32', 83, 142, 0, 2),
(159, '2016-10-03', '06:40:00', 'd32', 88, 45, 0, 2),
(160, '2016-10-03', '06:35:00', 'd32', 110, 123, 2, 1),
(161, '2016-10-02', '15:00:00', 'd32', 162, 147, 2, 1),
(162, '2016-10-02', '13:40:00', 'd32', 138, 168, 0, 2),
(163, '2016-10-02', '12:30:00', 'd32', 101, 118, 0, 2),
(164, '2016-10-02', '10:30:00', 'd32', 114, 154, 2, 0),
(165, '2016-10-02', '09:40:00', 'd32', 155, 18, 2, 0),
(166, '2016-10-02', '09:30:00', 'd32', 46, 33, 0, 2),
(167, '2016-10-02', '09:30:00', 'd32', 92, 59, 2, 1),
(168, '2016-10-02', '08:20:00', 'd32', 170, 151, 1, 2),
(169, '2016-10-02', '08:10:00', 'd32', 131, 68, 0, 2),
(170, '2016-10-02', '06:45:00', 'd32', 71, 4, 0, 2),
(171, '2016-10-02', '06:40:00', 'd32', 64, 35, 2, 1),
(172, '2016-10-02', '06:40:00', 'd32', 133, 140, 2, 0),
(173, '2016-10-01', '16:05:00', 'd32', 26, 120, 2, 1),
(174, '2016-10-01', '14:00:00', 'd32', 10, 94, 1, 2),
(175, '2016-10-01', '10:25:00', 'd32', 149, 82, 0, 2),
(176, '2016-10-01', '09:35:00', 'd32', 81, 79, 0, 2),
(177, '2016-10-01', '08:15:00', 'd32', 112, 157, 0, 2),
(178, '2016-10-01', '08:05:00', 'd32', 99, 113, 1, 2),
(179, '2016-10-01', '06:40:00', 'd32', 9, 11, 0, 2),
(180, '2015-10-11', '10:10:00', 'd', 94, 5, 2, 0),
(181, '2015-10-10', '11:35:00', 'd2', 94, 114, 2, 1),
(182, '2015-10-10', '08:55:00', 'd2', 57, 5, 1, 2),
(183, '2015-10-09', '12:45:00', 'd4', 87, 94, 0, 2),
(184, '2015-10-09', '10:25:00', 'd4', 57, 101, 2, 0),
(185, '2015-10-09', '09:05:00', 'd4', 114, 63, 2, 0),
(186, '2015-10-09', '06:45:00', 'd4', 5, 40, 2, 1),
(187, '2015-10-08', '13:40:00', 'd8', 57, 74, 2, 1),
(188, '2015-10-08', '11:00:00', 'd8', 81, 94, 1, 2),
(189, '2015-10-08', '08:45:00', 'd8', 101, 104, 2, 1),
(190, '2015-10-08', '06:40:00', 'd8', 87, 151, 2, 1),
(191, '2015-10-07', '13:40:00', 'd8', 63, 162, 2, 0),
(192, '2015-10-07', '12:45:00', 'd8', 140, 5, 1, 2),
(193, '2015-10-07', '11:00:00', 'd8', 114, 64, 1, 0),
(194, '2015-10-07', '08:40:00', 'd8', 107, 40, 1, 2),
(195, '2015-10-07', '08:30:00', 'd16', 11, 81, -1, 0),
(196, '2015-10-07', '06:40:00', 'd16', 41, 94, 0, 2),
(197, '2015-10-06', '13:40:00', 'd16', 57, 159, 2, 0),
(198, '2015-10-06', '13:10:00', 'd16', 38, 5, 0, 2),
(199, '2015-10-06', '11:30:00', 'd16', 107, 138, 2, 0),
(200, '2015-10-06', '10:55:00', 'd16', 63, 23, 2, 0),
(201, '2015-10-06', '09:05:00', 'd16', 44, 40, 1, 2),
(202, '2015-10-06', '08:40:00', 'd16', 106, 104, 1, 2),
(203, '2015-10-06', '08:30:00', 'd16', 1, 87, 1, 2),
(204, '2015-10-06', '06:40:00', 'd16', 154, 162, 0, 2),
(205, '2015-10-05', '15:25:00', 'd16', 74, 137, 2, 1),
(206, '2015-10-05', '12:35:00', 'd16', 114, 6, 2, 1),
(207, '2015-10-05', '11:45:00', 'd16', 142, 101, 1, 2),
(208, '2015-10-05', '09:45:00', 'd16', 140, 112, 2, 0),
(209, '2015-10-05', '08:05:00', 'd16', 14, 64, 1, 2),
(210, '2015-10-05', '06:40:00', 'd16', 146, 151, 0, 2),
(211, '2015-10-05', '10:00:00', 'd32', 11, 18, 2, 1),
(212, '2015-10-05', '08:40:00', 'd32', 107, 15, 1, 0),
(213, '2015-10-05', '06:40:00', 'd32', 81, 10, 2, 1),
(214, '2015-10-05', '06:40:00', 'd32', 138, 96, 2, 0),
(215, '2015-10-04', '15:10:00', 'd32', 23, 59, 2, 1),
(216, '2015-10-04', '13:40:00', 'd32', 60, 162, 0, 2),
(217, '2015-10-04', '11:50:00', 'd32', 50, 1, 0, 0),
(218, '2015-10-04', '11:20:00', 'd32', 26, 87, 0, 2),
(219, '2015-10-04', '11:20:00', 'd32', 114, 147, 1, 0),
(220, '2015-10-04', '10:00:00', 'd32', 142, 113, 2, 0),
(221, '2015-10-04', '09:35:00', 'd32', 109, 38, 0, 2),
(222, '2015-10-04', '09:35:00', 'd32', 170, 44, 0, 2),
(223, '2015-10-04', '09:25:00', 'd32', 40, 75, 2, 0),
(224, '2015-10-04', '08:40:00', 'd32', 14, 139, 2, 0),
(225, '2015-10-04', '08:10:00', 'd32', 45, 41, 1, 2),
(226, '2015-10-04', '08:10:00', 'd32', 112, 32, 1, 0),
(227, '2015-10-04', '08:00:00', 'd32', 49, 101, 0, 2),
(228, '2015-10-04', '08:00:00', 'd32', 137, 110, 2, 0),
(229, '2015-10-04', '06:40:00', 'd32', 6, 168, 2, 0),
(230, '2015-10-04', '06:40:00', 'd32', 51, 104, 1, 2),
(231, '2015-10-04', '06:40:00', 'd32', 129, 146, 0, 2),
(232, '2015-10-04', '06:40:00', 'd32', 140, 145, 1, 0),
(233, '2015-10-03', '15:10:00', 'd32', 154, 76, 2, 1),
(234, '2015-10-03', '13:50:00', 'd32', 57, 30, 2, 0),
(235, '2015-10-03', '10:45:00', 'd32', 160, 74, 0, 2),
(236, '2015-10-03', '09:05:00', 'd32', 92, 64, 0, 2),
(237, '2015-10-03', '06:50:00', 'd32', 106, 36, 2, 0),
(238, '2015-10-03', '06:45:00', 'd32', 47, 5, 1, 2),
(239, '2014-10-05', '10:10:00', 'd', 75, 132, 1, 2),
(240, '2014-10-04', '11:45:00', 'd2', 132, 57, 2, 0),
(241, '2014-10-04', '08:40:00', 'd2', 138, 75, 1, 2),
(242, '2014-10-03', '10:00:00', 'd4', 158, 138, -1, 0),
(243, '2014-10-03', '08:40:00', 'd4', 74, 132, 0, 2),
(244, '2014-10-03', '07:00:00', 'd4', 57, 50, 0, -1),
(245, '2014-10-03', '06:35:00', 'd4', 75, 151, 2, 0),
(246, '2014-10-02', '13:45:00', 'd8', 158, 123, 2, 1),
(247, '2014-10-02', '10:25:00', 'd8', 26, 138, 0, 2),
(248, '2014-10-02', '08:40:00', 'd8', 79, 57, 0, 2),
(249, '2014-10-02', '06:45:00', 'd8', 63, 74, 1, 2),
(250, '2014-10-02', '06:40:00', 'd8', 82, 151, 1, 2),
(251, '2014-10-02', '06:40:00', 'd8', 107, 50, 1, 2),
(252, '2014-10-02', '06:30:00', 'd8', 75, 159, 0, -1),
(253, '2014-10-01', '13:45:00', 'd8', 140, 132, 0, 2),
(254, '2014-10-01', '12:10:00', 'd16', 26, 29, 2, 0),
(255, '2014-10-01', '08:05:00', 'd16', 138, 162, 2, 0),
(256, '2014-10-01', '06:35:00', 'd16', 75, 103, 2, 0),
(257, '2014-09-30', '14:00:00', 'd16', 158, 109, 2, 0),
(258, '2014-09-30', '11:35:00', 'd16', 97, 57, 0, 2),
(259, '2014-09-30', '10:25:00', 'd16', 44, 159, 0, 2),
(260, '2014-09-30', '10:00:00', 'd16', 15, 79, 0, 2),
(261, '2014-09-30', '09:40:00', 'd16', 104, 140, 1, 2),
(262, '2014-09-30', '09:05:00', 'd16', 6, 123, 0, 2),
(263, '2014-09-30', '08:35:00', 'd16', 172, 50, 0, 2),
(264, '2014-09-30', '08:15:00', 'd16', 74, 95, 2, 0),
(265, '2014-09-30', '08:10:00', 'd16', 63, 32, 2, 0),
(266, '2014-09-30', '06:45:00', 'd16', 107, 64, 2, 0),
(267, '2014-09-30', '06:40:00', 'd16', 82, 53, 2, 0),
(268, '2014-09-30', '06:40:00', 'd16', 142, 132, 0, 2),
(269, '2014-09-30', '06:35:00', 'd16', 151, 114, 2, 0),
(270, '2014-09-29', '15:40:00', 'd32', 29, 165, 2, 0),
(271, '2014-09-29', '12:40:00', 'd32', 168, 44, 0, 2),
(272, '2014-09-29', '10:15:00', 'd32', 167, 103, 0, 2),
(273, '2014-09-29', '10:10:00', 'd32', 59, 26, 1, 2),
(274, '2014-09-29', '08:50:00', 'd32', 104, 88, 2, 0),
(275, '2014-09-29', '08:40:00', 'd32', 158, 136, 2, 0),
(276, '2014-09-29', '06:40:00', 'd32', 11, 57, 0, 2),
(277, '2014-09-29', '06:40:00', 'd32', 47, 123, 0, 2),
(278, '2014-09-29', '06:40:00', 'd32', 66, 109, 0, 2),
(279, '2014-09-29', '06:40:00', 'd32', 87, 6, 1, 2),
(280, '2014-09-28', '15:25:00', 'd32', 74, 52, 1, 0),
(281, '2014-09-28', '13:45:00', 'd32', 63, 30, 2, 1),
(282, '2014-09-28', '13:40:00', 'd32', 139, 50, 0, 2),
(283, '2014-09-28', '11:50:00', 'd32', 110, 53, 1, 2),
(284, '2014-09-28', '10:00:00', 'd32', 61, 132, 0, 2),
(285, '2014-09-28', '09:40:00', 'd32', 95, 40, 2, 1),
(286, '2014-09-28', '08:45:00', 'd32', 107, 96, 2, 1),
(287, '2014-09-28', '08:35:00', 'd32', 156, 159, 0, 2),
(288, '2014-09-28', '06:40:00', 'd32', 82, 94, 2, 1),
(289, '2014-09-28', '06:40:00', 'd32', 138, 128, 2, 0),
(290, '2014-09-28', '06:40:00', 'd32', 151, 133, 2, 1),
(291, '2014-09-27', '15:55:00', 'd32', 140, 43, 2, 0),
(292, '2014-09-27', '13:55:00', 'd32', 164, 79, 1, 2),
(293, '2014-09-27', '11:40:00', 'd32', 32, 70, 2, 0),
(294, '2014-09-27', '11:05:00', 'd32', 147, 114, 0, 2),
(295, '2014-09-27', '09:25:00', 'd32', 172, 101, 1, 0),
(296, '2014-09-27', '08:15:00', 'd32', 97, 60, 2, 0),
(297, '2014-09-27', '06:45:00', 'd32', 64, 118, 2, 1),
(298, '2013-10-06', '13:40:00', 'd', 158, 59, 2, 0),
(299, '2013-10-05', '11:30:00', 'd2', 158, 114, 2, 0),
(300, '2013-10-05', '09:10:00', 'd2', 75, 59, 1, 2),
(301, '2013-10-04', '13:10:00', 'd4', 114, 63, 2, 0),
(302, '2013-10-04', '12:05:00', 'd4', 158, 162, 2, 0),
(303, '2013-10-04', '09:20:00', 'd4', 75, 77, 2, 1),
(304, '2013-10-04', '06:40:00', 'd4', 59, 123, 2, 1),
(305, '2013-10-03', '13:40:00', 'd8', 137, 162, 0, 2),
(306, '2013-10-03', '10:35:00', 'd8', 114, 53, 2, 0),
(307, '2013-10-03', '09:10:00', 'd8', 151, 63, 0, 2),
(308, '2013-10-03', '07:55:00', 'd8', 123, 107, 2, 1),
(309, '2013-10-03', '06:40:00', 'd8', 59, 140, 2, 0),
(310, '2013-10-03', '06:40:00', 'd8', 158, 66, 2, 0),
(311, '2013-10-02', '13:35:00', 'd8', 79, 77, 0, 2),
(312, '2013-10-02', '12:40:00', 'd8', 40, 75, 1, 2),
(313, '2013-10-02', '10:40:00', 'd16', 114, 64, 2, 0),
(314, '2013-10-02', '09:10:00', 'd16', 53, 57, 2, 0),
(315, '2013-10-02', '06:45:00', 'd16', 74, 107, 1, 2),
(316, '2013-10-02', '06:40:00', 'd16', 59, 153, 2, 1),
(317, '2013-10-01', '13:40:00', 'd16', 60, 77, 0, 2),
(318, '2013-10-01', '13:35:00', 'd16', 119, 63, 0, 2),
(319, '2013-10-01', '11:25:00', 'd16', 76, 75, 1, 2),
(320, '2013-10-01', '11:05:00', 'd16', 137, 15, 2, 1),
(321, '2013-10-01', '10:30:00', 'd16', 96, 162, 0, 2),
(322, '2013-10-01', '09:35:00', 'd16', 66, 115, 2, 0),
(323, '2013-10-01', '09:20:00', 'd16', 79, 159, 2, 0),
(324, '2013-10-01', '09:20:00', 'd16', 151, 168, 2, 1),
(325, '2013-10-01', '07:30:00', 'd16', 29, 140, 0, 2),
(326, '2013-10-01', '06:45:00', 'd16', 158, 128, 2, 0),
(327, '2013-09-30', '15:45:00', 'd16', 123, 61, 2, 0),
(328, '2013-09-30', '13:55:00', 'd16', 40, 33, 2, 0),
(329, '2013-09-30', '12:30:00', 'd32', 53, 112, 2, 0),
(330, '2013-09-30', '11:00:00', 'd32', 55, 74, 0, 2),
(331, '2013-09-30', '10:50:00', 'd32', 107, 3, 2, 1),
(332, '2013-09-30', '09:10:00', 'd32', 168, 103, 2, 0),
(333, '2013-09-30', '08:00:00', 'd32', 42, 153, 0, 2),
(334, '2013-09-30', '06:45:00', 'd32', 15, 121, 2, 0),
(335, '2013-09-30', '06:45:00', 'd32', 104, 57, 0, 2),
(336, '2013-09-30', '06:40:00', 'd32', 59, 101, 2, 1),
(337, '2013-09-30', '06:40:00', 'd32', 60, 24, 2, 0),
(338, '2013-09-29', '15:50:00', 'd32', 79, 127, 2, 0),
(339, '2013-09-29', '13:40:00', 'd32', 66, 169, 2, 0),
(340, '2013-09-29', '13:00:00', 'd32', 33, 136, 2, 0),
(341, '2013-09-29', '11:00:00', 'd32', 6, 29, 1, 2),
(342, '2013-09-29', '11:00:00', 'd32', 158, 149, 2, 0),
(343, '2013-09-29', '10:25:00', 'd32', 70, 119, 1, 2),
(344, '2013-09-29', '09:15:00', 'd32', 52, 77, 0, 2),
(345, '2013-09-29', '08:30:00', 'd32', 64, 23, 2, 0),
(346, '2013-09-29', '06:40:00', 'd32', 61, 49, 2, 0),
(347, '2013-09-29', '06:40:00', 'd32', 114, 152, 2, 1),
(348, '2013-09-29', '06:40:00', 'd32', 138, 123, 0, 2),
(349, '2013-09-28', '15:35:00', 'd32', 115, 50, 2, 0),
(350, '2013-09-28', '13:40:00', 'd32', 40, 43, 2, 0),
(351, '2013-09-28', '11:55:00', 'd32', 9, 96, 0, 2),
(352, '2013-09-28', '10:00:00', 'd32', 151, 142, 2, 0),
(353, '2013-09-28', '09:40:00', 'd32', 76, 156, 2, 1),
(354, '2013-09-28', '08:45:00', 'd32', 128, 26, 0, 0),
(355, '2013-09-28', '06:55:00', 'd32', 92, 140, 1, 2),
(356, '2013-09-28', '06:45:00', 'd32', 137, 163, 2, 0),
(357, '2012-10-07', '13:40:00', 'd', 3, 132, 2, 0),
(358, '2012-10-06', '11:15:00', 'd2', 3, 7, 2, 0),
(359, '2012-10-06', '09:10:00', 'd2', 77, 132, 0, 2),
(360, '2012-10-05', '13:40:00', 'd4', 140, 7, 1, 2),
(361, '2012-10-05', '10:30:00', 'd4', 77, 114, 2, 0),
(362, '2012-10-05', '09:10:00', 'd4', 63, 132, 0, 1),
(363, '2012-10-05', '06:45:00', 'd4', 3, 97, 2, 0),
(364, '2012-10-04', '13:55:00', 'd8', 77, 103, 2, 1),
(365, '2012-10-04', '11:00:00', 'd8', 63, 162, 2, 1),
(366, '2012-10-04', '09:10:00', 'd8', 3, 149, 2, 0),
(367, '2012-10-04', '06:40:00', 'd8', 53, 132, 0, 2),
(368, '2012-10-03', '13:40:00', 'd8', 34, 114, 1, 2),
(369, '2012-10-03', '10:50:00', 'd8', 7, 49, 2, 0),
(370, '2012-10-03', '06:45:00', 'd8', 140, 59, 2, 0),
(371, '2012-10-03', '06:40:00', 'd8', 57, 97, 0, 2),
(372, '2012-10-03', '09:10:00', 'd16', 24, 132, 0, 2),
(373, '2012-10-03', '06:40:00', 'd16', 82, 53, 1, 2),
(374, '2012-10-02', '14:05:00', 'd16', 3, 79, 2, 0),
(375, '2012-10-02', '11:05:00', 'd16', 49, 138, 2, 1),
(376, '2012-10-02', '10:55:00', 'd16', 55, 162, 1, 2),
(377, '2012-10-02', '10:20:00', 'd16', 63, 1, 2, 0),
(378, '2012-10-02', '09:25:00', 'd16', 168, 114, 0, 2),
(379, '2012-10-02', '07:40:00', 'd16', 34, 119, 2, 0),
(380, '2012-10-02', '06:45:00', 'd16', 59, 96, 2, 0),
(381, '2012-10-02', '06:45:00', 'd16', 97, 47, 2, 0),
(382, '2012-10-02', '06:40:00', 'd16', 7, 93, 2, 0),
(383, '2012-10-02', '06:40:00', 'd16', 77, 108, 2, 0),
(384, '2012-10-01', '16:00:00', 'd16', 103, 133, 2, 1),
(385, '2012-10-01', '13:40:00', 'd16', 57, 76, 2, 1),
(386, '2012-10-01', '10:15:00', 'd16', 75, 140, 0, 2),
(387, '2012-10-01', '08:00:00', 'd16', 149, 100, 2, 0),
(388, '2012-10-01', '11:40:00', 'd32', 127, 162, 1, 2),
(389, '2012-10-01', '10:55:00', 'd32', 50, 132, 0, 2),
(390, '2012-10-01', '09:30:00', 'd32', 3, 26, 2, 0),
(391, '2012-10-01', '06:45:00', 'd32', 79, 89, 2, 1),
(392, '2012-10-01', '06:40:00', 'd32', 1, 169, 2, 0),
(393, '2012-10-01', '06:40:00', 'd32', 2, 24, 0, 2),
(394, '2012-10-01', '06:40:00', 'd32', 53, 101, 1, 1),
(395, '2012-09-30', '15:25:00', 'd32', 65, 49, 1, 2),
(396, '2012-09-30', '13:40:00', 'd32', 77, 128, 2, 0),
(397, '2012-09-30', '11:30:00', 'd32', 59, 107, 2, 0),
(398, '2012-09-30', '11:00:00', 'd32', 7, 60, 2, 0),
(399, '2012-09-30', '09:10:00', 'd32', 157, 103, 0, 2),
(400, '2012-09-30', '08:05:00', 'd32', 28, 119, 0, 2),
(401, '2012-09-30', '08:05:00', 'd32', 47, 40, 0, 0),
(402, '2012-09-30', '08:05:00', 'd32', 151, 34, 1, 2),
(403, '2012-09-30', '06:45:00', 'd32', 6, 149, 0, 2),
(404, '2012-09-30', '06:45:00', 'd32', 66, 82, 0, 2),
(405, '2012-09-30', '06:45:00', 'd32', 96, 123, 2, 0),
(406, '2012-09-30', '06:40:00', 'd32', 93, 144, 2, 0),
(407, '2012-09-29', '15:10:00', 'd32', 100, 48, 2, 1),
(408, '2012-09-29', '13:40:00', 'd32', 75, 52, 2, 0),
(409, '2012-09-29', '11:15:00', 'd32', 133, 23, 1, 0),
(410, '2012-09-29', '10:20:00', 'd32', 57, 88, 2, 0),
(411, '2012-09-29', '09:05:00', 'd32', 140, 5, 2, 0),
(412, '2012-09-29', '08:55:00', 'd32', 76, 109, 2, 0),
(413, '2012-09-29', '08:30:00', 'd32', 55, 170, 2, 0),
(414, '2012-09-29', '07:10:00', 'd32', 97, 115, 2, 0),
(415, '2012-09-29', '06:50:00', 'd32', 168, 154, 2, 0),
(416, '2011-10-09', '13:40:00', 'd', 114, 107, 2, 1),
(417, '2011-10-08', '10:35:00', 'd2', 104, 114, 0, 2),
(418, '2011-10-08', '09:15:00', 'd2', 96, 107, 0, 2),
(419, '2011-10-07', '15:30:00', 'd4', 107, 101, 2, 0),
(420, '2011-10-07', '10:55:00', 'd4', 162, 104, 1, 2),
(421, '2011-10-07', '09:10:00', 'd4', 57, 114, 0, 1),
(422, '2011-10-07', '06:40:00', 'd4', 66, 96, 1, 2),
(423, '2011-10-06', '13:40:00', 'd8', 162, 61, 2, 0),
(424, '2011-10-06', '10:40:00', 'd8', 104, 23, 2, 1),
(425, '2011-10-06', '09:05:00', 'd8', 114, 2, 2, 0),
(426, '2011-10-06', '08:00:00', 'd8', 66, 100, 2, 0),
(427, '2011-10-06', '07:40:00', 'd8', 101, 3, 0, -1),
(428, '2011-10-06', '06:45:00', 'd8', 116, 96, 1, 2),
(429, '2011-10-05', '13:40:00', 'd8', 7, 107, 1, 2),
(430, '2011-10-05', '10:45:00', 'd8', 173, 57, 0, 2),
(431, '2011-10-05', '09:10:00', 'd16', 114, 169, 2, 0),
(432, '2011-10-05', '06:40:00', 'd16', 53, 3, 0, 2),
(433, '2011-10-05', '06:40:00', 'd16', 127, 96, 0, 2),
(434, '2011-10-05', '06:00:00', 'd16', 61, 79, 0, -1),
(435, '2011-10-04', '13:40:00', 'd16', 162, 161, 2, 0),
(436, '2011-10-04', '11:45:00', 'd16', 140, 107, 0, 2),
(437, '2011-10-04', '10:05:00', 'd16', 7, 88, 2, 0),
(438, '2011-10-04', '09:10:00', 'd16', 104, 52, 2, 0),
(439, '2011-10-04', '09:10:00', 'd16', 138, 66, 1, 2),
(440, '2011-10-04', '08:15:00', 'd16', 151, 116, 0, 2),
(441, '2011-10-04', '06:45:00', 'd16', 101, 86, 2, 0),
(442, '2011-10-04', '06:40:00', 'd16', 173, 70, 2, 1),
(443, '2011-10-03', '15:40:00', 'd16', 2, 75, 2, 1),
(444, '2011-10-03', '13:40:00', 'd16', 57, 74, 2, 0),
(445, '2011-10-03', '10:50:00', 'd16', 23, 128, 2, 0),
(446, '2011-10-03', '06:45:00', 'd16', 21, 100, 1, 2),
(447, '2011-10-03', '11:25:00', 'd32', 103, 104, 0, 2),
(448, '2011-10-03', '09:10:00', 'd32', 37, 116, 0, 2),
(449, '2011-10-03', '09:10:00', 'd32', 162, 54, 2, 1),
(450, '2011-10-03', '08:45:00', 'd32', 70, 108, 2, 1),
(451, '2011-10-03', '06:45:00', 'd32', 49, 66, 0, 2),
(452, '2011-10-03', '06:40:00', 'd32', 169, 19, 2, 1),
(453, '2011-10-02', '15:15:00', 'd32', 56, 127, 1, 2),
(454, '2011-10-02', '13:45:00', 'd32', 138, 109, 2, 0),
(455, '2011-10-02', '12:30:00', 'd32', 52, 27, 2, 0),
(456, '2011-10-02', '12:00:00', 'd32', 119, 53, 0, 2),
(457, '2011-10-02', '10:05:00', 'd32', 101, 139, 2, 0),
(458, '2011-10-02', '09:40:00', 'd32', 7, 90, 2, 1),
(459, '2011-10-02', '09:10:00', 'd32', 96, 77, 2, 0),
(460, '2011-10-02', '08:45:00', 'd32', 140, 82, 2, 0),
(461, '2011-10-02', '08:05:00', 'd32', 61, 170, 2, 0),
(462, '2011-10-02', '08:00:00', 'd32', 93, 88, 1, 2),
(463, '2011-10-02', '06:50:00', 'd32', 102, 86, 0, 2),
(464, '2011-10-02', '06:45:00', 'd32', 10, 79, 0, 1),
(465, '2011-10-02', '06:45:00', 'd32', 28, 57, 0, 2),
(466, '2011-10-02', '06:45:00', 'd32', 168, 23, 0, 2),
(467, '2011-10-01', '15:55:00', 'd32', 123, 107, 0, 2),
(468, '2011-10-01', '13:50:00', 'd32', 151, 84, 2, 0),
(469, '2011-10-01', '13:40:00', 'd32', 100, 59, 2, 0),
(470, '2011-10-01', '11:20:00', 'd32', 2, 13, 2, 1),
(471, '2011-10-01', '10:55:00', 'd32', 89, 161, 0, 2),
(472, '2011-10-01', '09:35:00', 'd32', 36, 74, 0, 1),
(473, '2011-10-01', '08:05:00', 'd32', 60, 128, 0, 2),
(474, '2011-10-01', '07:55:00', 'd32', 40, 21, 1, 2),
(475, '2010-10-11', '13:40:00', 'd', 162, 173, 2, 1),
(476, '2010-10-09', '10:35:00', 'd2', 162, 102, 2, 0),
(477, '2010-10-09', '09:05:00', 'd2', 77, 173, 0, 2),
(478, '2010-10-08', '13:40:00', 'd4', 102, 5, 2, 0),
(479, '2010-10-08', '10:55:00', 'd4', 162, 57, 2, 0),
(480, '2010-10-08', '09:10:00', 'd4', 77, 131, 2, 0),
(481, '2010-10-08', '06:10:00', 'd4', 128, 173, 0, 2),
(482, '2010-10-07', '13:45:00', 'd8', 162, 75, 2, 0),
(483, '2010-10-07', '11:25:00', 'd8', 57, 31, 2, 0),
(484, '2010-10-07', '09:30:00', 'd8', 108, 131, -1, 0),
(485, '2010-10-07', '06:40:00', 'd8', 63, 77, 0, 2),
(486, '2010-10-06', '14:20:00', 'd8', 128, 39, 2, 1),
(487, '2010-10-06', '10:10:00', 'd8', 66, 173, 1, 2),
(488, '2010-10-06', '08:10:00', 'd8', 149, 5, 0, 2),
(489, '2010-10-06', '06:10:00', 'd8', 60, 102, 0, 2),
(490, '2010-10-06', '13:05:00', 'd16', 162, 40, 2, 0),
(491, '2010-10-06', '07:15:00', 'd16', 63, 36, 2, 0),
(492, '2010-10-05', '13:40:00', 'd16', 67, 77, 0, 2),
(493, '2010-10-05', '11:20:00', 'd16', 107, 173, 0, 2),
(494, '2010-10-05', '09:50:00', 'd16', 132, 149, 0, 2),
(495, '2010-10-05', '09:45:00', 'd16', 57, 48, 2, 0),
(496, '2010-10-05', '09:10:00', 'd16', 28, 31, 1, 2),
(497, '2010-10-05', '09:00:00', 'd16', 39, 151, 2, 1),
(498, '2010-10-05', '08:40:00', 'd16', 130, 102, 0, 2),
(499, '2010-10-05', '08:15:00', 'd16', 128, 53, 2, 0),
(500, '2010-10-05', '06:15:00', 'd16', 5, 3, 0, 1),
(501, '2010-10-05', '06:15:00', 'd16', 23, 131, 1, 2),
(502, '2010-10-05', '06:15:00', 'd16', 75, 61, 2, 1),
(503, '2010-10-04', '15:25:00', 'd16', 37, 66, 1, 2),
(504, '2010-10-04', '13:45:00', 'd16', 59, 60, 1, 2),
(505, '2010-10-04', '08:00:00', 'd16', 108, 13, 2, 0),
(506, '2010-10-04', '11:20:00', 'd32', 7, 57, 0, 2),
(507, '2010-10-04', '09:25:00', 'd32', 141, 102, 0, 2),
(508, '2010-10-04', '09:10:00', 'd32', 124, 173, 0, 2),
(509, '2010-10-04', '06:15:00', 'd32', 36, 139, 2, 0),
(510, '2010-10-04', '06:15:00', 'd32', 40, 103, 2, 1),
(511, '2010-10-04', '06:15:00', 'd32', 114, 63, 1, 2),
(512, '2010-10-04', '06:10:00', 'd32', 39, 82, 2, 0),
(513, '2010-10-03', '14:55:00', 'd32', 61, 101, 2, 0),
(514, '2010-10-03', '13:40:00', 'd32', 52, 53, 1, 2),
(515, '2010-10-03', '13:40:00', 'd32', 73, 77, 0, 2),
(516, '2010-10-03', '10:15:00', 'd32', 151, 74, 2, 1),
(517, '2010-10-03', '09:50:00', 'd32', 104, 75, 0, 2),
(518, '2010-10-03', '09:35:00', 'd32', 131, 138, 2, 1),
(519, '2010-10-03', '08:15:00', 'd32', 108, 51, 2, 0),
(520, '2010-10-03', '07:55:00', 'd32', 60, 14, 2, 1),
(521, '2010-10-03', '07:50:00', 'd32', 132, 109, 2, 0),
(522, '2010-10-03', '07:35:00', 'd32', 117, 37, 1, 2),
(523, '2010-10-03', '06:40:00', 'd32', 168, 66, 0, 2),
(524, '2010-10-03', '06:15:00', 'd32', 157, 23, 0, 2),
(525, '2010-10-03', '06:10:00', 'd32', 67, 80, 2, 0),
(526, '2010-10-02', '15:05:00', 'd32', 5, 49, 2, 1),
(527, '2010-10-02', '15:00:00', 'd32', 143, 149, 1, 2),
(528, '2010-10-02', '13:45:00', 'd32', 28, 89, 2, 0),
(529, '2010-10-02', '13:40:00', 'd32', 13, 171, 2, 0),
(530, '2010-10-02', '09:55:00', 'd32', 123, 107, 0, 2),
(531, '2010-10-02', '09:40:00', 'd32', 86, 48, 0, 2),
(532, '2010-10-02', '08:05:00', 'd32', 59, 70, 2, 0),
(533, '2010-10-02', '06:40:00', 'd32', 130, 133, 2, 0);

--
-- Indexes for dumped tables
--

--
-- Indexes for table `jatekos`
--
ALTER TABLE `jatekos`
  ADD PRIMARY KEY (`id`);

--
-- Indexes for table `merkozes`
--
ALTER TABLE `merkozes`
  ADD PRIMARY KEY (`id`),
  ADD KEY `fk_jatekos1` (`jatekos1Id`),
  ADD KEY `fk_jatekos2` (`jatekos2Id`);

--
-- Constraints for dumped tables
--

--
-- Constraints for table `merkozes`
--
ALTER TABLE `merkozes`
  ADD CONSTRAINT `fk_jatekos1` FOREIGN KEY (`jatekos1Id`) REFERENCES `jatekos` (`id`),
  ADD CONSTRAINT `fk_jatekos2` FOREIGN KEY (`jatekos2Id`) REFERENCES `jatekos` (`id`);
--
-- Database: `test`
--
CREATE DATABASE IF NOT EXISTS `test` DEFAULT CHARACTER SET latin1 COLLATE latin1_swedish_ci;
USE `test`;
--
-- Database: `tortenelem`
--
CREATE DATABASE IF NOT EXISTS `tortenelem` DEFAULT CHARACTER SET utf8mb4 COLLATE utf8mb4_hungarian_ci;
USE `tortenelem`;

-- --------------------------------------------------------

--
-- Table structure for table `evszamok`
--

CREATE TABLE `evszamok` (
  `evID` int(11) NOT NULL,
  `ev` int(4) NOT NULL,
  `esemeny` varchar(80) COLLATE utf8mb4_hungarian_ci NOT NULL
) ENGINE=InnoDB DEFAULT CHARSET=utf8mb4 COLLATE=utf8mb4_hungarian_ci;

--
-- Dumping data for table `evszamok`
--

INSERT INTO `evszamok` (`evID`, `ev`, `esemeny`) VALUES
(3, 313, 'Nagy Konstantin engedélyezi a keresztény vallást'),
(4, 395, 'a Római Birodalom kettészakadása'),
(5, 476, 'a Nyugat-Római Birodalom bukása'),
(6, 896, 'a honfoglalás kezdete'),
(7, 955, 'a kalandozók döntő veresége Augsburgnál'),
(8, 1000, 'Szent István megkoronázása'),
(9, 1222, 'az Aranybulla kiadása'),
(10, 1301, 'az Árpád-ház kihalása'),
(11, 1456, 'a nándorfehérvári diadal'),
(12, 1492, 'Kolombusz felfedezi Amerikát'),
(13, 1517, 'Luther közzéteszi hittételeit, a reformáció kezdete'),
(14, 1526, 'a mohácsi csata'),
(15, 1703, 'Rákóczi-szabadságharc'),
(17, 1776, 'az amerikai gyarmatok Függetlenségi Nyilatkozata'),
(18, 1848, 'forradalmi hullám Európában'),
(19, 1825, 'Széchenyi felajánlásával a Tudományos Akadémia alapítása, a reformkor kezdete'),
(20, 1867, 'a kiegyezés'),
(21, 1914, 'első világháború kezdete'),
(23, 1939, 'a második világháború kitörése, német támadás Lengyelország ellen'),
(24, 1945, 'a japán fegyverletétel, második világháború vége'),
(27, 1918, 'első világháború vége');

--
-- Indexes for dumped tables
--

--
-- Indexes for table `evszamok`
--
ALTER TABLE `evszamok`
  ADD PRIMARY KEY (`evID`),
  ADD UNIQUE KEY `esemeny` (`esemeny`),
  ADD KEY `ev` (`ev`);

--
-- AUTO_INCREMENT for dumped tables
--

--
-- AUTO_INCREMENT for table `evszamok`
--
ALTER TABLE `evszamok`
  MODIFY `evID` int(11) NOT NULL AUTO_INCREMENT, AUTO_INCREMENT=29;
--
-- Database: `tura`
--
CREATE DATABASE IF NOT EXISTS `tura` DEFAULT CHARACTER SET utf8mb4 COLLATE utf8mb4_general_ci;
USE `tura`;

-- --------------------------------------------------------

--
-- Table structure for table `lista`
--

CREATE TABLE `lista` (
  `id` int(11) NOT NULL,
  `datum` date NOT NULL,
  `hely` varchar(255) NOT NULL,
  `tav` double NOT NULL
) ENGINE=InnoDB DEFAULT CHARSET=utf8mb4;

--
-- Dumping data for table `lista`
--

INSERT INTO `lista` (`id`, `datum`, `hely`, `tav`) VALUES
(6, '2021-01-03', 'Hármashatár hegy', 11),
(7, '2021-02-01', 'Kaán Károly kilátó', 12),
(8, '2021-05-17', 'Hárshegy', 9),
(9, '2021-07-14', 'Kékestető', 11),
(10, '2021-08-20', 'Pilis', 21.5);

--
-- Indexes for dumped tables
--

--
-- Indexes for table `lista`
--
ALTER TABLE `lista`
  ADD PRIMARY KEY (`id`);

--
-- AUTO_INCREMENT for dumped tables
--

--
-- AUTO_INCREMENT for table `lista`
--
ALTER TABLE `lista`
  MODIFY `id` int(11) NOT NULL AUTO_INCREMENT, AUTO_INCREMENT=16;
--
-- Database: `utazas`
--
CREATE DATABASE IF NOT EXISTS `utazas` DEFAULT CHARACTER SET utf8mb4 COLLATE utf8mb4_hungarian_ci;
USE `utazas`;

-- --------------------------------------------------------

--
-- Table structure for table `helyseg`
--

CREATE TABLE `helyseg` (
  `az` int(11) NOT NULL,
  `nev` varchar(20) COLLATE utf8mb4_hungarian_ci NOT NULL,
  `orszag` varchar(15) COLLATE utf8mb4_hungarian_ci NOT NULL
) ENGINE=InnoDB DEFAULT CHARSET=utf8mb4 COLLATE=utf8mb4_hungarian_ci;

--
-- Dumping data for table `helyseg`
--

INSERT INTO `helyseg` (`az`, `nev`, `orszag`) VALUES
(1, 'Sousse', 'Tunézia'),
(2, 'Djerba', 'Tunézia'),
(3, 'Sharm El Sheikh', 'Egyiptom'),
(4, 'Hurghada', 'Egyiptom');

-- --------------------------------------------------------

--
-- Table structure for table `szalloda`
--

CREATE TABLE `szalloda` (
  `az` char(2) COLLATE utf8mb4_hungarian_ci NOT NULL,
  `nev` varchar(30) COLLATE utf8mb4_hungarian_ci NOT NULL,
  `besorolas` int(1) NOT NULL,
  `helyseg_az` int(11) NOT NULL,
  `tengerpart_tav` int(11) NOT NULL,
  `repter_tav` int(11) NOT NULL,
  `felpanzio` tinyint(1) NOT NULL
) ENGINE=InnoDB DEFAULT CHARSET=utf8mb4 COLLATE=utf8mb4_hungarian_ci;

--
-- Dumping data for table `szalloda`
--

INSERT INTO `szalloda` (`az`, `nev`, `besorolas`, `helyseg_az`, `tengerpart_tav`, `repter_tav`, `felpanzio`) VALUES
('BS', 'Baron Resort', 5, 3, 0, 15, 1),
('CL', 'Charm Life', 3, 4, 0, 33, 0),
('CP', 'Cesar Palace', 5, 2, 250, 27, 1),
('CW', 'Caribbean World Soma Bay', 5, 4, 0, 55, 0),
('CZ', 'Crowne Plaza', 4, 3, 400, 9, 1),
('FJ', 'Festival Le Jardin Resort', 4, 4, 0, 17, 0),
('HB', 'Lti Holiday Beach Resort', 4, 2, 100, 20, 1),
('JR', 'Jinene Resort', 4, 1, 50, 25, 1),
('MB', 'Marhaba', 3, 1, 0, 25, 1),
('MD', 'Miramar Djerba', 3, 2, 300, 22, 1),
('MP', 'El Mouradi Palace', 5, 1, 0, 35, 1),
('TA', 'Tropicana Azur', 4, 3, 400, 9, 0);

-- --------------------------------------------------------

--
-- Table structure for table `tavasz`
--

CREATE TABLE `tavasz` (
  `sorszam` int(11) NOT NULL,
  `szalloda_az` char(2) COLLATE utf8mb4_hungarian_ci NOT NULL,
  `indulas` date NOT NULL,
  `idotartam` int(11) NOT NULL,
  `ar` int(11) NOT NULL
) ENGINE=InnoDB DEFAULT CHARSET=utf8mb4 COLLATE=utf8mb4_hungarian_ci;

--
-- Dumping data for table `tavasz`
--

INSERT INTO `tavasz` (`sorszam`, `szalloda_az`, `indulas`, `idotartam`, `ar`) VALUES
(1, 'BS', '2018-01-05', 8, 244900),
(2, 'BS', '2018-01-05', 15, 358900),
(3, 'BS', '2018-01-12', 8, 157900),
(4, 'BS', '2018-01-12', 15, 265900),
(5, 'BS', '2018-01-19', 8, 157900),
(6, 'BS', '2018-01-19', 15, 265900),
(7, 'BS', '2018-01-26', 8, 157900),
(8, 'BS', '2018-01-26', 15, 265900),
(9, 'BS', '2018-02-02', 8, 157900),
(10, 'BS', '2018-02-02', 15, 265900),
(11, 'BS', '2018-02-09', 8, 157900),
(12, 'BS', '2018-02-09', 15, 289900),
(13, 'BS', '2018-02-16', 8, 176900),
(14, 'BS', '2018-02-16', 15, 303900),
(15, 'BS', '2018-02-23', 8, 176900),
(16, 'BS', '2018-02-23', 15, 303900),
(17, 'BS', '2018-03-02', 8, 176900),
(18, 'BS', '2018-03-02', 15, 303900),
(19, 'BS', '2018-03-09', 8, 188900),
(20, 'BS', '2018-03-09', 15, 322900),
(21, 'BS', '2018-03-16', 8, 188900),
(22, 'BS', '2018-03-16', 15, 322900),
(23, 'BS', '2018-03-23', 8, 188900),
(24, 'BS', '2018-03-23', 15, 358900),
(25, 'BS', '2018-03-30', 8, 230900),
(26, 'BS', '2018-03-30', 15, 394900),
(27, 'BS', '2018-04-06', 8, 230900),
(28, 'BS', '2018-04-06', 15, 394900),
(29, 'BS', '2018-04-13', 8, 230900),
(30, 'BS', '2018-04-13', 15, 406900),
(31, 'BS', '2018-04-20', 8, 230900),
(32, 'BS', '2018-04-20', 15, 445900),
(33, 'BS', '2018-04-27', 8, 268900),
(34, 'CL', '2018-01-02', 8, 59900),
(35, 'CL', '2018-01-02', 15, 99900),
(36, 'CL', '2018-01-09', 8, 83900),
(37, 'CL', '2018-01-09', 15, 124900),
(38, 'CL', '2018-01-16', 8, 91900),
(39, 'CL', '2018-01-16', 15, 144900),
(40, 'CL', '2018-01-23', 8, 91900),
(41, 'CL', '2018-01-23', 15, 144900),
(42, 'CL', '2018-01-30', 8, 91900),
(43, 'CL', '2018-01-30', 15, 144900),
(44, 'CL', '2018-02-06', 8, 98900),
(45, 'CL', '2018-02-06', 15, 144900),
(46, 'CL', '2018-02-13', 8, 98900),
(47, 'CL', '2018-02-13', 15, 144900),
(48, 'CL', '2018-02-20', 8, 98900),
(49, 'CL', '2018-02-20', 15, 147900),
(50, 'CL', '2018-02-27', 8, 98900),
(51, 'CL', '2018-02-27', 15, 147900),
(52, 'CL', '2018-03-06', 8, 106900),
(53, 'CL', '2018-03-06', 15, 157900),
(54, 'CL', '2018-03-10', 11, 128900),
(55, 'CL', '2018-03-13', 8, 106900),
(56, 'CL', '2018-03-13', 12, 135900),
(57, 'CL', '2018-03-13', 15, 157900),
(58, 'CL', '2018-03-17', 8, 105900),
(59, 'CL', '2018-03-17', 11, 128900),
(60, 'CL', '2018-03-17', 15, 157900),
(61, 'CL', '2018-03-20', 8, 106900),
(62, 'CL', '2018-03-20', 12, 135900),
(63, 'CL', '2018-03-20', 15, 157900),
(64, 'CL', '2018-03-24', 8, 105900),
(65, 'CL', '2018-03-24', 11, 128900),
(66, 'CL', '2018-03-24', 15, 157900),
(67, 'CL', '2018-03-27', 8, 106900),
(68, 'CL', '2018-03-27', 12, 135900),
(69, 'CL', '2018-03-27', 15, 157900),
(70, 'CL', '2018-03-31', 8, 105900),
(71, 'CL', '2018-03-31', 11, 128900),
(72, 'CL', '2018-03-31', 15, 157900),
(73, 'CL', '2018-04-03', 8, 106900),
(74, 'CL', '2018-04-03', 12, 135900),
(75, 'CL', '2018-04-03', 15, 166900),
(76, 'CL', '2018-04-07', 8, 105900),
(77, 'CL', '2018-04-07', 11, 136900),
(78, 'CL', '2018-04-07', 15, 180900),
(79, 'CL', '2018-04-10', 8, 114900),
(80, 'CL', '2018-04-10', 12, 155900),
(81, 'CL', '2018-04-10', 15, 181900),
(82, 'CL', '2018-04-14', 8, 125900),
(83, 'CL', '2018-04-14', 11, 150900),
(84, 'CL', '2018-04-14', 15, 180900),
(85, 'CL', '2018-04-17', 8, 122900),
(86, 'CL', '2018-04-17', 12, 149900),
(87, 'CL', '2018-04-17', 15, 172900),
(88, 'CL', '2018-04-21', 8, 108900),
(89, 'CL', '2018-04-21', 11, 130900),
(90, 'CL', '2018-04-21', 15, 160900),
(91, 'CL', '2018-04-24', 8, 106900),
(92, 'CL', '2018-04-28', 8, 105900),
(93, 'CP', '2018-01-23', 8, 97900),
(94, 'CP', '2018-01-23', 15, 143900),
(95, 'CP', '2018-01-30', 8, 97900),
(96, 'CP', '2018-01-30', 15, 143900),
(97, 'CP', '2018-02-06', 8, 97900),
(98, 'CP', '2018-02-06', 15, 143900),
(99, 'CP', '2018-02-13', 8, 97900),
(100, 'CP', '2018-02-13', 15, 143900),
(101, 'CP', '2018-02-20', 8, 97900),
(102, 'CP', '2018-02-20', 15, 143900),
(103, 'CP', '2018-02-27', 8, 97900),
(104, 'CP', '2018-02-27', 15, 143900),
(105, 'CP', '2018-03-06', 8, 97900),
(106, 'CP', '2018-03-06', 15, 143900),
(107, 'CP', '2018-03-13', 8, 97900),
(108, 'CP', '2018-03-13', 15, 143900),
(109, 'CP', '2018-03-20', 8, 97900),
(110, 'CP', '2018-03-20', 15, 143900),
(111, 'CP', '2018-03-27', 8, 97900),
(112, 'CP', '2018-03-27', 15, 143900),
(113, 'CP', '2018-04-03', 8, 97900),
(114, 'CP', '2018-04-03', 15, 154900),
(115, 'CP', '2018-04-10', 8, 104900),
(116, 'CP', '2018-04-10', 15, 154900),
(117, 'CP', '2018-04-17', 8, 97900),
(118, 'CP', '2018-04-17', 15, 143900),
(119, 'CP', '2018-04-24', 8, 97900),
(120, 'CW', '2018-01-02', 8, 79900),
(121, 'CW', '2018-01-02', 15, 119900),
(122, 'CW', '2018-01-09', 8, 93900),
(123, 'CW', '2018-01-09', 15, 142900),
(124, 'CW', '2018-01-16', 8, 112900),
(125, 'CW', '2018-01-16', 15, 178900),
(126, 'CW', '2018-01-23', 8, 112900),
(127, 'CW', '2018-01-23', 15, 178900),
(128, 'CW', '2018-01-30', 8, 112900),
(129, 'CW', '2018-01-30', 15, 178900),
(130, 'CW', '2018-02-06', 8, 119900),
(131, 'CW', '2018-02-06', 15, 188900),
(132, 'CW', '2018-02-13', 8, 119900),
(133, 'CW', '2018-02-13', 15, 188900),
(134, 'CW', '2018-02-20', 8, 119900),
(135, 'CW', '2018-02-20', 15, 188900),
(136, 'CW', '2018-02-27', 8, 119900),
(137, 'CW', '2018-02-27', 15, 188900),
(138, 'CW', '2018-03-06', 8, 128900),
(139, 'CW', '2018-03-06', 15, 200900),
(140, 'CW', '2018-03-10', 11, 158900),
(141, 'CW', '2018-03-13', 8, 128900),
(142, 'CW', '2018-03-13', 12, 169900),
(143, 'CW', '2018-03-13', 15, 200900),
(144, 'CW', '2018-03-17', 8, 127900),
(145, 'CW', '2018-03-17', 11, 158900),
(146, 'CW', '2018-03-17', 15, 200900),
(147, 'CW', '2018-03-20', 8, 128900),
(148, 'CW', '2018-03-20', 12, 169900),
(149, 'CW', '2018-03-20', 15, 200900),
(150, 'CW', '2018-03-24', 8, 127900),
(151, 'CW', '2018-03-24', 11, 158900),
(152, 'CW', '2018-03-24', 15, 200900),
(153, 'CW', '2018-03-27', 8, 128900),
(154, 'CW', '2018-03-27', 12, 169900),
(155, 'CW', '2018-03-27', 15, 205900),
(156, 'CW', '2018-03-31', 8, 127900),
(157, 'CW', '2018-03-31', 11, 163900),
(158, 'CW', '2018-03-31', 15, 226900),
(159, 'CW', '2018-04-03', 8, 132900),
(160, 'CW', '2018-04-03', 12, 194900),
(161, 'CW', '2018-04-03', 15, 241900),
(162, 'CW', '2018-04-07', 8, 152900),
(163, 'CW', '2018-04-07', 11, 199900),
(164, 'CW', '2018-04-07', 15, 241900),
(165, 'CW', '2018-04-10', 8, 163900),
(166, 'CW', '2018-04-10', 12, 205900),
(167, 'CW', '2018-04-10', 15, 236900),
(168, 'CW', '2018-04-14', 8, 142900),
(169, 'CW', '2018-04-14', 11, 174900),
(170, 'CW', '2018-04-14', 15, 216900),
(171, 'CW', '2018-04-17', 8, 128900),
(172, 'CW', '2018-04-17', 12, 169900),
(173, 'CW', '2018-04-17', 15, 200900),
(174, 'CW', '2018-04-21', 8, 127900),
(175, 'CW', '2018-04-21', 11, 158900),
(176, 'CW', '2018-04-21', 15, 200900),
(177, 'CW', '2018-04-24', 8, 128900),
(178, 'CW', '2018-04-28', 8, 127900),
(179, 'CZ', '2018-01-05', 8, 59900),
(180, 'CZ', '2018-01-05', 15, 99900),
(181, 'CZ', '2018-01-12', 8, 86900),
(182, 'CZ', '2018-01-12', 15, 130900),
(183, 'CZ', '2018-01-19', 8, 94900),
(184, 'CZ', '2018-01-19', 15, 142900),
(185, 'CZ', '2018-01-26', 8, 94900),
(186, 'CZ', '2018-01-26', 15, 142900),
(187, 'CZ', '2018-02-02', 8, 102900),
(188, 'CZ', '2018-02-02', 15, 151900),
(189, 'CZ', '2018-02-09', 8, 102900),
(190, 'CZ', '2018-02-09', 15, 151900),
(191, 'CZ', '2018-02-16', 8, 102900),
(192, 'CZ', '2018-02-16', 15, 151900),
(193, 'CZ', '2018-02-23', 8, 102900),
(194, 'CZ', '2018-02-23', 15, 157900),
(195, 'CZ', '2018-03-02', 8, 102900),
(196, 'CZ', '2018-03-02', 15, 157900),
(197, 'CZ', '2018-03-09', 8, 109900),
(198, 'CZ', '2018-03-09', 15, 164900),
(199, 'CZ', '2018-03-16', 8, 109900),
(200, 'CZ', '2018-03-16', 15, 164900),
(201, 'CZ', '2018-03-23', 8, 109900),
(202, 'CZ', '2018-03-23', 15, 164900),
(203, 'CZ', '2018-03-30', 8, 109900),
(204, 'CZ', '2018-03-30', 15, 189900),
(205, 'CZ', '2018-04-06', 8, 133900),
(206, 'CZ', '2018-04-06', 15, 207900),
(207, 'CZ', '2018-04-13', 8, 127900),
(208, 'CZ', '2018-04-13', 15, 183900),
(209, 'CZ', '2018-04-20', 8, 109900),
(210, 'CZ', '2018-04-20', 15, 164900),
(211, 'CZ', '2018-04-27', 8, 109900),
(212, 'FJ', '2018-01-02', 8, 69900),
(213, 'FJ', '2018-01-02', 15, 89900),
(214, 'FJ', '2018-01-09', 8, 88900),
(215, 'FJ', '2018-01-09', 15, 122900),
(216, 'FJ', '2018-01-16', 8, 96900),
(217, 'FJ', '2018-01-16', 15, 133900),
(218, 'FJ', '2018-01-23', 8, 96900),
(219, 'FJ', '2018-01-23', 15, 133900),
(220, 'FJ', '2018-01-30', 8, 96900),
(221, 'FJ', '2018-01-30', 15, 133900),
(222, 'FJ', '2018-02-06', 8, 100900),
(223, 'FJ', '2018-02-06', 15, 150900),
(224, 'FJ', '2018-02-13', 8, 100900),
(225, 'FJ', '2018-02-13', 15, 150900),
(226, 'FJ', '2018-02-20', 8, 100900),
(227, 'FJ', '2018-02-20', 15, 154900),
(228, 'FJ', '2018-02-27', 8, 102900),
(229, 'FJ', '2018-02-27', 15, 154900),
(230, 'FJ', '2018-03-06', 8, 109900),
(231, 'FJ', '2018-03-06', 15, 165900),
(232, 'FJ', '2018-03-10', 11, 133900),
(233, 'FJ', '2018-03-13', 8, 109900),
(234, 'FJ', '2018-03-13', 12, 143900),
(235, 'FJ', '2018-03-13', 15, 165900),
(236, 'FJ', '2018-03-17', 8, 109900),
(237, 'FJ', '2018-03-17', 11, 133900),
(238, 'FJ', '2018-03-17', 15, 165900),
(239, 'FJ', '2018-03-20', 8, 109900),
(240, 'FJ', '2018-03-20', 12, 143900),
(241, 'FJ', '2018-03-20', 15, 165900),
(242, 'FJ', '2018-03-24', 8, 109900),
(243, 'FJ', '2018-03-24', 11, 133900),
(244, 'FJ', '2018-03-24', 15, 165900),
(245, 'FJ', '2018-03-27', 8, 109900),
(246, 'FJ', '2018-03-27', 12, 143900),
(247, 'FJ', '2018-03-27', 15, 165900),
(248, 'FJ', '2018-03-31', 8, 109900),
(249, 'FJ', '2018-03-31', 11, 133900),
(250, 'FJ', '2018-03-31', 15, 167900),
(251, 'FJ', '2018-04-03', 8, 109900),
(252, 'FJ', '2018-04-03', 12, 143900),
(253, 'FJ', '2018-04-03', 15, 172900),
(254, 'FJ', '2018-04-07', 8, 111900),
(255, 'FJ', '2018-04-07', 11, 140900),
(256, 'FJ', '2018-04-07', 15, 178900),
(257, 'FJ', '2018-04-10', 8, 119900),
(258, 'FJ', '2018-04-10', 12, 154900),
(259, 'FJ', '2018-04-10', 15, 178900),
(260, 'FJ', '2018-04-14', 8, 121900),
(261, 'FJ', '2018-04-14', 11, 145900),
(262, 'FJ', '2018-04-14', 15, 178900),
(263, 'FJ', '2018-04-17', 8, 119900),
(264, 'FJ', '2018-04-17', 12, 148900),
(265, 'FJ', '2018-04-17', 15, 172900),
(266, 'FJ', '2018-04-21', 8, 109900),
(267, 'FJ', '2018-04-21', 11, 133900),
(268, 'FJ', '2018-04-21', 15, 165900),
(269, 'FJ', '2018-04-24', 8, 109900),
(270, 'FJ', '2018-04-28', 8, 109900),
(271, 'HB', '2018-01-23', 8, 84900),
(272, 'HB', '2018-01-23', 15, 116900),
(273, 'HB', '2018-01-30', 8, 84900),
(274, 'HB', '2018-01-30', 15, 116900),
(275, 'HB', '2018-02-06', 8, 84900),
(276, 'HB', '2018-02-06', 15, 116900),
(277, 'HB', '2018-02-13', 8, 84900),
(278, 'HB', '2018-02-13', 15, 116900),
(279, 'HB', '2018-02-20', 8, 84900),
(280, 'HB', '2018-02-20', 15, 116900),
(281, 'HB', '2018-02-27', 8, 84900),
(282, 'HB', '2018-02-27', 15, 116900),
(283, 'HB', '2018-03-06', 8, 84900),
(284, 'HB', '2018-03-06', 15, 116900),
(285, 'HB', '2018-03-13', 8, 84900),
(286, 'HB', '2018-03-13', 15, 116900),
(287, 'HB', '2018-03-20', 8, 84900),
(288, 'HB', '2018-03-20', 15, 116900),
(289, 'HB', '2018-03-27', 8, 84900),
(290, 'HB', '2018-03-27', 15, 116900),
(291, 'HB', '2018-04-03', 8, 84900),
(292, 'HB', '2018-04-03', 15, 126900),
(293, 'HB', '2018-04-10', 8, 90900),
(294, 'HB', '2018-04-10', 15, 126900),
(295, 'HB', '2018-04-17', 8, 84900),
(296, 'HB', '2018-04-17', 15, 116900),
(297, 'HB', '2018-04-24', 8, 84900),
(298, 'JR', '2018-01-02', 8, 38900),
(299, 'JR', '2018-01-02', 15, 53900),
(300, 'JR', '2018-01-09', 8, 37900),
(301, 'JR', '2018-01-09', 15, 53900),
(302, 'JR', '2018-01-16', 8, 37900),
(303, 'JR', '2018-01-16', 15, 53900),
(304, 'JR', '2018-01-23', 8, 37900),
(305, 'JR', '2018-01-23', 15, 53900),
(306, 'JR', '2018-01-30', 8, 37900),
(307, 'JR', '2018-01-30', 15, 53900),
(308, 'JR', '2018-02-06', 8, 37900),
(309, 'JR', '2018-02-06', 15, 53900),
(310, 'JR', '2018-02-13', 8, 37900),
(311, 'JR', '2018-02-13', 15, 53900),
(312, 'JR', '2018-02-20', 8, 37900),
(313, 'JR', '2018-02-20', 15, 53900),
(314, 'JR', '2018-02-27', 8, 37900),
(315, 'JR', '2018-02-27', 15, 53900),
(316, 'JR', '2018-03-06', 8, 70900),
(317, 'JR', '2018-03-06', 15, 90900),
(318, 'JR', '2018-03-13', 8, 70900),
(319, 'JR', '2018-03-13', 15, 90900),
(320, 'JR', '2018-03-20', 8, 70900),
(321, 'JR', '2018-03-20', 15, 90900),
(322, 'JR', '2018-03-27', 8, 70900),
(323, 'JR', '2018-03-27', 15, 90900),
(324, 'JR', '2018-04-03', 8, 70900),
(325, 'JR', '2018-04-03', 15, 97900),
(326, 'JR', '2018-04-10', 8, 76900),
(327, 'JR', '2018-04-10', 15, 97900),
(328, 'JR', '2018-04-17', 8, 70900),
(329, 'JR', '2018-04-17', 15, 90900),
(330, 'JR', '2018-04-24', 8, 70900),
(331, 'MB', '2018-01-02', 8, 70900),
(332, 'MB', '2018-01-02', 15, 89900),
(333, 'MB', '2018-01-09', 8, 37900),
(334, 'MB', '2018-01-09', 15, 53900),
(335, 'MB', '2018-01-16', 8, 37900),
(336, 'MB', '2018-01-16', 15, 53900),
(337, 'MB', '2018-01-23', 8, 37900),
(338, 'MB', '2018-01-23', 15, 53900),
(339, 'MB', '2018-01-30', 8, 37900),
(340, 'MB', '2018-01-30', 15, 53900),
(341, 'MB', '2018-02-06', 8, 37900),
(342, 'MB', '2018-02-06', 15, 53900),
(343, 'MB', '2018-02-13', 8, 37900),
(344, 'MB', '2018-02-13', 15, 53900),
(345, 'MB', '2018-02-20', 8, 37900),
(346, 'MB', '2018-02-20', 15, 53900),
(347, 'MB', '2018-02-27', 8, 37900),
(348, 'MB', '2018-02-27', 15, 53900),
(349, 'MB', '2018-03-06', 8, 69900),
(350, 'MB', '2018-03-06', 15, 88900),
(351, 'MB', '2018-03-13', 8, 69900),
(352, 'MB', '2018-03-13', 15, 88900),
(353, 'MB', '2018-03-20', 8, 69900),
(354, 'MB', '2018-03-20', 15, 88900),
(355, 'MB', '2018-03-27', 8, 69900),
(356, 'MB', '2018-03-27', 15, 88900),
(357, 'MB', '2018-04-03', 8, 69900),
(358, 'MB', '2018-04-03', 15, 95900),
(359, 'MB', '2018-04-10', 8, 75900),
(360, 'MB', '2018-04-10', 15, 95900),
(361, 'MB', '2018-04-17', 8, 69900),
(362, 'MB', '2018-04-17', 15, 88900),
(363, 'MB', '2018-04-24', 8, 69900),
(364, 'MD', '2018-01-23', 8, 70900),
(365, 'MD', '2018-01-23', 15, 90900),
(366, 'MD', '2018-01-30', 8, 70900),
(367, 'MD', '2018-01-30', 15, 90900),
(368, 'MD', '2018-02-06', 8, 70900),
(369, 'MD', '2018-02-06', 15, 90900),
(370, 'MD', '2018-02-13', 8, 70900),
(371, 'MD', '2018-02-13', 15, 90900),
(372, 'MD', '2018-02-20', 8, 70900),
(373, 'MD', '2018-02-20', 15, 90900),
(374, 'MD', '2018-02-27', 8, 70900),
(375, 'MD', '2018-02-27', 15, 90900),
(376, 'MD', '2018-03-06', 8, 70900),
(377, 'MD', '2018-03-06', 15, 90900),
(378, 'MD', '2018-03-13', 8, 70900),
(379, 'MD', '2018-03-13', 15, 90900),
(380, 'MD', '2018-03-20', 8, 70900),
(381, 'MD', '2018-03-20', 15, 90900),
(382, 'MD', '2018-03-27', 8, 70900),
(383, 'MD', '2018-03-27', 15, 90900),
(384, 'MD', '2018-04-03', 8, 70900),
(385, 'MD', '2018-04-03', 15, 97900),
(386, 'MD', '2018-04-10', 8, 76900),
(387, 'MD', '2018-04-10', 15, 97900),
(388, 'MD', '2018-04-17', 8, 70900),
(389, 'MD', '2018-04-17', 15, 90900),
(390, 'MD', '2018-04-24', 8, 70900),
(391, 'MP', '2018-01-02', 8, 83900),
(392, 'MP', '2018-01-02', 15, 115900),
(393, 'MP', '2018-01-09', 8, 83900),
(394, 'MP', '2018-01-09', 15, 115900),
(395, 'MP', '2018-01-16', 8, 83900),
(396, 'MP', '2018-01-16', 15, 115900),
(397, 'MP', '2018-01-23', 8, 83900),
(398, 'MP', '2018-01-23', 15, 115900),
(399, 'MP', '2018-01-30', 8, 83900),
(400, 'MP', '2018-01-30', 15, 115900),
(401, 'MP', '2018-02-06', 8, 83900),
(402, 'MP', '2018-02-06', 15, 115900),
(403, 'MP', '2018-02-13', 8, 83900),
(404, 'MP', '2018-02-13', 15, 115900),
(405, 'MP', '2018-02-20', 8, 83900),
(406, 'MP', '2018-02-20', 15, 122900),
(407, 'MP', '2018-02-27', 8, 90900),
(408, 'MP', '2018-02-27', 15, 139900),
(409, 'MP', '2018-03-06', 8, 99900),
(410, 'MP', '2018-03-06', 15, 148900),
(411, 'MP', '2018-03-13', 8, 99900),
(412, 'MP', '2018-03-13', 15, 148900),
(413, 'MP', '2018-03-20', 8, 99900),
(414, 'MP', '2018-03-20', 15, 148900),
(415, 'MP', '2018-03-27', 8, 99900),
(416, 'MP', '2018-03-27', 15, 157900),
(417, 'MP', '2018-04-03', 8, 109900),
(418, 'MP', '2018-04-03', 15, 184900),
(419, 'MP', '2018-04-10', 8, 121900),
(420, 'MP', '2018-04-10', 15, 188900),
(421, 'MP', '2018-04-17', 8, 112900),
(422, 'MP', '2018-04-17', 15, 174900),
(423, 'MP', '2018-04-24', 8, 112900),
(424, 'TA', '2018-01-05', 8, 69900),
(425, 'TA', '2018-01-05', 15, 119900),
(426, 'TA', '2018-01-12', 8, 97900),
(427, 'TA', '2018-01-12', 15, 147900),
(428, 'TA', '2018-01-19', 8, 100900),
(429, 'TA', '2018-01-19', 15, 155900),
(430, 'TA', '2018-01-26', 8, 100900),
(431, 'TA', '2018-01-26', 15, 155900),
(432, 'TA', '2018-02-02', 8, 107900),
(433, 'TA', '2018-02-02', 15, 164900),
(434, 'TA', '2018-02-09', 8, 107900),
(435, 'TA', '2018-02-09', 15, 164900),
(436, 'TA', '2018-02-16', 8, 107900),
(437, 'TA', '2018-02-16', 15, 164900),
(438, 'TA', '2018-02-23', 8, 107900),
(439, 'TA', '2018-02-23', 15, 164900),
(440, 'TA', '2018-03-02', 8, 107900),
(441, 'TA', '2018-03-02', 15, 171900),
(442, 'TA', '2018-03-09', 8, 125900),
(443, 'TA', '2018-03-09', 15, 194900),
(444, 'TA', '2018-03-16', 8, 125900),
(445, 'TA', '2018-03-16', 15, 200900),
(446, 'TA', '2018-03-23', 8, 129900),
(447, 'TA', '2018-03-23', 15, 209900),
(448, 'TA', '2018-03-30', 8, 134900),
(449, 'TA', '2018-03-30', 15, 230900),
(450, 'TA', '2018-04-06', 8, 149900),
(451, 'TA', '2018-04-06', 15, 253900),
(452, 'TA', '2018-04-13', 8, 157900),
(453, 'TA', '2018-04-13', 15, 230900),
(454, 'TA', '2018-04-20', 8, 125900),
(455, 'TA', '2018-04-20', 15, 200900),
(456, 'TA', '2018-04-27', 8, 125900);

--
-- Indexes for dumped tables
--

--
-- Indexes for table `helyseg`
--
ALTER TABLE `helyseg`
  ADD PRIMARY KEY (`az`);

--
-- Indexes for table `szalloda`
--
ALTER TABLE `szalloda`
  ADD PRIMARY KEY (`az`);

--
-- Indexes for table `tavasz`
--
ALTER TABLE `tavasz`
  ADD PRIMARY KEY (`sorszam`);

--
-- AUTO_INCREMENT for dumped tables
--

--
-- AUTO_INCREMENT for table `helyseg`
--
ALTER TABLE `helyseg`
  MODIFY `az` int(11) NOT NULL AUTO_INCREMENT, AUTO_INCREMENT=5;

--
-- AUTO_INCREMENT for table `tavasz`
--
ALTER TABLE `tavasz`
  MODIFY `sorszam` int(11) NOT NULL AUTO_INCREMENT, AUTO_INCREMENT=457;
--
-- Database: `varosok`
--
CREATE DATABASE IF NOT EXISTS `varosok` DEFAULT CHARACTER SET utf8mb4 COLLATE utf8mb4_hungarian_ci;
USE `varosok`;

-- --------------------------------------------------------

--
-- Table structure for table `megye`
--

CREATE TABLE `megye` (
  `id` int(11) NOT NULL,
  `mnev` varchar(40) COLLATE utf8mb4_hungarian_ci NOT NULL
) ENGINE=InnoDB DEFAULT CHARSET=utf8mb4 COLLATE=utf8mb4_hungarian_ci;

--
-- Dumping data for table `megye`
--

INSERT INTO `megye` (`id`, `mnev`) VALUES
(1, 'Bács-Kiskun'),
(2, 'Baranya'),
(3, 'Békés'),
(4, 'Borsod-Abaúj-Zemplén'),
(5, 'Budapest'),
(6, 'Csongrád'),
(7, 'Fejér'),
(8, 'Fejér'),
(9, 'Győr-Moson-Sopron'),
(10, 'Hajdú-Bihar'),
(11, 'Heves'),
(12, 'Jász-Nagykun-Szolnok'),
(13, 'Komárom-Esztergom'),
(14, 'Nógrád'),
(15, 'Pest'),
(16, 'Somogy'),
(17, 'Szabolcs-Szatmár-Bereg'),
(18, 'Tolna'),
(19, 'Vas'),
(20, 'Veszprém'),
(21, 'Zala');

-- --------------------------------------------------------

--
-- Table structure for table `varos`
--

CREATE TABLE `varos` (
  `id` int(11) NOT NULL,
  `vnev` varchar(40) COLLATE utf8mb4_hungarian_ci NOT NULL,
  `vtipid` int(11) NOT NULL,
  `megyeid` int(11) NOT NULL,
  `jaras` varchar(20) COLLATE utf8mb4_hungarian_ci DEFAULT NULL,
  `kisterseg` varchar(20) COLLATE utf8mb4_hungarian_ci DEFAULT NULL,
  `nepesseg` int(11) DEFAULT NULL,
  `terulet` double DEFAULT NULL
) ENGINE=InnoDB DEFAULT CHARSET=utf8mb4 COLLATE=utf8mb4_hungarian_ci;

--
-- Dumping data for table `varos`
--

INSERT INTO `varos` (`id`, `vnev`, `vtipid`, `megyeid`, `jaras`, `kisterseg`, `nepesseg`, `terulet`) VALUES
(1, 'Aba', 5, 7, 'Székesfehérvári', 'Abai', 4619, 88.05),
(2, 'Abádszalók', 5, 12, 'Kunhegyesi', 'Tiszafüredi', 3922, 132.23),
(3, 'Abaújszántó', 5, 4, 'Gönci', 'Abaúj-Hegyközi', 3088, 47.36),
(4, 'Abony', 5, 15, 'Ceglédi', 'Ceglédi', 14876, 127.97),
(5, 'Ács', 5, 13, 'Komáromi', 'Komáromi', 6965, 103.75),
(6, 'Adony', 5, 7, 'Dunaújvárosi', 'Adonyi', 3912, 61.05),
(7, 'Ajak', 5, 17, 'Kisvárdai', 'Kisvárdai', 3528, 24.76),
(8, 'Ajka', 4, 20, 'Ajkai', 'Ajkai', 29058, 95.05),
(9, 'Albertirsa', 5, 15, 'Ceglédi', 'Ceglédi', 12410, 72.96),
(10, 'Alsózsolca', 5, 4, 'Miskolci', 'Miskolci', 5937, 26.02),
(11, 'Aszód', 4, 15, 'Aszódi', 'Aszódi', 6414, 16.2),
(12, 'Bábolna', 5, 13, 'Komáromi', 'Komáromi', 3654, 33.55),
(13, 'Bácsalmás', 4, 1, 'Bácsalmási', 'Bácsalmási', 6697, 108.32),
(14, 'Badacsonytomaj', 5, 20, 'Tapolcai', 'Tapolcai', 2080, 32.71),
(15, 'Baja', 4, 1, 'Bajai', 'Bajai', 37330, 177.61),
(16, 'Baktalórántháza', 4, 17, 'Baktalórántházai', 'Baktalórántházai', 4302, 35.25),
(17, 'Balassagyarmat', 4, 14, 'Balassagyarmati', 'Balassagyarmati', 16133, 23.74),
(18, 'Balatonalmádi', 4, 20, 'Balatonalmádi', 'Balatonalmádi', 9167, 49.88),
(19, 'Balatonboglár', 5, 16, 'Fonyódi', 'Fonyódi', 5932, 32.04),
(20, 'Balatonföldvár', 5, 16, 'Siófoki', 'Balatonföldvári', 2064, 15.32),
(21, 'Balatonfüred', 4, 20, 'Balatonfüredi', 'Balatonfüredi', 13532, 46.45),
(22, 'Balatonfűzfő', 5, 20, 'Balatonalmádi', 'Balatonalmádi', 4299, 9.25),
(23, 'Balatonkenese', 5, 20, 'Balatonalmádi', 'Balatonalmádi', 3195, 65.57),
(24, 'Balatonlelle', 5, 16, 'Fonyódi', 'Fonyódi', 4735, 43.23),
(25, 'Balkány', 5, 17, 'Nagykállói', 'Nagykállói', 6215, 89.99),
(26, 'Balmazújváros', 4, 10, 'Balmazújvárosi', 'Balmazújvárosi', 17354, 205.45),
(27, 'Barcs', 4, 16, 'Barcsi', 'Barcsi', 11378, 122.9),
(28, 'Bátaszék', 5, 18, 'Szekszárdi', 'Szekszárdi', 6388, 63.55),
(29, 'Bátonyterenye', 4, 14, 'Bátonyterenyei', 'Bátonyterenyei', 12604, 78.92),
(30, 'Battonya', 5, 3, 'Mezőkovácsházai', 'Mezőkovácsházai', 5565, 145.71),
(31, 'Békés', 4, 3, 'Békési', 'Békési', 19763, 127.23),
(32, 'Békéscsaba', 2, 3, 'Békéscsabai', 'Békéscsabai', 63752, 193.93),
(33, 'Bélapátfalva', 4, 11, 'Bélapátfalvai', 'Bélapátfalvai', 2996, 36.63),
(34, 'Beled', 5, 9, 'Kapuvári', 'Kapuvár-Beledi', 2553, 26.47),
(35, 'Berettyóújfalu', 4, 10, 'Berettyóújfalui', 'Berettyóújfalui', 15167, 170.98),
(36, 'Berhida', 5, 20, 'Várpalotai', 'Várpalotai', 5967, 42.73),
(37, 'Besenyszög', 5, 12, 'Szolnoki', 'Szolnoki', 3372, 138.08),
(38, 'Biatorbágy', 5, 15, 'Budakeszi', 'Budaörsi', 12805, 44.12),
(39, 'Bicske', 4, 7, 'Bicskei', 'Bicskei', 11642, 77.08),
(40, 'Biharkeresztes', 5, 10, 'Berettyóújfalui', 'Berettyóújfalui', 3888, 49.26),
(41, 'Bodajk', 5, 7, 'Móri', 'Móri', 4051, 28.98),
(42, 'Bóly', 4, 2, 'Bólyi', 'Mohácsi', 3996, 25.38),
(43, 'Bonyhád', 4, 18, 'Bonyhádi', 'Bonyhádi', 13741, 72.13),
(44, 'Borsodnádasd', 5, 4, 'Ózdi', 'Ózdi', 3007, 28.08),
(45, 'Budakalász', 5, 15, 'Szentendrei', 'Szentendrei', 10510, 15.17),
(46, 'Budakeszi', 4, 15, 'Budakeszi', 'Budaörsi', 14507, 37.1),
(47, 'Budaörs', 5, 15, 'Budakeszi', 'Budaörsi', 29605, 23.59),
(48, 'Budapest', 1, 5, '', 'Budapest', 1740041, 525.09),
(49, 'Bük', 5, 19, 'Kőszegi', 'Csepregi', 3493, 20.86),
(50, 'Cegléd', 4, 15, 'Ceglédi', 'Ceglédi', 37778, 244.87),
(51, 'Celldömölk', 4, 19, 'Celldömölki', 'Celldömölki', 10786, 52.39),
(52, 'Cigánd', 4, 4, 'Cigándi', 'Bodrogközi', 2682, 56.76),
(53, 'Csákvár', 5, 7, 'Bicskei', 'Bicskei', 5221, 118.76),
(54, 'Csanádpalota', 5, 6, 'Makói', 'Makói', 2968, 77.76),
(55, 'Csenger', 4, 17, 'Csengeri', 'Csengeri', 4730, 36.16),
(56, 'Csepreg', 5, 19, 'Kőszegi', 'Csepregi', 3384, 49.54),
(57, 'Csongrád', 4, 6, 'Csongrádi', 'Csongrádi', 16846, 173.89),
(58, 'Csorna', 4, 9, 'Csornai', 'Csornai', 10649, 91.73),
(59, 'Csorvás', 5, 3, 'Békéscsabai', 'Orosházai', 4981, 90.18),
(60, 'Csurgó', 4, 16, 'Csurgói', 'Csurgói', 5186, 59.42),
(61, 'Dabas', 4, 15, 'Dabasi', 'Dabasi', 16813, 165.99),
(62, 'Debrecen', 2, 10, 'Debreceni', 'Debreceni', 207594, 461.66),
(63, 'Demecser', 5, 17, 'Kemecsei', 'Ibrány-Nagyhalászi', 4280, 36.98),
(64, 'Derecske', 4, 10, 'Derecskei', 'Derecske-Létavértesi', 8906, 103.58),
(65, 'Dévaványa', 5, 3, 'Gyomaendrődi', 'Szeghalomi', 7622, 216.55),
(66, 'Devecser', 4, 20, 'Devecseri', 'Devecseri', 4325, 64.11),
(67, 'Diósd', 5, 15, 'Érdi', 'Érdi', 9522, 5.75),
(68, 'Dombóvár', 4, 18, 'Dombóvári', 'Dombóvári', 19494, 78.48),
(69, 'Dombrád', 5, 17, 'Kisvárdai', 'Kisvárdai', 3900, 51.84),
(70, 'Dorog', 5, 13, 'Esztergomi', 'Dorogi', 11996, 11.54),
(71, 'Dunaföldvár', 5, 18, 'Paksi', 'Paksi', 8666, 111.42),
(72, 'Dunaharaszti', 5, 15, 'Szigetszentmiklósi', 'Ráckevei', 20260, 29.17),
(73, 'Dunakeszi', 4, 15, 'Dunakeszi', 'Dunakeszi', 40334, 31.06),
(74, 'Dunaújváros', 3, 7, 'Dunaújvárosi', 'Dunaújvárosi', 48010, 52.67),
(75, 'Dunavarsány', 5, 15, 'Szigetszentmiklósi', 'Ráckevei', 7480, 22.52),
(76, 'Dunavecse', 5, 1, 'Kunszentmiklósi', 'Kunszentmiklósi', 3937, 66.77),
(77, 'Edelény', 4, 4, 'Edelényi', 'Edelényi', 10019, 56.84),
(78, 'Eger', 2, 11, 'Egri', 'Egri', 56166, 92.21),
(79, 'Elek', 5, 3, 'Gyulai', 'Gyulai', 4816, 54.91),
(80, 'Emőd', 5, 4, 'Miskolci', 'Miskolci', 4895, 49.37),
(81, 'Encs', 4, 4, 'Encsi', 'Encsi', 6201, 25.8),
(82, 'Enying', 4, 7, 'Enyingi', 'Enyingi', 6768, 82.78),
(83, 'Ercsi', 5, 7, 'Martonvásári', 'Martonvásári', 7999, 65.31),
(84, 'Érd', 3, 15, 'Érdi', 'Érdi', 65277, 60.54),
(85, 'Esztergom', 4, 13, 'Esztergomi', 'Esztergomi', 30434, 99.95),
(86, 'Fegyvernek', 5, 12, 'Törökszentmiklósi', 'Törökszentmiklósi', 6415, 71.48),
(87, 'Fehérgyarmat', 4, 17, 'Fehérgyarmati', 'Fehérgyarmati', 7861, 52.46),
(88, 'Felsőzsolca', 5, 4, 'Miskolci', 'Miskolci', 6750, 16.25),
(89, 'Fertőd', 5, 9, 'Soproni', 'Sopron-Fertődi', 3461, 48.56),
(90, 'Fertőszentmiklós', 5, 9, 'Soproni', 'Sopron-Fertődi', 3891, 39.39),
(91, 'Fonyód', 4, 16, 'Fonyódi', 'Fonyódi', 4728, 53.55),
(92, 'Fót', 5, 15, 'Dunakeszi', 'Dunakeszi', 18968, 37.4),
(93, 'Füzesabony', 4, 11, 'Füzesabonyi', 'Füzesabonyi', 7781, 46.34),
(94, 'Füzesgyarmat', 5, 3, 'Szeghalmi', 'Szeghalomi', 5665, 127.34),
(95, 'Gárdony', 4, 7, 'Gárdonyi', 'Gárdonyi', 9927, 63.5),
(96, 'Göd', 5, 15, 'Dunakeszi', 'Dunakeszi', 18565, 22.23),
(97, 'Gödöllő', 4, 15, 'Gödöllői', 'Gödöllői', 34172, 61.92),
(98, 'Gönc', 4, 4, 'Gönci', 'Abaúj-Hegyközi', 1951, 37.27),
(99, 'Gyál', 4, 15, 'Gyáli', 'Gyáli', 23486, 24.93),
(100, 'Gyomaendrőd', 4, 3, 'Gyomaendrődi', 'Szarvasi', 13674, 303.94),
(101, 'Gyömrő', 5, 15, 'Monori', 'Monori', 16670, 26.51),
(102, 'Gyöngyös', 4, 11, 'Gyöngyösi', 'Gyöngyösi', 32385, 55.31),
(103, 'Gyöngyöspata', 5, 11, 'Gyöngyösi', 'Gyöngyösi', 2472, 60.75),
(104, 'Gyönk', 5, 18, 'Tamási', 'Tamási', 2066, 38.12),
(105, 'Győr', 2, 9, 'Győri', 'Győri', 131564, 174.62),
(106, 'Gyula', 4, 3, 'Gyulai', 'Gyulai', 31679, 255.8),
(107, 'Hajdúböszörmény', 4, 10, 'Hajdúböszörményi', 'Hajdúböszörményi', 31306, 370.78),
(108, 'Hajdúdorog', 5, 10, 'Hajdúböszörményi', 'Hajdúböszörményi', 8888, 100.65),
(109, 'Hajdúhadház', 4, 10, 'Hajdúhadházi', 'Hajdúhadházi', 12458, 87.8),
(110, 'Hajdúnánás', 4, 10, 'Hajdúnánási', 'Hajdúböszörményi', 16975, 259.62),
(111, 'Hajdúsámson', 5, 10, 'Debreceni', 'Hajdúhadházi', 13105, 69.47),
(112, 'Hajdúszoboszló', 4, 10, 'Hajdúszoboszlói', 'Hajdúszoboszlói', 23309, 238.7),
(113, 'Hajós', 5, 1, 'Kalocsai', 'Kalocsai', 3134, 89.92),
(114, 'Halásztelek', 5, 15, 'Szigetszentmiklósi', 'Ráckevei', 9310, 8.64),
(115, 'Harkány', 5, 2, 'Siklósi', 'Siklósi', 4065, 25.69),
(116, 'Hatvan', 4, 11, 'Hatvani', 'Hatvani', 20259, 66.31),
(117, 'Herend', 5, 20, 'Veszprémi', 'Veszprémi', 3339, 19.56),
(118, 'Heves', 4, 11, 'Hevesi', 'Hevesi', 10464, 99.31),
(119, 'Hévíz', 5, 21, 'Keszthelyi', 'Hévízi', 4375, 8.31),
(120, 'Hódmezővásárhely', 3, 6, 'Hódmezővásárhelyi', 'Hódmezővásárhelyi', 46522, 487.98),
(121, 'Ibrány', 4, 17, 'Ibrányi', 'Ibrány-Nagyhalászi', 6842, 60.39),
(122, 'Igal', 5, 16, 'Kaposvári', 'Kaposvári', 1308, 36.06),
(123, 'Isaszeg', 5, 15, 'Gödöllői', 'Gödöllői', 11397, 54.84),
(124, 'Izsák', 5, 1, 'Kiskőrösi', 'Kiskőrösi', 5904, 113.76),
(125, 'Jánoshalma', 4, 1, 'Jánoshalmai', 'Jánoshalmai', 8937, 132.21),
(126, 'Jánosháza', 5, 19, 'Celldömölki', 'Celldömölki', 2401, 23.41),
(127, 'Jánossomorja', 5, 9, 'Mosonmagyaróvári', 'Mosonmagyaróvári', 5912, 148.96),
(128, 'Jászapáti', 4, 12, 'Jászapáti', 'Jászberényi', 8947, 78.16),
(129, 'Jászárokszállás', 5, 12, 'Jászberényi', 'Jászberényi', 7806, 77.17),
(130, 'Jászberény', 4, 12, 'Jászberényi', 'Jászberényi', 26924, 221.35),
(131, 'Jászfényszaru', 5, 12, 'Jászberényi', 'Jászberényi', 5621, 76.16),
(132, 'Jászkisér', 5, 12, 'Jászapáti', 'Jászberényi', 5165, 130.11),
(133, 'Kaba', 5, 10, 'Püspökladányi', 'Püspökladányi', 5932, 95.04),
(134, 'Kadarkút', 5, 16, 'Kaposvári', 'Kadarkúti', 2583, 39.74),
(135, 'Kalocsa', 4, 1, 'Kalocsai', 'Kalocsai', 16959, 53.18),
(136, 'Kaposvár', 2, 16, 'Kaposvári', 'Kaposvári', 67686, 113.59),
(137, 'Kapuvár', 4, 9, 'Kapuvári', 'Kapuvár-Beledi', 10353, 96.05),
(138, 'Karcag', 4, 12, 'Karcagi', 'Karcagi', 19980, 368.63),
(139, 'Kazincbarcika', 4, 4, 'Kazincbarcikai', 'Kazincbarcikai', 28664, 36.67),
(140, 'Kecel', 5, 1, 'Kiskőrösi', 'Kiskőrösi', 8687, 114.48),
(141, 'Kecskemét', 2, 1, 'Kecskeméti', 'Kecskeméti', 114226, 322.57),
(142, 'Kemecse', 4, 17, 'Kemecsei', 'Ibrány-Nagyhalászi', 4736, 38.94),
(143, 'Kenderes', 5, 12, 'Karcagi', 'Karcagi', 4647, 111.24),
(144, 'Kerekegyháza', 5, 1, 'Kecskeméti', 'Kecskeméti', 6300, 81.28),
(145, 'Kerepes', 5, 15, 'Gödöllői', 'Gödöllői', 10087, 24.08),
(146, 'Keszthely', 4, 21, 'Keszthelyi', 'Keszthelyi', 20895, 75.98),
(147, 'Kisbér', 4, 13, 'Kisbéri', 'Kisbéri', 5282, 52.16),
(148, 'Kisköre', 5, 11, 'Hevesi', 'Hevesi', 2653, 68.42),
(149, 'Kiskőrös', 4, 1, 'Kiskőrösi', 'Kiskőrösi', 14259, 102.23),
(150, 'Kiskunfélegyháza', 4, 1, 'Kiskunfélegyházi', 'Kiskunfélegyházai', 29972, 256.3),
(151, 'Kiskunhalas', 4, 1, 'Kiskunhalasi', 'Kiskunhalasi', 28427, 227.58),
(152, 'Kiskunmajsa', 4, 1, 'Kiskunmajsai', 'Kiskunmajsai', 11766, 221.99),
(153, 'Kistarcsa', 5, 15, 'Gödöllői', 'Gödöllői', 11975, 11.02),
(154, 'Kistelek', 4, 6, 'Kisteleki', 'Kisteleki', 7020, 69.19),
(155, 'Kisújszállás', 5, 12, 'Karcagi', 'Karcagi', 11367, 205.27),
(156, 'Kisvárda', 4, 17, 'Kisvárdai', 'Kisvárdai', 16473, 35.91),
(157, 'Komádi', 5, 10, 'Berettyóújfalui', 'Berettyóújfalui', 5172, 144.65),
(158, 'Komárom', 4, 13, 'Komáromi', 'Komáromi', 19729, 70.16),
(159, 'Komló', 4, 2, 'Komlói', 'Komlói', 25020, 46.55),
(160, 'Kondoros', 5, 3, 'Szarvasi', 'Szarvasi', 5201, 81.84),
(161, 'Kozármisleny', 5, 2, 'Pécsi', 'Pécsi', 6109, 14.45),
(162, 'Körmend', 4, 19, 'Körmendi', 'Körmendi', 11676, 52.79),
(163, 'Körösladány', 5, 3, 'Szeghalmi', 'Szeghalomi', 4582, 123.79),
(164, 'Kőszeg', 4, 19, 'Kőszegi', 'Kőszegi', 12055, 54.66),
(165, 'Kunhegyes', 4, 12, 'Kunhegyesi', 'Tiszafüredi', 7483, 148.93),
(166, 'Kunszentmárton', 4, 12, 'Kunszentmártoni', 'Kunszentmártoni', 8373, 143.65),
(167, 'Kunszentmiklós', 4, 1, 'Kunszentmiklósi', 'Kunszentmiklósi', 8515, 172.11),
(168, 'Lábatlan', 5, 13, 'Esztergomi', 'Esztergomi', 4992, 26.35),
(169, 'Lajosmizse', 5, 1, 'Kecskeméti', 'Kecskeméti', 11073, 164.66),
(170, 'Lébény', 5, 9, 'Mosonmagyaróvári', 'Mosonmagyaróvári', 3159, 81.39),
(171, 'Lengyeltóti', 5, 16, 'Fonyódi', 'Lengyeltóti', 3227, 39.57),
(172, 'Lenti', 4, 21, 'Lenti', 'Lenti', 7971, 73.8),
(173, 'Létavértes', 5, 10, 'Derecskei', 'Derecske-Létavértesi', 7090, 116.62),
(174, 'Letenye', 4, 21, 'Letenyei', 'Letenyei', 4053, 41.74),
(175, 'Lőrinci', 5, 11, 'Hatvani', 'Hatvani', 5880, 23.53),
(176, 'Maglód', 5, 15, 'Vecsési', 'Monori', 11989, 22.37),
(177, 'Mágocs', 5, 2, 'Hegyháti', 'Sásdi', 2388, 42.54),
(178, 'Makó', 4, 6, 'Makói', 'Makói', 23573, 229.23),
(179, 'Mándok', 5, 17, 'Záhonyi', 'Záhonyi', 4188, 28.91),
(180, 'Marcali', 4, 16, 'Marcali', 'Marcali', 11567, 104.4),
(181, 'Máriapócs', 5, 17, 'Nyírbátori', 'Nyírbátori', 2042, 22.09),
(182, 'Martfű', 5, 12, 'Szolnoki', 'Szolnoki', 6435, 23.08),
(183, 'Martonvásár', 4, 7, 'Martonvásári', 'Martonvásári', 5811, 31.25),
(184, 'Mátészalka', 4, 17, 'Mátészalkai', 'Mátészalkai', 16957, 41.4),
(185, 'Medgyesegyháza', 5, 3, 'Mezőkovácsházai', 'Mezőkovácsházai', 3691, 64.29),
(186, 'Mélykút', 5, 1, 'Jánoshalmai', 'Jánoshalmai', 5081, 123.46),
(187, 'Mezőberény', 5, 3, 'Békési', 'Békési', 10896, 118.53),
(188, 'Mezőcsát', 4, 4, 'Mezőcsáti', 'Mezőcsáti', 5891, 103.08),
(189, 'Mezőhegyes', 5, 3, 'Mezőkovácsházai', 'Mezőkovácsházai', 4994, 155.44),
(190, 'Mezőkeresztes', 5, 4, 'Mezőkövesdi', 'Mezőkövesdi', 3803, 74.25),
(191, 'Mezőkovácsháza', 4, 3, 'Mezőkovácsházai', 'Mezőkovácsházai', 6049, 62.59),
(192, 'Mezőkövesd', 4, 4, 'Mezőkövesdi', 'Mezőkövesdi', 16538, 100.49),
(193, 'Mezőtúr', 4, 12, 'Mezőtúri', 'Mezőtúri', 17337, 289.72),
(194, 'Mindszent', 5, 6, 'Hódmezővásárhelyi', 'Hódmezővásárhelyi', 6685, 59.35),
(195, 'Miskolc', 2, 4, 'Miskolci', 'Miskolci', 166823, 236.66),
(196, 'Mohács', 4, 2, 'Mohácsi', 'Mohácsi', 18604, 112.23),
(197, 'Monor', 4, 15, 'Monori', 'Monori', 18395, 46.79),
(198, 'Mór', 4, 7, 'Móri', 'Móri', 14255, 108.61),
(199, 'Mórahalom', 4, 6, 'Mórahalmi', 'Mórahalomi', 6067, 83.15),
(200, 'Mosonmagyaróvár', 4, 9, 'Mosonmagyaróvári', 'Mosonmagyaróvári', 32720, 84.11),
(201, 'Nádudvar', 5, 10, 'Hajdúszoboszlói', 'Püspökladányi', 8768, 225.91),
(202, 'Nagyatád', 4, 16, 'Nagyatádi', 'Nagyatádi', 10734, 70.6),
(203, 'Nagybajom', 5, 16, 'Kaposvári', 'Kadarkúti', 3431, 108.06),
(204, 'Nagyecsed', 5, 17, 'Mátészalkai', 'Mátészalkai', 6042, 43.85),
(205, 'Nagyhalász', 5, 17, 'Ibrányi', 'Ibrány-Nagyhalászi', 5589, 44.31),
(206, 'Nagykálló', 4, 17, 'Nagykállói', 'Nagykállói', 9870, 68.52),
(207, 'Nagykanizsa', 3, 21, 'Nagykanizsai', 'Nagykanizsai', 49302, 148.4),
(208, 'Nagykáta', 4, 15, 'Nagykátai', 'Nagykátai', 12563, 81.61),
(209, 'Nagykőrös', 4, 15, 'Nagykőrösi', 'Ceglédi', 24433, 227.94),
(210, 'Nagymányok', 5, 18, 'Bonyhádi', 'Bonyhádi', 2273, 10.68),
(211, 'Nagymaros', 5, 15, 'Szobi', 'Váci', 4770, 34.37),
(212, 'Nyékládháza', 5, 4, 'Miskolci', 'Miskolci', 5001, 24.67),
(213, 'Nyergesújfalu', 5, 13, 'Esztergomi', 'Esztergomi', 7552, 39.5),
(214, 'Nyíradony', 4, 10, 'Nyíradonyi', 'Hajdúhadházi', 7798, 96.59),
(215, 'Nyírbátor', 4, 17, 'Nyírbátori', 'Nyírbátori', 12018, 66.73),
(216, 'Nyíregyháza', 2, 17, 'Nyíregyházi', 'Nyíregyházai', 117658, 274.54),
(217, 'Nyírlugos', 5, 17, 'Nyírbátori', 'Nyírbátori', 2701, 58.38),
(218, 'Nyírmada', 5, 17, 'Vásárosnaményi', 'Baktalórántházai', 4762, 38.8),
(219, 'Nyírtelek', 5, 17, 'Nyíregyházi', 'Nyíregyházai', 6783, 67.92),
(220, 'Ócsa', 5, 15, 'Gyáli', 'Gyáli', 9136, 81.66),
(221, 'Onga', 5, 4, 'Miskolci', 'Miskolci', 4775, 31.49),
(222, 'Orosháza', 4, 3, 'Orosházi', 'Orosházai', 28910, 202.22),
(223, 'Oroszlány', 4, 13, 'Oroszlányi', 'Oroszlányi', 18627, 75.86),
(224, 'Ózd', 4, 4, 'Ózdi', 'Ózdi', 33750, 91.65),
(225, 'Őrbottyán', 5, 15, 'Váci', 'Veresegyházi', 7439, 27.38),
(226, 'Őriszentpéter', 5, 19, 'Körmendi', 'Őriszentpéteri', 1167, 33.56),
(227, 'Örkény', 5, 15, 'Dabasi', 'Dabasi', 4966, 36.44),
(228, 'Pacsa', 5, 21, 'Zalaegerszegi', 'Pacsai', 1758, 22.71),
(229, 'Paks', 4, 18, 'Paksi', 'Paksi', 19510, 154.08),
(230, 'Pálháza', 5, 4, 'Sátoraljaújhelyi', 'Sátoraljaújhelyi', 1000, 6.75),
(231, 'Pannonhalma', 4, 9, 'Pannonhalmi', 'Pannonhalmai', 3937, 29.58),
(232, 'Pápa', 4, 20, 'Pápai', 'Pápai', 32052, 91.62),
(233, 'Pásztó', 4, 14, 'Pásztói', 'Pásztói', 9569, 72.6),
(234, 'Pécel', 5, 15, 'Gödöllői', 'Gödöllői', 15437, 43.63),
(235, 'Pécs', 2, 2, 'Pécsi', 'Pécsi', 156801, 162.77),
(236, 'Pécsvárad', 4, 2, 'Pécsváradi', 'Pécsváradi', 4022, 36.03),
(237, 'Pétervására', 4, 11, 'Pétervásárai', 'Pétervásárai', 2464, 33.87),
(238, 'Pilis', 5, 15, 'Monori', 'Monori', 11460, 47.35),
(239, 'Piliscsaba', 5, 15, 'Pilisvörösvári', 'Pilisvörösvári', 8381, 25.57),
(240, 'Pilisvörösvár', 4, 15, 'Pilisvörösvári', 'Pilisvörösvári', 13768, 24.3),
(241, 'Polgár', 5, 10, 'Hajdúnánási', 'Polgári', 7915, 97.44),
(242, 'Polgárdi', 4, 7, 'Polgárdi', 'Székesfehérvári', 6964, 72.16),
(243, 'Pomáz', 5, 15, 'Szentendrei', 'Szentendrei', 17101, 49.03),
(244, 'Pusztaszabolcs', 5, 7, 'Dunaújvárosi', 'Adonyi', 5997, 51.67),
(245, 'Putnok', 4, 4, 'Putnoki', 'Ózdi', 6634, 34.72),
(246, 'Püspökladány', 4, 10, 'Püspökladányi', 'Püspökladányi', 14698, 186.95),
(247, 'Rácalmás', 5, 7, 'Dunaújvárosi', 'Dunaújvárosi', 4488, 40.64),
(248, 'Ráckeve', 4, 15, 'Ráckevei', 'Ráckevei', 10022, 64.09),
(249, 'Rakamaz', 5, 17, 'Nyíregyházi', 'Tiszavasvári', 4545, 42.64),
(250, 'Rákóczifalva', 5, 12, 'Szolnoki', 'Szolnoki', 5359, 35.94),
(251, 'Répcelak', 5, 19, 'Sárvári', 'Sárvári', 2414, 13.82),
(252, 'Rétság', 4, 14, 'Rétsági', 'Rétsági', 2895, 19.81),
(253, 'Rudabánya', 5, 4, 'Kazincbarcikai', 'Kazincbarcikai', 2488, 16.46),
(254, 'Sajóbábony', 5, 4, 'Miskolci', 'Miskolci', 2782, 13.43),
(255, 'Sajószentpéter', 5, 4, 'Kazincbarcikai', 'Miskolci', 11965, 34.85),
(256, 'Salgótarján', 2, 14, 'Salgótarjáni', 'Salgótarjáni', 36467, 100.83),
(257, 'Sándorfalva', 5, 6, 'Szegedi', 'Szegedi', 7953, 55.77),
(258, 'Sárbogárd', 4, 7, 'Sárbogárdi', 'Sárbogárdi', 12448, 189.33),
(259, 'Sarkad', 4, 3, 'Sarkadi', 'Sarkadi', 10011, 125.57),
(260, 'Sárospatak', 4, 4, 'Sárospataki', 'Sárospataki', 12590, 139.11),
(261, 'Sárvár', 4, 19, 'Sárvári', 'Sárvári', 14764, 64.65),
(262, 'Sásd', 4, 2, 'Hegyháti', 'Sásdi', 3282, 14.88),
(263, 'Sátoraljaújhely', 4, 4, 'Sátoraljaújhelyi', 'Sátoraljaújhelyi', 15355, 73.46),
(264, 'Sellye', 4, 2, 'Sellyei', 'Sellyei', 2752, 25.18),
(265, 'Siklós', 4, 2, 'Siklósi', 'Siklósi', 9631, 50.92),
(266, 'Simontornya', 5, 18, 'Tamási', 'Tamási', 4028, 33.83),
(267, 'Siófok', 4, 16, 'Siófoki', 'Siófoki', 24375, 124.66),
(268, 'Solt', 5, 1, 'Kalocsai', 'Kalocsai', 6285, 132.67),
(269, 'Soltvadkert', 5, 1, 'Kiskőrösi', 'Kiskőrösi', 7433, 108.86),
(270, 'Sopron', 3, 9, 'Soproni', 'Sopron-Fertődi', 61390, 169.01),
(271, 'Sülysáp', 5, 15, 'Nagykátai', 'Nagykátai', 8292, 47.19),
(272, 'Sümeg', 4, 20, 'Sümegi', 'Sümegi', 6190, 64.13),
(273, 'Szabadszállás', 5, 1, 'Kunszentmiklósi', 'Kunszentmiklósi', 5896, 164.62),
(274, 'Szarvas', 4, 3, 'Szarvasi', 'Szarvasi', 17007, 161.57),
(275, 'Százhalombatta', 5, 15, 'Érdi', 'Érdi', 18896, 28.06),
(276, 'Szécsény', 4, 14, 'Szécsényi', 'Szécsényi', 5682, 45.83),
(277, 'Szeged', 2, 6, 'Szegedi', 'Szegedi', 170052, 281),
(278, 'Szeghalom', 4, 3, 'Szeghalmi', 'Szeghalomi', 9115, 217.13),
(279, 'Székesfehérvár', 2, 7, 'Székesfehérvári', 'Székesfehérvári', 101722, 170.89),
(280, 'Szekszárd', 2, 18, 'Szekszárdi', 'Szekszárdi', 33311, 96.28),
(281, 'Szendrő', 5, 4, 'Edelényi', 'Edelényi', 4062, 53.56),
(282, 'Szentendre', 4, 15, 'Szentendrei', 'Szentendrei', 26250, 43.82),
(283, 'Szentes', 4, 6, 'Szentesi', 'Szentesi', 28476, 353.25),
(284, 'Szentgotthárd', 4, 19, 'Szentgotthárdi', 'Szentgotthárdi', 8839, 67.73),
(285, 'Szentlőrinc', 4, 2, 'Szentlőrinci', 'Szentlőrinci', 6848, 27.81),
(286, 'Szerencs', 4, 4, 'Szerencsi', 'Szerencsi', 9100, 36.68),
(287, 'Szigethalom', 5, 15, 'Szigetszentmiklósi', 'Ráckevei', 17436, 9.12),
(288, 'Szigetszentmiklós', 4, 15, 'Szigetszentmiklósi', 'Ráckevei', 34877, 45.65),
(289, 'Szigetvár', 4, 2, 'Szigetvári', 'Szigetvári', 10772, 39.51),
(290, 'Szikszó', 4, 4, 'Szikszói', 'Szikszói', 5348, 36.23),
(291, 'Szob', 4, 15, 'Szobi', 'Szobi', 2915, 17.97),
(292, 'Szolnok', 2, 12, 'Szolnoki', 'Szolnoki', 74341, 187.24),
(293, 'Szombathely', 2, 19, 'Szombathelyi', 'Szombathelyi', 79348, 97.5),
(294, 'Tab', 4, 16, 'Tabi', 'Tabi', 4242, 25.86),
(295, 'Tamási', 4, 18, 'Tamási', 'Tamási', 8389, 111.96),
(296, 'Tápiószele', 5, 15, 'Nagykátai', 'Nagykátai', 6122, 36.99),
(297, 'Tapolca', 4, 20, 'Tapolcai', 'Tapolcai', 15596, 63.46),
(298, 'Tát', 5, 13, 'Esztergomi', 'Esztergomi', 5343, 12.18),
(299, 'Tata', 4, 13, 'Tatai', 'Tatai', 24906, 78.16),
(300, 'Tatabánya', 2, 13, 'Tatabányai', 'Tatabányai', 70003, 91.42),
(301, 'Téglás', 5, 10, 'Hajdúhadházi', 'Hajdúhadházi', 6637, 38.33),
(302, 'Tét', 4, 9, 'Téti', 'Téti', 3877, 56.35),
(303, 'Tiszacsege', 5, 10, 'Balmazújvárosi', 'Balmazújvárosi', 4481, 136.4),
(304, 'Tiszaföldvár', 5, 12, 'Kunszentmártoni', 'Kunszentmártoni', 11120, 80.34),
(305, 'Tiszafüred', 4, 12, 'Tiszafüredi', 'Tiszafüredi', 10694, 162.18),
(306, 'Tiszakécske', 4, 1, 'Tiszakécskei', 'Kecskeméti', 11237, 133.27),
(307, 'Tiszalök', 5, 17, 'Tiszavasvári', 'Tiszavasvári', 5517, 58.72),
(308, 'Tiszaújváros', 4, 4, 'Tiszaújvárosi', 'Tiszaújvárosi', 16557, 46.04),
(309, 'Tiszavasvári', 4, 17, 'Tiszavasvári', 'Tiszavasvári', 12551, 128.53),
(310, 'Tokaj', 4, 4, 'Tokaji', 'Tokaji', 4839, 28.2),
(311, 'Tolna', 4, 18, 'Tolnai', 'Szekszárdi', 11367, 71.07),
(312, 'Tompa', 5, 1, 'Kiskunhalasi', 'Kiskunhalasi', 4543, 81.57),
(313, 'Tótkomlós', 5, 3, 'Orosházi', 'Orosházai', 5780, 125.05),
(314, 'Tököl', 5, 15, 'Szigetszentmiklósi', 'Ráckevei', 10416, 38.49),
(315, 'Törökbálint', 5, 15, 'Érdi', 'Budaörsi', 13587, 29.4),
(316, 'Törökszentmiklós', 4, 12, 'Törökszentmiklósi', 'Törökszentmiklósi', 21043, 185.16),
(317, 'Tura', 5, 15, 'Aszódi', 'Aszódi', 7731, 55.92),
(318, 'Túrkeve', 5, 12, 'Mezőtúri', 'Mezőtúri', 8741, 236.52),
(319, 'Újfehértó', 5, 17, 'Nyíregyházi', 'Nagykállói', 13005, 140.88),
(320, 'Újhartyán', 5, 15, 'Dabasi', 'Dabasi', 2780, 22.43),
(321, 'Újkígyós', 5, 3, 'Békéscsabai', 'Békéscsabai', 5235, 54.92),
(322, 'Újszász', 5, 12, 'Szolnoki', 'Szolnoki', 6360, 58.2),
(323, 'Üllő', 5, 15, 'Vecsési', 'Monori', 11435, 48.1),
(324, 'Vác', 4, 15, 'Váci', 'Váci', 34810, 61.6),
(325, 'Vaja', 5, 17, 'Mátészalkai', 'Mátészalkai', 3545, 28.61),
(326, 'Vámospércs', 5, 10, 'Nyíradonyi', 'Hajdúhadházi', 5263, 58.19),
(327, 'Várpalota', 4, 20, 'Várpalotai', 'Várpalotai', 20305, 77.26),
(328, 'Vásárosnamény', 4, 17, 'Vásárosnaményi', 'Vásárosnaményi', 8670, 65.66),
(329, 'Vasvár', 4, 19, 'Vasvári', 'Vasvári', 4127, 55.1),
(330, 'Vecsés', 4, 15, 'Vecsési', 'Monori', 20910, 36.17),
(331, 'Velence', 5, 7, 'Gárdonyi', 'Gárdonyi', 5359, 33.37),
(332, 'Vép', 5, 19, 'Szombathelyi', 'Szombathelyi', 3358, 32.89),
(333, 'Veresegyház', 5, 15, 'Gödöllői', 'Veresegyházi', 16892, 28.56),
(334, 'Verpelét', 5, 11, 'Egri', 'Egri', 3812, 53.18),
(335, 'Veszprém', 2, 20, 'Veszprémi', 'Veszprémi', 64024, 126.9),
(336, 'Vésztő', 5, 3, 'Szeghalmi', 'Szeghalomi', 6680, 125.7),
(337, 'Villány', 5, 2, 'Siklósi', 'Siklósi', 2474, 22.02),
(338, 'Visegrád', 5, 15, 'Szentendrei', 'Szentendrei', 1863, 33.27),
(339, 'Záhony', 4, 17, 'Záhonyi', 'Záhonyi', 3978, 6.96),
(340, 'Zalaegerszeg', 2, 21, 'Zalaegerszegi', 'Zalaegerszegi', 61849, 102.41),
(341, 'Zalakaros', 5, 21, 'Nagykanizsai', 'Zalakarosi', 1846, 17.17),
(342, 'Zalalövő', 5, 21, 'Zalaegerszegi', 'Zalaegerszegi', 3021, 52.64),
(343, 'Zalaszentgrót', 4, 21, 'Zalaszentgróti', 'Zalaszentgróti', 6473, 74.65),
(344, 'Zamárdi', 5, 16, 'Siófoki', 'Siófoki', 2363, 45.15),
(345, 'Zirc', 4, 20, 'Zirci', 'Zirci', 7096, 37.4),
(346, 'Zsámbék', 5, 15, 'Budakeszi', 'Pilisvörösvári', 5480, 33.66);

-- --------------------------------------------------------

--
-- Table structure for table `varostipus`
--

CREATE TABLE `varostipus` (
  `id` int(11) NOT NULL,
  `vtip` varchar(40) COLLATE utf8mb4_hungarian_ci NOT NULL
) ENGINE=InnoDB DEFAULT CHARSET=utf8mb4 COLLATE=utf8mb4_hungarian_ci;

--
-- Dumping data for table `varostipus`
--

INSERT INTO `varostipus` (`id`, `vtip`) VALUES
(1, 'főváros'),
(2, 'megyeszékhely megyei jogú város'),
(3, 'megyei jogú város'),
(4, 'járásszékhely város'),
(5, 'város');

--
-- Indexes for dumped tables
--

--
-- Indexes for table `megye`
--
ALTER TABLE `megye`
  ADD PRIMARY KEY (`id`);

--
-- Indexes for table `varos`
--
ALTER TABLE `varos`
  ADD PRIMARY KEY (`id`),
  ADD KEY `FK_varos_varostipus` (`vtipid`),
  ADD KEY `FK_varos_megye` (`megyeid`);

--
-- Indexes for table `varostipus`
--
ALTER TABLE `varostipus`
  ADD PRIMARY KEY (`id`);

--
-- Constraints for dumped tables
--

--
-- Constraints for table `varos`
--
ALTER TABLE `varos`
  ADD CONSTRAINT `FK_varos_megye` FOREIGN KEY (`megyeid`) REFERENCES `megye` (`id`),
  ADD CONSTRAINT `FK_varos_varostipus` FOREIGN KEY (`vtipid`) REFERENCES `varostipus` (`id`);
--
-- Database: `webshop`
--
CREATE DATABASE IF NOT EXISTS `webshop` DEFAULT CHARACTER SET utf8mb4 COLLATE utf8mb4_hungarian_ci;
USE `webshop`;

-- --------------------------------------------------------

--
-- Table structure for table `szamlafej`
--

CREATE TABLE `szamlafej` (
  `id` int(11) NOT NULL,
  `szamlaszam` varchar(30) COLLATE utf8mb4_hungarian_ci NOT NULL,
  `kelt` datetime NOT NULL,
  `teljesites` datetime NOT NULL,
  `vevoid` int(11) NOT NULL
) ENGINE=InnoDB DEFAULT CHARSET=utf8mb4 COLLATE=utf8mb4_hungarian_ci;

--
-- Dumping data for table `szamlafej`
--

INSERT INTO `szamlafej` (`id`, `szamlaszam`, `kelt`, `teljesites`, `vevoid`) VALUES
(1, 'SZ-00001/2018', '2018-01-01 00:00:00', '2018-01-01 00:00:00', 13),
(2, 'SZ-00002/2018', '2018-01-01 00:00:00', '2018-01-01 00:00:00', 10),
(3, 'SZ-00003/2018', '2018-01-01 00:00:00', '2018-01-01 00:00:00', 60),
(4, 'SZ-00004/2018', '2018-01-02 00:00:00', '2018-01-02 00:00:00', 1),
(5, 'SZ-00005/2018', '2018-01-02 00:00:00', '2018-01-02 00:00:00', 61),
(6, 'SZ-00006/2018', '2018-01-02 00:00:00', '2018-01-02 00:00:00', 15),
(7, 'SZ-00007/2018', '2018-01-02 00:00:00', '2018-01-02 00:00:00', 84),
(8, 'SZ-00008/2018', '2018-01-02 00:00:00', '2018-01-02 00:00:00', 9),
(9, 'SZ-00009/2018', '2018-01-02 00:00:00', '2018-01-02 00:00:00', 73),
(10, 'SZ-00010/2018', '2018-01-02 00:00:00', '2018-01-02 00:00:00', 2),
(11, 'SZ-00011/2018', '2018-01-02 00:00:00', '2018-01-02 00:00:00', 54),
(12, 'SZ-00012/2018', '2018-01-02 00:00:00', '2018-01-02 00:00:00', 34),
(13, 'SZ-00013/2018', '2018-01-02 00:00:00', '2018-01-02 00:00:00', 53),
(14, 'SZ-00014/2018', '2018-01-02 00:00:00', '2018-01-02 00:00:00', 97),
(15, 'SZ-00015/2018', '2018-01-02 00:00:00', '2018-01-02 00:00:00', 13),
(16, 'SZ-00016/2018', '2018-01-02 00:00:00', '2018-01-02 00:00:00', 10),
(17, 'SZ-00017/2018', '2018-01-02 00:00:00', '2018-01-02 00:00:00', 25),
(18, 'SZ-00018/2018', '2018-01-02 00:00:00', '2018-01-02 00:00:00', 20),
(19, 'SZ-00019/2018', '2018-01-02 00:00:00', '2018-01-02 00:00:00', 77),
(20, 'SZ-00020/2018', '2018-01-02 00:00:00', '2018-01-02 00:00:00', 57),
(21, 'SZ-00021/2018', '2018-01-02 00:00:00', '2018-01-02 00:00:00', 86),
(22, 'SZ-00022/2018', '2018-01-03 00:00:00', '2018-01-03 00:00:00', 16),
(23, 'SZ-00023/2018', '2018-01-03 00:00:00', '2018-01-03 00:00:00', 31),
(24, 'SZ-00024/2018', '2018-01-03 00:00:00', '2018-01-03 00:00:00', 74),
(25, 'SZ-00025/2018', '2018-01-04 00:00:00', '2018-01-04 00:00:00', 15),
(26, 'SZ-00026/2018', '2018-01-04 00:00:00', '2018-01-04 00:00:00', 89),
(27, 'SZ-00027/2018', '2018-01-04 00:00:00', '2018-01-04 00:00:00', 53),
(28, 'SZ-00028/2018', '2018-01-05 00:00:00', '2018-01-05 00:00:00', 3),
(29, 'SZ-00029/2018', '2018-01-05 00:00:00', '2018-01-05 00:00:00', 81),
(30, 'SZ-00030/2018', '2018-01-05 00:00:00', '2018-01-05 00:00:00', 70),
(31, 'SZ-00031/2018', '2018-01-05 00:00:00', '2018-01-05 00:00:00', 56),
(32, 'SZ-00032/2018', '2018-01-05 00:00:00', '2018-01-05 00:00:00', 99),
(33, 'SZ-00033/2018', '2018-01-05 00:00:00', '2018-01-05 00:00:00', 22),
(34, 'SZ-00034/2018', '2018-01-06 00:00:00', '2018-01-06 00:00:00', 14),
(35, 'SZ-00035/2018', '2018-01-06 00:00:00', '2018-01-06 00:00:00', 46),
(36, 'SZ-00036/2018', '2018-01-06 00:00:00', '2018-01-06 00:00:00', 91),
(37, 'SZ-00037/2018', '2018-01-06 00:00:00', '2018-01-06 00:00:00', 34),
(38, 'SZ-00038/2018', '2018-01-07 00:00:00', '2018-01-07 00:00:00', 86),
(39, 'SZ-00039/2018', '2018-01-07 00:00:00', '2018-01-07 00:00:00', 93),
(40, 'SZ-00040/2018', '2018-01-07 00:00:00', '2018-01-07 00:00:00', 92),
(41, 'SZ-00041/2018', '2018-01-07 00:00:00', '2018-01-07 00:00:00', 21),
(42, 'SZ-00042/2018', '2018-01-07 00:00:00', '2018-01-07 00:00:00', 3),
(43, 'SZ-00043/2018', '2018-01-07 00:00:00', '2018-01-07 00:00:00', 70),
(44, 'SZ-00044/2018', '2018-01-07 00:00:00', '2018-01-07 00:00:00', 42),
(45, 'SZ-00045/2018', '2018-01-07 00:00:00', '2018-01-07 00:00:00', 18),
(46, 'SZ-00046/2018', '2018-01-08 00:00:00', '2018-01-08 00:00:00', 16),
(47, 'SZ-00047/2018', '2018-01-09 00:00:00', '2018-01-09 00:00:00', 30),
(48, 'SZ-00048/2018', '2018-01-09 00:00:00', '2018-01-09 00:00:00', 18),
(49, 'SZ-00049/2018', '2018-01-09 00:00:00', '2018-01-09 00:00:00', 14),
(50, 'SZ-00050/2018', '2018-01-09 00:00:00', '2018-01-09 00:00:00', 17),
(51, 'SZ-00051/2018', '2018-01-09 00:00:00', '2018-01-09 00:00:00', 5),
(52, 'SZ-00052/2018', '2018-01-09 00:00:00', '2018-01-09 00:00:00', 25),
(53, 'SZ-00053/2018', '2018-01-09 00:00:00', '2018-01-09 00:00:00', 31),
(54, 'SZ-00054/2018', '2018-01-09 00:00:00', '2018-01-09 00:00:00', 12),
(55, 'SZ-00055/2018', '2018-01-09 00:00:00', '2018-01-09 00:00:00', 93),
(56, 'SZ-00056/2018', '2018-01-09 00:00:00', '2018-01-09 00:00:00', 73),
(57, 'SZ-00057/2018', '2018-01-09 00:00:00', '2018-01-09 00:00:00', 93),
(58, 'SZ-00058/2018', '2018-01-09 00:00:00', '2018-01-09 00:00:00', 40),
(59, 'SZ-00059/2018', '2018-01-10 00:00:00', '2018-01-10 00:00:00', 57),
(60, 'SZ-00060/2018', '2018-01-10 00:00:00', '2018-01-10 00:00:00', 43),
(61, 'SZ-00061/2018', '2018-01-10 00:00:00', '2018-01-10 00:00:00', 13),
(62, 'SZ-00062/2018', '2018-01-10 00:00:00', '2018-01-10 00:00:00', 17),
(63, 'SZ-00063/2018', '2018-01-11 00:00:00', '2018-01-11 00:00:00', 67),
(64, 'SZ-00064/2018', '2018-01-11 00:00:00', '2018-01-11 00:00:00', 16),
(65, 'SZ-00065/2018', '2018-01-11 00:00:00', '2018-01-11 00:00:00', 88),
(66, 'SZ-00066/2018', '2018-01-11 00:00:00', '2018-01-11 00:00:00', 76),
(67, 'SZ-00067/2018', '2018-01-11 00:00:00', '2018-01-11 00:00:00', 31),
(68, 'SZ-00068/2018', '2018-01-12 00:00:00', '2018-01-12 00:00:00', 38),
(69, 'SZ-00069/2018', '2018-01-12 00:00:00', '2018-01-12 00:00:00', 89),
(70, 'SZ-00070/2018', '2018-01-13 00:00:00', '2018-01-13 00:00:00', 4),
(71, 'SZ-00071/2018', '2018-01-13 00:00:00', '2018-01-13 00:00:00', 85),
(72, 'SZ-00072/2018', '2018-01-13 00:00:00', '2018-01-13 00:00:00', 46),
(73, 'SZ-00073/2018', '2018-01-14 00:00:00', '2018-01-14 00:00:00', 79),
(74, 'SZ-00074/2018', '2018-01-14 00:00:00', '2018-01-14 00:00:00', 26),
(75, 'SZ-00075/2018', '2018-01-14 00:00:00', '2018-01-14 00:00:00', 80),
(76, 'SZ-00076/2018', '2018-01-15 00:00:00', '2018-01-15 00:00:00', 88),
(77, 'SZ-00077/2018', '2018-01-16 00:00:00', '2018-01-16 00:00:00', 40),
(78, 'SZ-00078/2018', '2018-01-16 00:00:00', '2018-01-16 00:00:00', 47),
(79, 'SZ-00079/2018', '2018-01-16 00:00:00', '2018-01-16 00:00:00', 83),
(80, 'SZ-00080/2018', '2018-01-16 00:00:00', '2018-01-16 00:00:00', 17),
(81, 'SZ-00081/2018', '2018-01-16 00:00:00', '2018-01-16 00:00:00', 86),
(82, 'SZ-00082/2018', '2018-01-16 00:00:00', '2018-01-16 00:00:00', 60),
(83, 'SZ-00083/2018', '2018-01-16 00:00:00', '2018-01-16 00:00:00', 2),
(84, 'SZ-00084/2018', '2018-01-17 00:00:00', '2018-01-17 00:00:00', 38),
(85, 'SZ-00085/2018', '2018-01-17 00:00:00', '2018-01-17 00:00:00', 8),
(86, 'SZ-00086/2018', '2018-01-17 00:00:00', '2018-01-17 00:00:00', 82),
(87, 'SZ-00087/2018', '2018-01-17 00:00:00', '2018-01-17 00:00:00', 4),
(88, 'SZ-00088/2018', '2018-01-17 00:00:00', '2018-01-17 00:00:00', 70),
(89, 'SZ-00089/2018', '2018-01-17 00:00:00', '2018-01-17 00:00:00', 58),
(90, 'SZ-00090/2018', '2018-01-17 00:00:00', '2018-01-17 00:00:00', 35),
(91, 'SZ-00091/2018', '2018-01-17 00:00:00', '2018-01-17 00:00:00', 20),
(92, 'SZ-00092/2018', '2018-01-17 00:00:00', '2018-01-17 00:00:00', 17),
(93, 'SZ-00093/2018', '2018-01-17 00:00:00', '2018-01-17 00:00:00', 100),
(94, 'SZ-00094/2018', '2018-01-17 00:00:00', '2018-01-17 00:00:00', 53),
(95, 'SZ-00095/2018', '2018-01-17 00:00:00', '2018-01-17 00:00:00', 24),
(96, 'SZ-00096/2018', '2018-01-17 00:00:00', '2018-01-17 00:00:00', 55),
(97, 'SZ-00097/2018', '2018-01-17 00:00:00', '2018-01-17 00:00:00', 60),
(98, 'SZ-00098/2018', '2018-01-17 00:00:00', '2018-01-17 00:00:00', 65),
(99, 'SZ-00099/2018', '2018-01-17 00:00:00', '2018-01-17 00:00:00', 41),
(100, 'SZ-00100/2018', '2018-01-18 00:00:00', '2018-01-18 00:00:00', 75),
(101, 'SZ-00101/2018', '2018-01-18 00:00:00', '2018-01-18 00:00:00', 68),
(102, 'SZ-00102/2018', '2018-01-19 00:00:00', '2018-01-19 00:00:00', 1),
(103, 'SZ-00103/2018', '2018-01-19 00:00:00', '2018-01-19 00:00:00', 25),
(104, 'SZ-00104/2018', '2018-01-19 00:00:00', '2018-01-19 00:00:00', 7),
(105, 'SZ-00105/2018', '2018-01-19 00:00:00', '2018-01-19 00:00:00', 29),
(106, 'SZ-00106/2018', '2018-01-19 00:00:00', '2018-01-19 00:00:00', 12),
(107, 'SZ-00107/2018', '2018-01-19 00:00:00', '2018-01-19 00:00:00', 83),
(108, 'SZ-00108/2018', '2018-01-19 00:00:00', '2018-01-19 00:00:00', 37),
(109, 'SZ-00109/2018', '2018-01-19 00:00:00', '2018-01-19 00:00:00', 12),
(110, 'SZ-00110/2018', '2018-01-19 00:00:00', '2018-01-19 00:00:00', 92),
(111, 'SZ-00111/2018', '2018-01-20 00:00:00', '2018-01-20 00:00:00', 43),
(112, 'SZ-00112/2018', '2018-01-20 00:00:00', '2018-01-20 00:00:00', 49),
(113, 'SZ-00113/2018', '2018-01-20 00:00:00', '2018-01-20 00:00:00', 38),
(114, 'SZ-00114/2018', '2018-01-20 00:00:00', '2018-01-20 00:00:00', 4),
(115, 'SZ-00115/2018', '2018-01-20 00:00:00', '2018-01-20 00:00:00', 10),
(116, 'SZ-00116/2018', '2018-01-20 00:00:00', '2018-01-20 00:00:00', 26),
(117, 'SZ-00117/2018', '2018-01-20 00:00:00', '2018-01-20 00:00:00', 96),
(118, 'SZ-00118/2018', '2018-01-20 00:00:00', '2018-01-20 00:00:00', 73),
(119, 'SZ-00119/2018', '2018-01-21 00:00:00', '2018-01-21 00:00:00', 74),
(120, 'SZ-00120/2018', '2018-01-21 00:00:00', '2018-01-21 00:00:00', 2),
(121, 'SZ-00121/2018', '2018-01-22 00:00:00', '2018-01-22 00:00:00', 89),
(122, 'SZ-00122/2018', '2018-01-22 00:00:00', '2018-01-22 00:00:00', 16),
(123, 'SZ-00123/2018', '2018-01-22 00:00:00', '2018-01-22 00:00:00', 6),
(124, 'SZ-00124/2018', '2018-01-22 00:00:00', '2018-01-22 00:00:00', 47),
(125, 'SZ-00125/2018', '2018-01-22 00:00:00', '2018-01-22 00:00:00', 63),
(126, 'SZ-00126/2018', '2018-01-22 00:00:00', '2018-01-22 00:00:00', 12),
(127, 'SZ-00127/2018', '2018-01-22 00:00:00', '2018-01-22 00:00:00', 20),
(128, 'SZ-00128/2018', '2018-01-22 00:00:00', '2018-01-22 00:00:00', 70),
(129, 'SZ-00129/2018', '2018-01-22 00:00:00', '2018-01-22 00:00:00', 53),
(130, 'SZ-00130/2018', '2018-01-23 00:00:00', '2018-01-23 00:00:00', 71),
(131, 'SZ-00131/2018', '2018-01-23 00:00:00', '2018-01-23 00:00:00', 86),
(132, 'SZ-00132/2018', '2018-01-23 00:00:00', '2018-01-23 00:00:00', 26),
(133, 'SZ-00133/2018', '2018-01-23 00:00:00', '2018-01-23 00:00:00', 40),
(134, 'SZ-00134/2018', '2018-01-23 00:00:00', '2018-01-23 00:00:00', 70),
(135, 'SZ-00135/2018', '2018-01-24 00:00:00', '2018-01-24 00:00:00', 65),
(136, 'SZ-00136/2018', '2018-01-24 00:00:00', '2018-01-24 00:00:00', 92),
(137, 'SZ-00137/2018', '2018-01-24 00:00:00', '2018-01-24 00:00:00', 96),
(138, 'SZ-00138/2018', '2018-01-24 00:00:00', '2018-01-24 00:00:00', 63),
(139, 'SZ-00139/2018', '2018-01-24 00:00:00', '2018-01-24 00:00:00', 37),
(140, 'SZ-00140/2018', '2018-01-24 00:00:00', '2018-01-24 00:00:00', 28),
(141, 'SZ-00141/2018', '2018-01-24 00:00:00', '2018-01-24 00:00:00', 12),
(142, 'SZ-00142/2018', '2018-01-24 00:00:00', '2018-01-24 00:00:00', 39),
(143, 'SZ-00143/2018', '2018-01-24 00:00:00', '2018-01-24 00:00:00', 15),
(144, 'SZ-00144/2018', '2018-01-24 00:00:00', '2018-01-24 00:00:00', 51),
(145, 'SZ-00145/2018', '2018-01-24 00:00:00', '2018-01-24 00:00:00', 42),
(146, 'SZ-00146/2018', '2018-01-24 00:00:00', '2018-01-24 00:00:00', 90),
(147, 'SZ-00147/2018', '2018-01-25 00:00:00', '2018-01-25 00:00:00', 18),
(148, 'SZ-00148/2018', '2018-01-25 00:00:00', '2018-01-25 00:00:00', 91),
(149, 'SZ-00149/2018', '2018-01-25 00:00:00', '2018-01-25 00:00:00', 76),
(150, 'SZ-00150/2018', '2018-01-25 00:00:00', '2018-01-25 00:00:00', 10),
(151, 'SZ-00151/2018', '2018-01-25 00:00:00', '2018-01-25 00:00:00', 84),
(152, 'SZ-00152/2018', '2018-01-25 00:00:00', '2018-01-25 00:00:00', 34),
(153, 'SZ-00153/2018', '2018-01-25 00:00:00', '2018-01-25 00:00:00', 14),
(154, 'SZ-00154/2018', '2018-01-25 00:00:00', '2018-01-25 00:00:00', 68),
(155, 'SZ-00155/2018', '2018-01-25 00:00:00', '2018-01-25 00:00:00', 19),
(156, 'SZ-00156/2018', '2018-01-25 00:00:00', '2018-01-25 00:00:00', 29),
(157, 'SZ-00157/2018', '2018-01-25 00:00:00', '2018-01-25 00:00:00', 90),
(158, 'SZ-00158/2018', '2018-01-25 00:00:00', '2018-01-25 00:00:00', 12),
(159, 'SZ-00159/2018', '2018-01-25 00:00:00', '2018-01-25 00:00:00', 16),
(160, 'SZ-00160/2018', '2018-01-25 00:00:00', '2018-01-25 00:00:00', 97),
(161, 'SZ-00161/2018', '2018-01-25 00:00:00', '2018-01-25 00:00:00', 40),
(162, 'SZ-00162/2018', '2018-01-25 00:00:00', '2018-01-25 00:00:00', 77),
(163, 'SZ-00163/2018', '2018-01-26 00:00:00', '2018-01-26 00:00:00', 54),
(164, 'SZ-00164/2018', '2018-01-26 00:00:00', '2018-01-26 00:00:00', 27),
(165, 'SZ-00165/2018', '2018-01-26 00:00:00', '2018-01-26 00:00:00', 98),
(166, 'SZ-00166/2018', '2018-01-26 00:00:00', '2018-01-26 00:00:00', 66),
(167, 'SZ-00167/2018', '2018-01-26 00:00:00', '2018-01-26 00:00:00', 93),
(168, 'SZ-00168/2018', '2018-01-27 00:00:00', '2018-01-27 00:00:00', 100),
(169, 'SZ-00169/2018', '2018-01-27 00:00:00', '2018-01-27 00:00:00', 38),
(170, 'SZ-00170/2018', '2018-01-27 00:00:00', '2018-01-27 00:00:00', 54),
(171, 'SZ-00171/2018', '2018-01-27 00:00:00', '2018-01-27 00:00:00', 66),
(172, 'SZ-00172/2018', '2018-01-27 00:00:00', '2018-01-27 00:00:00', 96),
(173, 'SZ-00173/2018', '2018-01-27 00:00:00', '2018-01-27 00:00:00', 96),
(174, 'SZ-00174/2018', '2018-01-27 00:00:00', '2018-01-27 00:00:00', 21),
(175, 'SZ-00175/2018', '2018-01-27 00:00:00', '2018-01-27 00:00:00', 100),
(176, 'SZ-00176/2018', '2018-01-27 00:00:00', '2018-01-27 00:00:00', 51),
(177, 'SZ-00177/2018', '2018-01-27 00:00:00', '2018-01-27 00:00:00', 3),
(178, 'SZ-00178/2018', '2018-01-27 00:00:00', '2018-01-27 00:00:00', 13),
(179, 'SZ-00179/2018', '2018-01-27 00:00:00', '2018-01-27 00:00:00', 59),
(180, 'SZ-00180/2018', '2018-01-27 00:00:00', '2018-01-27 00:00:00', 39),
(181, 'SZ-00181/2018', '2018-01-27 00:00:00', '2018-01-27 00:00:00', 80),
(182, 'SZ-00182/2018', '2018-01-27 00:00:00', '2018-01-27 00:00:00', 84),
(183, 'SZ-00183/2018', '2018-01-27 00:00:00', '2018-01-27 00:00:00', 9),
(184, 'SZ-00184/2018', '2018-01-27 00:00:00', '2018-01-27 00:00:00', 82),
(185, 'SZ-00185/2018', '2018-01-27 00:00:00', '2018-01-27 00:00:00', 71),
(186, 'SZ-00186/2018', '2018-01-27 00:00:00', '2018-01-27 00:00:00', 87),
(187, 'SZ-00187/2018', '2018-01-28 00:00:00', '2018-01-28 00:00:00', 40),
(188, 'SZ-00188/2018', '2018-01-28 00:00:00', '2018-01-28 00:00:00', 11),
(189, 'SZ-00189/2018', '2018-01-28 00:00:00', '2018-01-28 00:00:00', 40),
(190, 'SZ-00190/2018', '2018-01-28 00:00:00', '2018-01-28 00:00:00', 75),
(191, 'SZ-00191/2018', '2018-01-28 00:00:00', '2018-01-28 00:00:00', 2),
(192, 'SZ-00192/2018', '2018-01-28 00:00:00', '2018-01-28 00:00:00', 94),
(193, 'SZ-00193/2018', '2018-01-28 00:00:00', '2018-01-28 00:00:00', 54),
(194, 'SZ-00194/2018', '2018-01-29 00:00:00', '2018-01-29 00:00:00', 81),
(195, 'SZ-00195/2018', '2018-01-29 00:00:00', '2018-01-29 00:00:00', 50),
(196, 'SZ-00196/2018', '2018-01-29 00:00:00', '2018-01-29 00:00:00', 92),
(197, 'SZ-00197/2018', '2018-01-29 00:00:00', '2018-01-29 00:00:00', 45),
(198, 'SZ-00198/2018', '2018-01-30 00:00:00', '2018-01-30 00:00:00', 36),
(199, 'SZ-00199/2018', '2018-01-31 00:00:00', '2018-01-31 00:00:00', 68),
(200, 'SZ-00200/2018', '2018-01-31 00:00:00', '2018-01-31 00:00:00', 5);

-- --------------------------------------------------------

--
-- Table structure for table `szamlatetel`
--

CREATE TABLE `szamlatetel` (
  `id` int(11) NOT NULL,
  `szamlafejid` int(11) NOT NULL,
  `termekid` int(11) NOT NULL,
  `mennyiseg` int(11) NOT NULL,
  `mennyisegiegyseg` varchar(20) COLLATE utf8mb4_hungarian_ci NOT NULL,
  `bruttoegysegar` decimal(10,0) NOT NULL,
  `afaszazalek` int(11) NOT NULL
) ENGINE=InnoDB DEFAULT CHARSET=utf8mb4 COLLATE=utf8mb4_hungarian_ci;

--
-- Dumping data for table `szamlatetel`
--

INSERT INTO `szamlatetel` (`id`, `szamlafejid`, `termekid`, `mennyiseg`, `mennyisegiegyseg`, `bruttoegysegar`, `afaszazalek`) VALUES
(1, 1, 17, 1, 'db', '9800', 27),
(2, 1, 19, 2, 'db', '19900', 27),
(3, 2, 13, 2, 'db', '3000', 27),
(4, 3, 1, 4, 'db', '3000', 27),
(5, 3, 3, 4, 'db', '10000', 27),
(6, 3, 4, 5, 'db', '3500', 27),
(7, 3, 6, 3, 'db', '6250', 27),
(8, 3, 10, 5, 'db', '2500', 27),
(9, 3, 12, 7, 'db', '1500', 27),
(10, 3, 16, 1, 'db', '1500', 27),
(11, 3, 17, 1, 'db', '9800', 27),
(12, 4, 3, 3, 'db', '10000', 27),
(13, 4, 6, 2, 'db', '6250', 27),
(14, 4, 7, 1, 'db', '7500', 27),
(15, 4, 8, 2, 'db', '8200', 27),
(16, 4, 14, 3, 'db', '5500', 27),
(17, 4, 20, 1, 'db', '600', 27),
(18, 5, 17, 2, 'db', '9800', 27),
(19, 6, 6, 1, 'db', '6250', 27),
(20, 6, 20, 1, 'db', '600', 27),
(21, 7, 6, 1, 'db', '6250', 27),
(22, 7, 9, 2, 'db', '1200', 27),
(23, 8, 4, 4, 'db', '3500', 27),
(24, 8, 19, 3, 'db', '19900', 27),
(25, 9, 2, 1, 'db', '14500', 27),
(26, 9, 6, 5, 'db', '6250', 27),
(27, 9, 10, 1, 'db', '2500', 27),
(28, 9, 11, 1, 'db', '2500', 27),
(29, 9, 20, 2, 'db', '600', 27),
(30, 10, 8, 2, 'db', '8200', 27),
(31, 10, 13, 3, 'db', '3000', 27),
(32, 10, 15, 2, 'db', '6000', 27),
(33, 10, 17, 1, 'db', '9800', 27),
(34, 11, 4, 5, 'db', '3500', 27),
(35, 12, 2, 1, 'db', '14500', 27),
(36, 12, 6, 1, 'db', '6250', 27),
(37, 13, 2, 1, 'db', '14500', 27),
(38, 13, 4, 3, 'db', '3500', 27),
(39, 13, 5, 10, 'db', '4000', 27),
(40, 13, 9, 4, 'db', '1200', 27),
(41, 13, 11, 1, 'db', '2500', 27),
(42, 13, 15, 3, 'db', '6000', 27),
(43, 13, 17, 1, 'db', '9800', 27),
(44, 13, 20, 6, 'db', '600', 27),
(45, 14, 14, 1, 'db', '5500', 27),
(46, 14, 20, 5, 'db', '600', 27),
(47, 15, 1, 4, 'db', '3000', 27),
(48, 15, 4, 1, 'db', '3500', 27),
(49, 15, 8, 1, 'db', '8200', 27),
(50, 15, 11, 1, 'db', '2500', 27),
(51, 15, 15, 3, 'db', '6000', 27),
(52, 16, 5, 5, 'db', '4000', 27),
(53, 16, 9, 2, 'db', '1200', 27),
(54, 16, 12, 7, 'db', '1500', 27),
(55, 16, 19, 1, 'db', '19900', 27),
(56, 17, 7, 2, 'db', '7500', 27),
(57, 17, 14, 1, 'db', '5500', 27),
(58, 18, 15, 2, 'db', '6000', 27),
(59, 18, 18, 2, 'db', '3500', 27),
(60, 18, 19, 3, 'db', '19900', 27),
(61, 19, 16, 1, 'db', '1500', 27),
(62, 20, 2, 2, 'db', '14500', 27),
(63, 20, 11, 3, 'db', '2500', 27),
(64, 21, 3, 1, 'db', '10000', 27),
(65, 21, 5, 1, 'db', '4000', 27),
(66, 21, 6, 1, 'db', '6250', 27),
(67, 21, 10, 3, 'db', '2500', 27),
(68, 21, 11, 1, 'db', '2500', 27),
(69, 21, 14, 1, 'db', '5500', 27),
(70, 22, 13, 3, 'db', '3000', 27),
(71, 22, 20, 1, 'db', '600', 27),
(72, 23, 3, 1, 'db', '10000', 27),
(73, 23, 7, 1, 'db', '7500', 27),
(74, 23, 15, 1, 'db', '6000', 27),
(75, 24, 3, 1, 'db', '10000', 27),
(76, 25, 6, 1, 'db', '6250', 27),
(77, 26, 3, 1, 'db', '10000', 27),
(78, 26, 7, 1, 'db', '7500', 27),
(79, 26, 8, 1, 'db', '8200', 27),
(80, 26, 14, 1, 'db', '5500', 27),
(81, 27, 9, 2, 'db', '1200', 27),
(82, 27, 18, 1, 'db', '3500', 27),
(83, 28, 2, 2, 'db', '14500', 27),
(84, 28, 10, 4, 'db', '2500', 27),
(85, 29, 3, 2, 'db', '10000', 27),
(86, 29, 4, 2, 'db', '3500', 27),
(87, 29, 8, 4, 'db', '8200', 27),
(88, 29, 12, 1, 'db', '1500', 27),
(89, 29, 18, 1, 'db', '3500', 27),
(90, 29, 19, 3, 'db', '19900', 27),
(91, 29, 20, 5, 'db', '600', 27),
(92, 30, 10, 2, 'db', '2500', 27),
(93, 30, 15, 3, 'db', '6000', 27),
(94, 31, 2, 2, 'db', '14500', 27),
(95, 31, 4, 3, 'db', '3500', 27),
(96, 31, 9, 2, 'db', '1200', 27),
(97, 31, 14, 4, 'db', '5500', 27),
(98, 32, 5, 4, 'db', '4000', 27),
(99, 32, 8, 2, 'db', '8200', 27),
(100, 32, 11, 4, 'db', '2500', 27),
(101, 32, 13, 1, 'db', '3000', 27),
(102, 32, 16, 4, 'db', '1500', 27),
(103, 33, 9, 1, 'db', '1200', 27),
(104, 33, 16, 6, 'db', '1500', 27),
(105, 34, 13, 2, 'db', '3000', 27),
(106, 35, 1, 3, 'db', '3000', 27),
(107, 35, 3, 1, 'db', '10000', 27),
(108, 35, 5, 9, 'db', '4000', 27),
(109, 35, 6, 2, 'db', '6250', 27),
(110, 35, 10, 5, 'db', '2500', 27),
(111, 35, 13, 1, 'db', '3000', 27),
(112, 35, 14, 1, 'db', '5500', 27),
(113, 35, 17, 2, 'db', '9800', 27),
(114, 35, 18, 1, 'db', '3500', 27),
(115, 35, 19, 2, 'db', '19900', 27),
(116, 35, 20, 4, 'db', '600', 27),
(117, 36, 6, 1, 'db', '6250', 27),
(118, 36, 9, 3, 'db', '1200', 27),
(119, 36, 10, 1, 'db', '2500', 27),
(120, 36, 16, 3, 'db', '1500', 27),
(121, 37, 11, 3, 'db', '2500', 27),
(122, 38, 8, 1, 'db', '8200', 27),
(123, 38, 11, 1, 'db', '2500', 27),
(124, 39, 8, 2, 'db', '8200', 27),
(125, 40, 1, 3, 'db', '3000', 27),
(126, 40, 2, 3, 'db', '14500', 27),
(127, 40, 5, 5, 'db', '4000', 27),
(128, 40, 6, 1, 'db', '6250', 27),
(129, 40, 9, 3, 'db', '1200', 27),
(130, 40, 10, 1, 'db', '2500', 27),
(131, 40, 12, 5, 'db', '1500', 27),
(132, 40, 19, 6, 'db', '19900', 27),
(133, 41, 3, 1, 'db', '10000', 27),
(134, 41, 6, 2, 'db', '6250', 27),
(135, 41, 17, 2, 'db', '9800', 27),
(136, 41, 18, 3, 'db', '3500', 27),
(137, 42, 3, 1, 'db', '10000', 27),
(138, 43, 4, 7, 'db', '3500', 27),
(139, 43, 8, 2, 'db', '8200', 27),
(140, 43, 10, 1, 'db', '2500', 27),
(141, 43, 14, 1, 'db', '5500', 27),
(142, 44, 2, 1, 'db', '14500', 27),
(143, 44, 18, 1, 'db', '3500', 27),
(144, 45, 2, 2, 'db', '14500', 27),
(145, 45, 8, 2, 'db', '8200', 27),
(146, 46, 1, 2, 'db', '3000', 27),
(147, 46, 3, 1, 'db', '10000', 27),
(148, 46, 5, 2, 'db', '4000', 27),
(149, 46, 10, 3, 'db', '2500', 27),
(150, 46, 11, 6, 'db', '2500', 27),
(151, 46, 12, 8, 'db', '1500', 27),
(152, 47, 4, 2, 'db', '3500', 27),
(153, 47, 6, 2, 'db', '6250', 27),
(154, 47, 9, 3, 'db', '1200', 27),
(155, 47, 16, 2, 'db', '1500', 27),
(156, 47, 20, 6, 'db', '600', 27),
(157, 48, 10, 2, 'db', '2500', 27),
(158, 49, 4, 1, 'db', '3500', 27),
(159, 49, 10, 1, 'db', '2500', 27),
(160, 49, 11, 1, 'db', '2500', 27),
(161, 49, 16, 1, 'db', '1500', 27),
(162, 49, 17, 1, 'db', '9800', 27),
(163, 50, 15, 3, 'db', '6000', 27),
(164, 51, 12, 7, 'db', '1500', 27),
(165, 52, 3, 1, 'db', '10000', 27),
(166, 52, 4, 1, 'db', '3500', 27),
(167, 53, 2, 1, 'db', '14500', 27),
(168, 53, 6, 1, 'db', '6250', 27),
(169, 53, 8, 1, 'db', '8200', 27),
(170, 53, 17, 1, 'db', '9800', 27),
(171, 54, 5, 2, 'db', '4000', 27),
(172, 54, 7, 1, 'db', '7500', 27),
(173, 54, 8, 2, 'db', '8200', 27),
(174, 54, 9, 4, 'db', '1200', 27),
(175, 54, 10, 2, 'db', '2500', 27),
(176, 55, 5, 1, 'db', '4000', 27),
(177, 56, 6, 1, 'db', '6250', 27),
(178, 57, 4, 5, 'db', '3500', 27),
(179, 57, 17, 1, 'db', '9800', 27),
(180, 58, 1, 4, 'db', '3000', 27),
(181, 58, 4, 4, 'db', '3500', 27),
(182, 58, 5, 2, 'db', '4000', 27),
(183, 58, 6, 1, 'db', '6250', 27),
(184, 58, 7, 1, 'db', '7500', 27),
(185, 58, 8, 2, 'db', '8200', 27),
(186, 58, 12, 4, 'db', '1500', 27),
(187, 58, 13, 1, 'db', '3000', 27),
(188, 58, 14, 2, 'db', '5500', 27),
(189, 58, 16, 3, 'db', '1500', 27),
(190, 59, 1, 4, 'db', '3000', 27),
(191, 59, 6, 2, 'db', '6250', 27),
(192, 59, 10, 3, 'db', '2500', 27),
(193, 59, 19, 2, 'db', '19900', 27),
(194, 60, 9, 2, 'db', '1200', 27),
(195, 60, 10, 4, 'db', '2500', 27),
(196, 60, 20, 1, 'db', '600', 27),
(197, 61, 17, 1, 'db', '9800', 27),
(198, 61, 20, 4, 'db', '600', 27),
(199, 62, 14, 2, 'db', '5500', 27),
(200, 62, 20, 1, 'db', '600', 27),
(201, 63, 5, 5, 'db', '4000', 27),
(202, 64, 5, 5, 'db', '4000', 27),
(203, 64, 14, 2, 'db', '5500', 27),
(204, 65, 4, 4, 'db', '3500', 27),
(205, 65, 9, 2, 'db', '1200', 27),
(206, 66, 8, 1, 'db', '8200', 27),
(207, 66, 15, 4, 'db', '6000', 27),
(208, 66, 16, 1, 'db', '1500', 27),
(209, 66, 17, 1, 'db', '9800', 27),
(210, 67, 11, 1, 'db', '2500', 27),
(211, 68, 9, 4, 'db', '1200', 27),
(212, 68, 11, 4, 'db', '2500', 27),
(213, 69, 2, 1, 'db', '14500', 27),
(214, 69, 9, 3, 'db', '1200', 27),
(215, 70, 11, 3, 'db', '2500', 27),
(216, 70, 14, 1, 'db', '5500', 27),
(217, 70, 17, 2, 'db', '9800', 27),
(218, 71, 7, 1, 'db', '7500', 27),
(219, 71, 8, 1, 'db', '8200', 27),
(220, 71, 11, 1, 'db', '2500', 27),
(221, 71, 12, 9, 'db', '1500', 27),
(222, 72, 2, 1, 'db', '14500', 27),
(223, 72, 13, 1, 'db', '3000', 27),
(224, 73, 4, 5, 'db', '3500', 27),
(225, 73, 8, 2, 'db', '8200', 27),
(226, 73, 13, 1, 'db', '3000', 27),
(227, 73, 20, 2, 'db', '600', 27),
(228, 74, 13, 1, 'db', '3000', 27),
(229, 75, 7, 2, 'db', '7500', 27),
(230, 75, 9, 3, 'db', '1200', 27),
(231, 75, 11, 3, 'db', '2500', 27),
(232, 76, 4, 3, 'db', '3500', 27),
(233, 76, 7, 1, 'db', '7500', 27),
(234, 76, 11, 1, 'db', '2500', 27),
(235, 76, 13, 2, 'db', '3000', 27),
(236, 76, 17, 1, 'db', '9800', 27),
(237, 77, 3, 1, 'db', '10000', 27),
(238, 77, 15, 1, 'db', '6000', 27),
(239, 78, 4, 4, 'db', '3500', 27),
(240, 78, 9, 4, 'db', '1200', 27),
(241, 78, 13, 2, 'db', '3000', 27),
(242, 78, 18, 1, 'db', '3500', 27),
(243, 79, 2, 1, 'db', '14500', 27),
(244, 79, 3, 1, 'db', '10000', 27),
(245, 79, 12, 8, 'db', '1500', 27),
(246, 79, 13, 3, 'db', '3000', 27),
(247, 79, 19, 2, 'db', '19900', 27),
(248, 80, 4, 2, 'db', '3500', 27),
(249, 80, 6, 2, 'db', '6250', 27),
(250, 80, 14, 2, 'db', '5500', 27),
(251, 80, 16, 3, 'db', '1500', 27),
(252, 80, 17, 2, 'db', '9800', 27),
(253, 81, 11, 1, 'db', '2500', 27),
(254, 81, 12, 8, 'db', '1500', 27),
(255, 81, 18, 1, 'db', '3500', 27),
(256, 82, 3, 2, 'db', '10000', 27),
(257, 83, 3, 2, 'db', '10000', 27),
(258, 84, 7, 1, 'db', '7500', 27),
(259, 85, 6, 1, 'db', '6250', 27),
(260, 86, 3, 2, 'db', '10000', 27),
(261, 86, 7, 2, 'db', '7500', 27),
(262, 86, 16, 1, 'db', '1500', 27),
(263, 86, 18, 1, 'db', '3500', 27),
(264, 87, 4, 4, 'db', '3500', 27),
(265, 88, 2, 1, 'db', '14500', 27),
(266, 88, 8, 1, 'db', '8200', 27),
(267, 88, 10, 2, 'db', '2500', 27),
(268, 88, 13, 2, 'db', '3000', 27),
(269, 89, 19, 1, 'db', '19900', 27),
(270, 90, 1, 3, 'db', '3000', 27),
(271, 90, 10, 4, 'db', '2500', 27),
(272, 90, 12, 2, 'db', '1500', 27),
(273, 90, 14, 2, 'db', '5500', 27),
(274, 90, 18, 1, 'db', '3500', 27),
(275, 90, 19, 4, 'db', '19900', 27),
(276, 90, 20, 2, 'db', '600', 27),
(277, 91, 5, 5, 'db', '4000', 27),
(278, 92, 13, 3, 'db', '3000', 27),
(279, 92, 15, 2, 'db', '6000', 27),
(280, 93, 1, 2, 'db', '3000', 27),
(281, 93, 6, 1, 'db', '6250', 27),
(282, 93, 11, 2, 'db', '2500', 27),
(283, 93, 16, 1, 'db', '1500', 27),
(284, 93, 20, 2, 'db', '600', 27),
(285, 94, 10, 1, 'db', '2500', 27),
(286, 94, 12, 4, 'db', '1500', 27),
(287, 95, 18, 2, 'db', '3500', 27),
(288, 96, 2, 1, 'db', '14500', 27),
(289, 96, 18, 1, 'db', '3500', 27),
(290, 97, 8, 2, 'db', '8200', 27),
(291, 97, 9, 3, 'db', '1200', 27),
(292, 97, 17, 2, 'db', '9800', 27),
(293, 98, 1, 4, 'db', '3000', 27),
(294, 98, 3, 2, 'db', '10000', 27),
(295, 98, 5, 4, 'db', '4000', 27),
(296, 98, 6, 2, 'db', '6250', 27),
(297, 98, 9, 2, 'db', '1200', 27),
(298, 98, 10, 3, 'db', '2500', 27),
(299, 98, 13, 3, 'db', '3000', 27),
(300, 98, 15, 1, 'db', '6000', 27),
(301, 98, 16, 1, 'db', '1500', 27),
(302, 98, 18, 5, 'db', '3500', 27),
(303, 98, 19, 1, 'db', '19900', 27),
(304, 99, 3, 1, 'db', '10000', 27),
(305, 99, 14, 2, 'db', '5500', 27),
(306, 100, 6, 2, 'db', '6250', 27),
(307, 100, 7, 1, 'db', '7500', 27),
(308, 101, 3, 2, 'db', '10000', 27),
(309, 101, 11, 5, 'db', '2500', 27),
(310, 101, 14, 2, 'db', '5500', 27),
(311, 102, 6, 2, 'db', '6250', 27),
(312, 102, 7, 1, 'db', '7500', 27),
(313, 102, 8, 2, 'db', '8200', 27),
(314, 102, 11, 4, 'db', '2500', 27),
(315, 102, 13, 1, 'db', '3000', 27),
(316, 102, 15, 3, 'db', '6000', 27),
(317, 102, 16, 1, 'db', '1500', 27),
(318, 103, 3, 1, 'db', '10000', 27),
(319, 103, 19, 2, 'db', '19900', 27),
(320, 104, 9, 1, 'db', '1200', 27),
(321, 104, 10, 4, 'db', '2500', 27),
(322, 104, 12, 6, 'db', '1500', 27),
(323, 104, 14, 3, 'db', '5500', 27),
(324, 104, 19, 1, 'db', '19900', 27),
(325, 105, 3, 4, 'db', '10000', 27),
(326, 105, 5, 2, 'db', '4000', 27),
(327, 105, 9, 2, 'db', '1200', 27),
(328, 105, 13, 3, 'db', '3000', 27),
(329, 105, 15, 3, 'db', '6000', 27),
(330, 106, 2, 2, 'db', '14500', 27),
(331, 106, 11, 8, 'db', '2500', 27),
(332, 106, 13, 2, 'db', '3000', 27),
(333, 106, 17, 1, 'db', '9800', 27),
(334, 107, 6, 2, 'db', '6250', 27),
(335, 107, 8, 2, 'db', '8200', 27),
(336, 107, 17, 1, 'db', '9800', 27),
(337, 107, 20, 5, 'db', '600', 27),
(338, 108, 2, 1, 'db', '14500', 27),
(339, 108, 8, 1, 'db', '8200', 27),
(340, 108, 14, 1, 'db', '5500', 27),
(341, 108, 17, 1, 'db', '9800', 27),
(342, 109, 5, 5, 'db', '4000', 27),
(343, 110, 2, 1, 'db', '14500', 27),
(344, 110, 19, 2, 'db', '19900', 27),
(345, 111, 2, 1, 'db', '14500', 27),
(346, 111, 7, 1, 'db', '7500', 27),
(347, 111, 8, 1, 'db', '8200', 27),
(348, 111, 17, 2, 'db', '9800', 27),
(349, 112, 7, 2, 'db', '7500', 27),
(350, 112, 8, 1, 'db', '8200', 27),
(351, 112, 18, 3, 'db', '3500', 27),
(352, 112, 20, 5, 'db', '600', 27),
(353, 113, 8, 1, 'db', '8200', 27),
(354, 114, 16, 3, 'db', '1500', 27),
(355, 115, 13, 2, 'db', '3000', 27),
(356, 116, 1, 4, 'db', '3000', 27),
(357, 116, 9, 3, 'db', '1200', 27),
(358, 116, 11, 3, 'db', '2500', 27),
(359, 117, 4, 2, 'db', '3500', 27),
(360, 117, 5, 3, 'db', '4000', 27),
(361, 117, 9, 2, 'db', '1200', 27),
(362, 118, 2, 1, 'db', '14500', 27),
(363, 118, 4, 5, 'db', '3500', 27),
(364, 118, 10, 5, 'db', '2500', 27),
(365, 118, 15, 2, 'db', '6000', 27),
(366, 118, 19, 2, 'db', '19900', 27),
(367, 119, 13, 1, 'db', '3000', 27),
(368, 120, 13, 3, 'db', '3000', 27),
(369, 120, 17, 1, 'db', '9800', 27),
(370, 120, 19, 3, 'db', '19900', 27),
(371, 121, 3, 1, 'db', '10000', 27),
(372, 121, 5, 5, 'db', '4000', 27),
(373, 121, 7, 2, 'db', '7500', 27),
(374, 121, 8, 1, 'db', '8200', 27),
(375, 121, 15, 1, 'db', '6000', 27),
(376, 121, 16, 1, 'db', '1500', 27),
(377, 122, 3, 1, 'db', '10000', 27),
(378, 122, 15, 2, 'db', '6000', 27),
(379, 122, 16, 1, 'db', '1500', 27),
(380, 123, 8, 2, 'db', '8200', 27),
(381, 124, 1, 4, 'db', '3000', 27),
(382, 124, 6, 1, 'db', '6250', 27),
(383, 124, 17, 2, 'db', '9800', 27),
(384, 125, 5, 3, 'db', '4000', 27),
(385, 125, 15, 2, 'db', '6000', 27),
(386, 126, 16, 4, 'db', '1500', 27),
(387, 127, 1, 1, 'db', '3000', 27),
(388, 127, 3, 1, 'db', '10000', 27),
(389, 127, 4, 7, 'db', '3500', 27),
(390, 128, 15, 1, 'db', '6000', 27),
(391, 129, 20, 1, 'db', '600', 27),
(392, 130, 2, 2, 'db', '14500', 27),
(393, 131, 4, 3, 'db', '3500', 27),
(394, 131, 13, 2, 'db', '3000', 27),
(395, 131, 17, 1, 'db', '9800', 27),
(396, 131, 19, 2, 'db', '19900', 27),
(397, 132, 17, 2, 'db', '9800', 27),
(398, 133, 16, 1, 'db', '1500', 27),
(399, 134, 11, 3, 'db', '2500', 27),
(400, 134, 16, 4, 'db', '1500', 27),
(401, 135, 15, 2, 'db', '6000', 27),
(402, 136, 3, 1, 'db', '10000', 27),
(403, 136, 6, 1, 'db', '6250', 27),
(404, 136, 11, 3, 'db', '2500', 27),
(405, 136, 13, 3, 'db', '3000', 27),
(406, 136, 14, 2, 'db', '5500', 27),
(407, 136, 18, 1, 'db', '3500', 27),
(408, 136, 19, 3, 'db', '19900', 27),
(409, 136, 20, 2, 'db', '600', 27),
(410, 137, 8, 1, 'db', '8200', 27),
(411, 137, 10, 2, 'db', '2500', 27),
(412, 138, 2, 1, 'db', '14500', 27),
(413, 138, 4, 4, 'db', '3500', 27),
(414, 138, 6, 1, 'db', '6250', 27),
(415, 138, 7, 1, 'db', '7500', 27),
(416, 138, 8, 1, 'db', '8200', 27),
(417, 139, 18, 2, 'db', '3500', 27),
(418, 140, 9, 3, 'db', '1200', 27),
(419, 141, 1, 2, 'db', '3000', 27),
(420, 141, 3, 1, 'db', '10000', 27),
(421, 141, 5, 2, 'db', '4000', 27),
(422, 141, 8, 2, 'db', '8200', 27),
(423, 142, 16, 1, 'db', '1500', 27),
(424, 143, 2, 2, 'db', '14500', 27),
(425, 143, 9, 4, 'db', '1200', 27),
(426, 144, 3, 2, 'db', '10000', 27),
(427, 144, 9, 4, 'db', '1200', 27),
(428, 144, 14, 5, 'db', '5500', 27),
(429, 145, 14, 2, 'db', '5500', 27),
(430, 146, 3, 1, 'db', '10000', 27),
(431, 146, 7, 2, 'db', '7500', 27),
(432, 146, 8, 1, 'db', '8200', 27),
(433, 146, 12, 14, 'db', '1500', 27),
(434, 146, 13, 2, 'db', '3000', 27),
(435, 146, 18, 2, 'db', '3500', 27),
(436, 146, 20, 4, 'db', '600', 27),
(437, 147, 7, 2, 'db', '7500', 27),
(438, 147, 9, 2, 'db', '1200', 27),
(439, 147, 10, 4, 'db', '2500', 27),
(440, 147, 12, 1, 'db', '1500', 27),
(441, 147, 20, 5, 'db', '600', 27),
(442, 148, 3, 1, 'db', '10000', 27),
(443, 148, 16, 1, 'db', '1500', 27),
(444, 149, 14, 2, 'db', '5500', 27),
(445, 150, 1, 6, 'db', '3000', 27),
(446, 150, 2, 1, 'db', '14500', 27),
(447, 150, 4, 1, 'db', '3500', 27),
(448, 150, 5, 2, 'db', '4000', 27),
(449, 150, 9, 4, 'db', '1200', 27),
(450, 150, 11, 4, 'db', '2500', 27),
(451, 150, 12, 8, 'db', '1500', 27),
(452, 150, 15, 2, 'db', '6000', 27),
(453, 150, 16, 2, 'db', '1500', 27),
(454, 150, 18, 2, 'db', '3500', 27),
(455, 150, 19, 1, 'db', '19900', 27),
(456, 151, 3, 1, 'db', '10000', 27),
(457, 151, 13, 3, 'db', '3000', 27),
(458, 152, 18, 1, 'db', '3500', 27),
(459, 153, 5, 5, 'db', '4000', 27),
(460, 153, 6, 2, 'db', '6250', 27),
(461, 153, 10, 1, 'db', '2500', 27),
(462, 153, 15, 3, 'db', '6000', 27),
(463, 153, 18, 1, 'db', '3500', 27),
(464, 154, 1, 1, 'db', '3000', 27),
(465, 155, 17, 2, 'db', '9800', 27),
(466, 156, 11, 4, 'db', '2500', 27),
(467, 157, 20, 2, 'db', '600', 27),
(468, 158, 3, 2, 'db', '10000', 27),
(469, 158, 13, 2, 'db', '3000', 27),
(470, 159, 1, 3, 'db', '3000', 27),
(471, 159, 19, 6, 'db', '19900', 27),
(472, 160, 5, 4, 'db', '4000', 27),
(473, 161, 8, 2, 'db', '8200', 27),
(474, 161, 9, 1, 'db', '1200', 27),
(475, 162, 2, 2, 'db', '14500', 27),
(476, 162, 8, 3, 'db', '8200', 27),
(477, 162, 11, 2, 'db', '2500', 27),
(478, 163, 1, 2, 'db', '3000', 27),
(479, 163, 20, 1, 'db', '600', 27),
(480, 164, 13, 2, 'db', '3000', 27),
(481, 165, 9, 4, 'db', '1200', 27),
(482, 166, 3, 2, 'db', '10000', 27),
(483, 166, 9, 1, 'db', '1200', 27),
(484, 166, 12, 2, 'db', '1500', 27),
(485, 167, 2, 2, 'db', '14500', 27),
(486, 167, 3, 2, 'db', '10000', 27),
(487, 167, 11, 1, 'db', '2500', 27),
(488, 167, 17, 5, 'db', '9800', 27),
(489, 167, 19, 2, 'db', '19900', 27),
(490, 168, 4, 4, 'db', '3500', 27),
(491, 168, 9, 4, 'db', '1200', 27),
(492, 168, 11, 1, 'db', '2500', 27),
(493, 168, 15, 2, 'db', '6000', 27),
(494, 168, 17, 2, 'db', '9800', 27),
(495, 169, 10, 1, 'db', '2500', 27),
(496, 170, 17, 1, 'db', '9800', 27),
(497, 171, 6, 2, 'db', '6250', 27),
(498, 171, 8, 2, 'db', '8200', 27),
(499, 171, 17, 2, 'db', '9800', 27),
(500, 172, 2, 1, 'db', '14500', 27),
(501, 172, 4, 3, 'db', '3500', 27),
(502, 172, 6, 1, 'db', '6250', 27),
(503, 173, 6, 1, 'db', '6250', 27),
(504, 174, 3, 2, 'db', '10000', 27),
(505, 174, 11, 4, 'db', '2500', 27),
(506, 174, 13, 2, 'db', '3000', 27),
(507, 174, 16, 1, 'db', '1500', 27),
(508, 175, 4, 3, 'db', '3500', 27),
(509, 175, 5, 3, 'db', '4000', 27),
(510, 175, 6, 2, 'db', '6250', 27),
(511, 175, 10, 4, 'db', '2500', 27),
(512, 175, 15, 3, 'db', '6000', 27),
(513, 176, 6, 2, 'db', '6250', 27),
(514, 176, 7, 2, 'db', '7500', 27),
(515, 176, 12, 2, 'db', '1500', 27),
(516, 177, 2, 2, 'db', '14500', 27),
(517, 177, 11, 4, 'db', '2500', 27),
(518, 177, 13, 3, 'db', '3000', 27),
(519, 177, 18, 2, 'db', '3500', 27),
(520, 177, 19, 1, 'db', '19900', 27),
(521, 178, 2, 1, 'db', '14500', 27),
(522, 178, 9, 3, 'db', '1200', 27),
(523, 179, 15, 1, 'db', '6000', 27),
(524, 180, 3, 1, 'db', '10000', 27),
(525, 181, 7, 2, 'db', '7500', 27),
(526, 181, 10, 3, 'db', '2500', 27),
(527, 182, 2, 2, 'db', '14500', 27),
(528, 182, 4, 4, 'db', '3500', 27),
(529, 182, 9, 3, 'db', '1200', 27),
(530, 182, 19, 2, 'db', '19900', 27),
(531, 182, 20, 3, 'db', '600', 27),
(532, 183, 1, 4, 'db', '3000', 27),
(533, 184, 13, 1, 'db', '3000', 27),
(534, 185, 3, 1, 'db', '10000', 27),
(535, 185, 9, 3, 'db', '1200', 27),
(536, 185, 12, 8, 'db', '1500', 27),
(537, 185, 17, 2, 'db', '9800', 27),
(538, 186, 7, 1, 'db', '7500', 27),
(539, 186, 9, 2, 'db', '1200', 27),
(540, 186, 15, 2, 'db', '6000', 27),
(541, 187, 7, 1, 'db', '7500', 27),
(542, 187, 11, 1, 'db', '2500', 27),
(543, 188, 1, 3, 'db', '3000', 27),
(544, 188, 11, 1, 'db', '2500', 27),
(545, 189, 1, 4, 'db', '3000', 27),
(546, 189, 7, 1, 'db', '7500', 27),
(547, 189, 11, 6, 'db', '2500', 27),
(548, 189, 13, 1, 'db', '3000', 27),
(549, 189, 16, 2, 'db', '1500', 27),
(550, 190, 16, 3, 'db', '1500', 27),
(551, 190, 17, 1, 'db', '9800', 27),
(552, 191, 11, 3, 'db', '2500', 27),
(553, 191, 13, 1, 'db', '3000', 27),
(554, 192, 2, 2, 'db', '14500', 27),
(555, 192, 17, 1, 'db', '9800', 27),
(556, 193, 12, 6, 'db', '1500', 27),
(557, 194, 16, 3, 'db', '1500', 27),
(558, 195, 4, 1, 'db', '3500', 27),
(559, 195, 13, 2, 'db', '3000', 27),
(560, 195, 17, 2, 'db', '9800', 27),
(561, 195, 19, 3, 'db', '19900', 27),
(562, 196, 6, 3, 'db', '6250', 27),
(563, 196, 20, 3, 'db', '600', 27),
(564, 197, 6, 1, 'db', '6250', 27),
(565, 198, 3, 2, 'db', '10000', 27),
(566, 198, 12, 2, 'db', '1500', 27),
(567, 198, 18, 1, 'db', '3500', 27),
(568, 199, 15, 1, 'db', '6000', 27),
(569, 199, 20, 5, 'db', '600', 27),
(570, 200, 1, 2, 'db', '3000', 27),
(571, 200, 9, 1, 'db', '1200', 27);

-- --------------------------------------------------------

--
-- Table structure for table `termekek`
--

CREATE TABLE `termekek` (
  `id` int(11) NOT NULL,
  `megnevezes` varchar(40) COLLATE utf8mb4_hungarian_ci NOT NULL,
  `ar` decimal(10,0) DEFAULT NULL
) ENGINE=InnoDB DEFAULT CHARSET=utf8mb4 COLLATE=utf8mb4_hungarian_ci;

--
-- Dumping data for table `termekek`
--

INSERT INTO `termekek` (`id`, `megnevezes`, `ar`) VALUES
(1, 'Póló', '3000'),
(2, 'Szabadidő felső', '13775'),
(3, 'Vásárlási utalvány', '9500'),
(4, 'Sál', '3500'),
(5, 'Galléros póló', '4000'),
(6, 'Szabadidő alsó', '5938'),
(7, 'Hátizsák', '7125'),
(8, 'Táska', '7790'),
(9, 'Kulacs', '1200'),
(10, 'Korsó', '2500'),
(11, 'Bögre', '2500'),
(12, 'Kulcstartó', '1500'),
(13, 'Téli sapka', '3000'),
(14, 'Baseball sapka', '5225'),
(15, 'Törölköző', '5700'),
(16, 'Hűtőmágnes', '1500'),
(17, 'Kapucnis pulóver', '9310'),
(18, 'Esernyő', '3500'),
(19, 'Hivatalos mez', '18905'),
(20, 'Sörnyitó', '600');

-- --------------------------------------------------------

--
-- Table structure for table `vevok`
--

CREATE TABLE `vevok` (
  `id` int(11) NOT NULL,
  `nev` varchar(100) COLLATE utf8mb4_hungarian_ci NOT NULL,
  `iranyitoszam` varchar(4) COLLATE utf8mb4_hungarian_ci DEFAULT NULL,
  `telepules` varchar(50) COLLATE utf8mb4_hungarian_ci DEFAULT NULL,
  `utcahazszam` varchar(100) COLLATE utf8mb4_hungarian_ci DEFAULT NULL
) ENGINE=InnoDB DEFAULT CHARSET=utf8mb4 COLLATE=utf8mb4_hungarian_ci;

--
-- Dumping data for table `vevok`
--

INSERT INTO `vevok` (`id`, `nev`, `iranyitoszam`, `telepules`, `utcahazszam`) VALUES
(1, 'Varga Csaba', '8100', 'Várpalota', 'Móricz Zsigmond utca 2.'),
(2, 'Takács László', '2370', 'Dabas', 'Berzsenyi Dániel utca 32.'),
(3, 'Horváth Lajos', '7621', 'Pécs', 'Március 15. utca 62.'),
(4, 'Török Anikó', '6100', 'Kiskunfélegyháza', 'Bem József utca 98.'),
(5, 'Tóth Viktória', '2840', 'Oroszlány', 'Vörösmarty Mihály utca 93.'),
(6, 'Kovács János', '2013', 'Pomáz', 'Pöltenberg Ernő utca 78.'),
(7, 'Török Krisztián', '2120', 'Dunakeszi', 'Puskás Ferenc utca 11.'),
(8, 'Kelemen Éva', '5300', 'Karcag', 'Czuczor Gergely utca 73.'),
(9, 'Török Tibor', '4400', 'Nyíregyháza', 'Örkény István utca 67.'),
(10, 'Fodor Ildikó', '5630', 'Békés', 'Örkény István utca 43.'),
(11, 'Nagy Ágnes', '2200', 'Monor', 'Radnóti Miklós utca 6.'),
(12, 'Török Andrea', '6900', 'Makó', 'Neumann János utca 8.'),
(13, 'Nagy Krisztián', '4002', 'Debrecen', 'Blaha Lujza utca 39.'),
(14, 'Papp Krisztián', '2112', 'Veresegyház', 'Pöltenberg Ernő utca 83.'),
(15, 'Balogh Éva', '2119', 'Pécel', 'Dobos István utca 28.'),
(16, 'Fazekas Lajos', '3700', 'Kazincbarcika', 'Álmos vezér utca 28.'),
(17, 'Farkas Andrea', '2330', 'Dunaharaszti', 'Tamási Áron utca 23.'),
(18, 'Mészáros Tibor', '4080', 'Hajdúnánás', 'Karinthy Frigyes utca 49.'),
(19, 'Sándor András', '8900', 'Zalaegerszeg', 'Örkény István utca 3.'),
(20, 'Szalai Mónika', '5540', 'Szarvas', 'Berzsenyi Dániel utca 86.'),
(21, 'Fazekas Lajos', '7200', 'Dombóvár', 'Kosztolányi Dezső utca 87.'),
(22, 'Lukács Erzsébet', '6720', 'Szeged', 'Rejtő Jenő utca 23.'),
(23, 'Sipos Mária', '9200', 'Mosonmagyaróvár', 'Széchenyi István utca 70.'),
(24, 'Lakatos Mihály', '2840', 'Oroszlány', 'Hét vezér utca 6.'),
(25, 'Antal Edit', '2000', 'Szentendre', 'Kassák Lajos utca 62.'),
(26, 'Nagy Eszter', '2400', 'Dunaújváros', 'Czuczor Gergely utca 3.'),
(27, 'Molnár Mária', '8800', 'Nagykanizsa', 'Neumann János utca 36.'),
(28, 'Magyar Mária', '6300', 'Kalocsa', 'Krúdy Gyula utca 35.'),
(29, 'Fekete Ágnes', '2310', 'Szigetszentmiklós', 'Tóth Árpád utca 2.'),
(30, 'Török Ildikó', '3580', 'Tiszaújváros', 'Hét vezér utca 78.'),
(31, 'Somogyi Erzsébet', '5630', 'Békés', 'Jókai Mór utca 53.'),
(32, 'Fodor Eszter', '6640', 'Csongrád', 'Március 15. utca 72.'),
(33, 'Szilágyi Csaba', '3580', 'Tiszaújváros', 'Március 15. utca 37.'),
(34, 'Szalai Krisztián', '8100', 'Várpalota', 'Dobos István utca 59.'),
(35, 'Hegedűs Krisztián', '9200', 'Mosonmagyaróvár', 'Kosztolányi Dezső utca 73.'),
(36, 'Antal Éva', '6300', 'Kalocsa', 'Hét vezér utca 3.'),
(37, 'Tóth Norbert', '3300', 'Eger', 'Rejtő Jenő utca 16.'),
(38, 'Kiss Szabolcs', '2900', 'Komárom', 'Vörösmarty Mihály utca 92.'),
(39, 'Kelemen Zsuzsanna', '5900', 'Orosháza', 'Vécsey Károly utca 9.'),
(40, 'Papp Péter', '2500', 'Esztergom', 'Munkácsy Mihály utca 49.'),
(41, 'Somogyi Andrea', '3400', 'Mezőkövesd', 'Bánki Donát utca 90.'),
(42, 'Szűcs Katalin', '2890', 'Tata', 'Rákóczi Ferenc utca 51.'),
(43, 'Papp Krisztián', '4060', 'Balmazújváros', 'Balassi Bálint utca 76.'),
(44, 'Kovács Mária', '2400', 'Dunaújváros', 'Liszt Ferenc utca 19.'),
(45, 'Fekete Tamás', '2220', 'Vecsés', 'Blaha Lujza utca 59.'),
(46, 'Török Judit', '2112', 'Veresegyház', 'Radnóti Miklós utca 6.'),
(47, 'Juhász László', '3400', 'Mezőkövesd', 'Toldi Miklós utca 8.'),
(48, 'Pintér Norbert', '5200', 'Törökszentmiklós', 'Puskás Tivadar utca 14.'),
(49, 'Kelemen Éva', '8900', 'Zalaegerszeg', 'Balázs Béla utca 36.'),
(50, 'Papp Károly', '7700', 'Mohács', 'Czuczor Gergely utca 1.'),
(51, 'Fazekas Krisztina', '2600', 'Vác', 'Blaha Lujza utca 72.'),
(52, 'Kelemen Károly', '4400', 'Nyíregyháza', 'Puskás Ferenc utca 83.'),
(53, 'Boros Péter', '2310', 'Szigetszentmiklós', 'Szent István utca 31.'),
(54, 'Lakatos Szabolcs', '9700', 'Szombathely', 'Bánki Donát utca 41.'),
(55, 'Juhász Róbert', '2600', 'Vác', 'Balassi Bálint utca 37.'),
(56, 'Deák János', '2119', 'Pécel', 'Jedlik Ányos utca 58.'),
(57, 'Horváth Katalin', '2900', 'Komárom', 'Illyés Gyula utca 64.'),
(58, 'Papp Eszter', '5300', 'Karcag', 'István király utca 28.'),
(59, 'Sipos Katalin', '5900', 'Orosháza', 'Puskás Ferenc utca 75.'),
(60, 'Varga István', '6300', 'Kalocsa', 'Bartók Béla utca 80.'),
(61, 'Tóth István', '4700', 'Mátészalka', 'Bocskai István utca 49.'),
(62, 'Balázs Andrea', '8600', 'Siófok', 'Örkény István utca 53.'),
(63, 'Németh István', '2400', 'Dunaújváros', 'Jászai Mari utca 25.'),
(64, 'Gál János', '2660', 'Balassagyarmat', 'Tóth Árpád utca 50.'),
(65, 'Balázs János', '9021', 'Győr', 'Szilágyi Erzsébet utca 21.'),
(66, 'Hegedűs Norbert', '9400', 'Sopron', 'Árpád fejedelem utca 42.'),
(67, 'Kocsis Mária', '7300', 'Komló', 'Kassák Lajos utca 85.'),
(68, 'Fodor Szilvia', '2120', 'Dunakeszi', 'Gábor Áron utca 4.'),
(69, 'Bíró Mária', '8500', 'Pápa', 'Szabó Lőrinc utca 59.'),
(70, 'Balogh Attila', '6720', 'Szeged', 'Kölcsey Ferenc utca 43.'),
(71, 'Balogh Edit', '2100', 'Gödöllő', 'Szabó Lőrinc utca 33.'),
(72, 'Fehér Sándor', '7621', 'Pécs', 'Tóth Árpád utca 95.'),
(73, 'Lakatos Edit', '7621', 'Pécs', 'Szilágyi Erzsébet utca 44.'),
(74, 'Varga Viktória', '5700', 'Gyula', 'Blaha Lujza utca 38.'),
(75, 'Mészáros Éva', '5900', 'Orosháza', 'Katona József utca 46.'),
(76, 'László Károly', '2400', 'Dunaújváros', 'Pöltenberg Ernő utca 73.'),
(77, 'Mészáros Zsuzsanna', '9021', 'Győr', 'Dobos István utca 17.'),
(78, 'Antal Andrea', '4002', 'Debrecen', 'Bethlen Gábor utca 95.'),
(79, 'Lukács Ágnes', '2800', 'Tatabánya', 'Czuczor Gergely utca 5.'),
(80, 'Szilágyi Erzsébet', '4002', 'Debrecen', 'Ady Endre utca 17.'),
(81, 'Gál Andrea', '2230', 'Gyömrő', 'Karinthy Frigyes utca 13.'),
(82, 'Simon Zsuzsanna', '6800', 'Hódmezővásárhely', 'Március 15. utca 18.'),
(83, 'Nagy Edit', '2000', 'Szentendre', 'Tóth Árpád utca 27.'),
(84, 'Nagy Tibor', '2310', 'Szigetszentmiklós', 'Liszt Ferenc utca 95.'),
(85, 'Somogyi Judit', '5000', 'Szolnok', 'Mikes Kelemen utca 84.'),
(86, 'Szalai István', '8500', 'Pápa', 'Berzsenyi Dániel utca 16.'),
(87, 'Fülöp Gyula', '2500', 'Esztergom', 'József Attila utca 58.'),
(88, 'Hegedűs Viktória', '2230', 'Gyömrő', 'Pázmány Péter utca 49.'),
(89, 'Hegedűs Andrea', '8600', 'Siófok', 'Álmos vezér utca 51.'),
(90, 'Szűcs Mihály', '7200', 'Dombóvár', 'Hét vezér utca 94.'),
(91, 'Lengyel Ferenc', '5300', 'Karcag', 'István király utca 98.'),
(92, 'Sándor Zsolt', '5900', 'Orosháza', 'Czuczor Gergely utca 28.'),
(93, 'Tóth András', '7400', 'Kaposvár', 'Balassi Bálint utca 79.'),
(94, 'Bíró Tibor', '2030', 'Érd', 'Kandó Kálmán utca 88.'),
(95, 'Lakatos Szilvia', '8500', 'Pápa', 'Szabó Lőrinc utca 3.'),
(96, 'Antal Anikó', '4080', 'Hajdúnánás', 'Rákóczi Ferenc utca 71.'),
(97, 'Szűcs Balázs', '5630', 'Békés', 'Szilágyi Erzsébet utca 30.'),
(98, 'Balázs Anita', '7300', 'Komló', 'Gábor Áron utca 84.'),
(99, 'Sipos Katalin', '4220', 'Hajdúböszörmény', 'Ady Endre utca 20.'),
(100, 'Szűcs Gabriella', '3300', 'Eger', 'Juhász Gyula utca 8.');

--
-- Indexes for dumped tables
--

--
-- Indexes for table `szamlafej`
--
ALTER TABLE `szamlafej`
  ADD PRIMARY KEY (`id`),
  ADD UNIQUE KEY `szamlaszam` (`szamlaszam`),
  ADD KEY `vevoid` (`vevoid`);

--
-- Indexes for table `szamlatetel`
--
ALTER TABLE `szamlatetel`
  ADD PRIMARY KEY (`id`),
  ADD KEY `szamlafejid` (`szamlafejid`),
  ADD KEY `termekid` (`termekid`);

--
-- Indexes for table `termekek`
--
ALTER TABLE `termekek`
  ADD PRIMARY KEY (`id`),
  ADD UNIQUE KEY `megnevezes` (`megnevezes`);

--
-- Indexes for table `vevok`
--
ALTER TABLE `vevok`
  ADD PRIMARY KEY (`id`);

--
-- AUTO_INCREMENT for dumped tables
--

--
-- AUTO_INCREMENT for table `szamlafej`
--
ALTER TABLE `szamlafej`
  MODIFY `id` int(11) NOT NULL AUTO_INCREMENT, AUTO_INCREMENT=201;

--
-- AUTO_INCREMENT for table `szamlatetel`
--
ALTER TABLE `szamlatetel`
  MODIFY `id` int(11) NOT NULL AUTO_INCREMENT, AUTO_INCREMENT=572;

--
-- AUTO_INCREMENT for table `termekek`
--
ALTER TABLE `termekek`
  MODIFY `id` int(11) NOT NULL AUTO_INCREMENT, AUTO_INCREMENT=21;

--
-- AUTO_INCREMENT for table `vevok`
--
ALTER TABLE `vevok`
  MODIFY `id` int(11) NOT NULL AUTO_INCREMENT, AUTO_INCREMENT=101;

--
-- Constraints for dumped tables
--

--
-- Constraints for table `szamlafej`
--
ALTER TABLE `szamlafej`
  ADD CONSTRAINT `szamlafej_ibfk_1` FOREIGN KEY (`vevoid`) REFERENCES `vevok` (`id`) ON DELETE CASCADE ON UPDATE CASCADE;

--
-- Constraints for table `szamlatetel`
--
ALTER TABLE `szamlatetel`
  ADD CONSTRAINT `szamlatetel_ibfk_1` FOREIGN KEY (`szamlafejid`) REFERENCES `szamlafej` (`id`) ON DELETE CASCADE ON UPDATE CASCADE,
  ADD CONSTRAINT `szamlatetel_ibfk_2` FOREIGN KEY (`termekid`) REFERENCES `termekek` (`id`) ON DELETE CASCADE ON UPDATE CASCADE;
COMMIT;

/*!40101 SET CHARACTER_SET_CLIENT=@OLD_CHARACTER_SET_CLIENT */;
/*!40101 SET CHARACTER_SET_RESULTS=@OLD_CHARACTER_SET_RESULTS */;
/*!40101 SET COLLATION_CONNECTION=@OLD_COLLATION_CONNECTION */;
